# project  configured on Sat Mar 29 17:36:59 2025 by
# waf 2.1.4 (abi 20, python 30915f0 on linux)
# using waf configure --install_all_deps --extra_lib=m
#
----------------------------------------
Setting top to
/share/home/e6a000516/pp643/COBAYA/cobaya-1/code/planck/clik-main
----------------------------------------
Setting out to
/share/home/e6a000516/pp643/COBAYA/cobaya-1/code/planck/clik-main/build
----------------------------------------
get clik version
clik_16.0b1-12-gcde855c6debd
----------------------------------------
Checking for program 'gcc, cc'
/share/home/apps/gcc/11.3.0/bin/gcc
find program=['gcc', 'cc'] paths=['/share/home/e6a000516/.conda/envs/python-cobaya/bin', '/share/home/apps/miniforge/miniforge3/condabin', '/share/home/e6a000516/pp643/MONTEPYTHON/MontePython-main', '/share/home/e6a000516/pp643/sys/code/plc_3.0/plc-3.1/bin', '/share/home/apps/gcc/11.3.0/bin', '/share/home/apps/oneapi/2021.1/mpi/latest/libfabric/bin', '/share/home/apps/oneapi/2021.1/mpi/latest/bin', '/share/home/apps/oneapi/2021.1/debugger/latest/gdb/intel64/bin', '/share/home/apps/oneapi/2021.1/compiler/latest/linux/bin/intel64', '/share/home/apps/oneapi/2021.1/compiler/latest/linux/bin', '/share/home/apps/miniforge/miniforge3/bin', '/usr/lib64/qt-3.3/bin', '/opt/slurm/slurm/sbin', '/opt/slurm/slurm/bin', '/usr/local/bin', '/usr/bin', '/usr/local/sbin', '/usr/sbin', '/opt/ibutils/bin', '/share/home/e6a000516/.local/bin', '/share/home/e6a000516/bin'] var='CC' -> ['/share/home/apps/gcc/11.3.0/bin/gcc']
['/share/home/apps/gcc/11.3.0/bin/gcc', '-dM', '-E', '-']
out: #define __DBL_MIN_EXP__ (-1021)
#define __UINT_LEAST16_MAX__ 0xffff
#define __ATOMIC_ACQUIRE 2
#define __FLT128_MAX_10_EXP__ 4932
#define __FLT_MIN__ 1.17549435082228750796873653722224568e-38F
#define __GCC_IEC_559_COMPLEX 2
#define __UINT_LEAST8_TYPE__ unsigned char
#define __SIZEOF_FLOAT80__ 16
#define __INTMAX_C(c) c ## L
#define __CHAR_BIT__ 8
#define __UINT8_MAX__ 0xff
#define __SCHAR_WIDTH__ 8
#define __WINT_MAX__ 0xffffffffU
#define __FLT32_MIN_EXP__ (-125)
#define __ORDER_LITTLE_ENDIAN__ 1234
#define __SIZE_MAX__ 0xffffffffffffffffUL
#define __WCHAR_MAX__ 0x7fffffff
#define __GCC_HAVE_SYNC_COMPARE_AND_SWAP_1 1
#define __GCC_HAVE_SYNC_COMPARE_AND_SWAP_2 1
#define __GCC_HAVE_SYNC_COMPARE_AND_SWAP_4 1
#define __DBL_DENORM_MIN__ ((double)4.94065645841246544176568792868221372e-324L)
#define __GCC_HAVE_SYNC_COMPARE_AND_SWAP_8 1
#define __GCC_ATOMIC_CHAR_LOCK_FREE 2
#define __GCC_IEC_559 2
#define __FLT32X_DECIMAL_DIG__ 17
#define __FLT_EVAL_METHOD__ 0
#define __FLT64_DECIMAL_DIG__ 17
#define __GCC_ATOMIC_CHAR32_T_LOCK_FREE 2
#define __UINT_FAST64_MAX__ 0xffffffffffffffffUL
#define __SIG_ATOMIC_TYPE__ int
#define __DBL_MIN_10_EXP__ (-307)
#define __FINITE_MATH_ONLY__ 0
#define __FLT32X_MAX_EXP__ 1024
#define __FLT32_HAS_DENORM__ 1
#define __UINT_FAST8_MAX__ 0xff
#define __FLT32_MAX_10_EXP__ 38
#define __DEC64_MAX_EXP__ 385
#define __INT8_C(c) c
#define __INT_LEAST8_WIDTH__ 8
#define __UINT_LEAST64_MAX__ 0xffffffffffffffffUL
#define __SHRT_MAX__ 0x7fff
#define __LDBL_MAX__ 1.18973149535723176502126385303097021e+4932L
#define __FLT64X_MAX_10_EXP__ 4932
#define __LDBL_IS_IEC_60559__ 2
#define __FLT64X_HAS_QUIET_NAN__ 1
#define __UINT_LEAST8_MAX__ 0xff
#define __GCC_ATOMIC_BOOL_LOCK_FREE 2
#define __FLT128_DENORM_MIN__ 6.47517511943802511092443895822764655e-4966F128
#define __UINTMAX_TYPE__ long unsigned int
#define __linux 1
#define __DEC32_EPSILON__ 1E-6DF
#define __FLT_EVAL_METHOD_TS_18661_3__ 0
#define __unix 1
#define __UINT32_MAX__ 0xffffffffU
#define __FLT128_MIN_EXP__ (-16381)
#define __WINT_MIN__ 0U
#define __FLT128_MIN_10_EXP__ (-4931)
#define __FLT32X_IS_IEC_60559__ 2
#define __INT_LEAST16_WIDTH__ 16
#define __SCHAR_MAX__ 0x7f
#define __FLT128_MANT_DIG__ 113
#define __WCHAR_MIN__ (-__WCHAR_MAX__ - 1)
#define __INT64_C(c) c ## L
#define __GCC_ATOMIC_POINTER_LOCK_FREE 2
#define __FLT32X_MANT_DIG__ 53
#define __USER_LABEL_PREFIX__ 
#define __FLT64X_EPSILON__ 1.08420217248550443400745280086994171e-19F64x
#define __STDC_HOSTED__ 1
#define __DEC64_MIN_EXP__ (-382)
#define __DBL_DIG__ 15
#define __FLT32_DIG__ 6
#define __FLT_EPSILON__ 1.19209289550781250000000000000000000e-7F
#define __SHRT_WIDTH__ 16
#define __FLT32_IS_IEC_60559__ 2
#define __LDBL_MIN__ 3.36210314311209350626267781732175260e-4932L
#define __STDC_UTF_16__ 1
#define __DBL_IS_IEC_60559__ 2
#define __DEC32_MAX__ 9.999999E96DF
#define __FLT64X_DENORM_MIN__ 3.64519953188247460252840593361941982e-4951F64x
#define __FLT32X_HAS_INFINITY__ 1
#define __INT32_MAX__ 0x7fffffff
#define __unix__ 1
#define __INT_WIDTH__ 32
#define __SIZEOF_LONG__ 8
#define __STDC_IEC_559__ 1
#define __STDC_ISO_10646__ 201103L
#define __UINT16_C(c) c
#define __DECIMAL_DIG__ 21
#define __STDC_IEC_559_COMPLEX__ 1
#define __FLT64_EPSILON__ 2.22044604925031308084726333618164062e-16F64
#define __gnu_linux__ 1
#define __FLT128_IS_IEC_60559__ 2
#define __FLT64X_MIN_10_EXP__ (-4931)
#define __LDBL_HAS_QUIET_NAN__ 1
#define __FLT64_MANT_DIG__ 53
#define __FLT64X_MANT_DIG__ 64
#define __GNUC__ 11
#define __MMX__ 1
#define __FLT_HAS_DENORM__ 1
#define __SIZEOF_LONG_DOUBLE__ 16
#define __BIGGEST_ALIGNMENT__ 16
#define __FLT64_MAX_10_EXP__ 308
#define __DBL_MAX__ ((double)1.79769313486231570814527423731704357e+308L)
#define __INT_FAST32_MAX__ 0x7fffffffffffffffL
#define __DBL_HAS_INFINITY__ 1
#define __SIZEOF_FLOAT__ 4
#define __HAVE_SPECULATION_SAFE_VALUE 1
#define __DEC32_MIN_EXP__ (-94)
#define __INTPTR_WIDTH__ 64
#define __FLT64X_HAS_INFINITY__ 1
#define __UINT_LEAST32_MAX__ 0xffffffffU
#define __FLT32X_HAS_DENORM__ 1
#define __INT_FAST16_TYPE__ long int
#define __MMX_WITH_SSE__ 1
#define __LDBL_HAS_DENORM__ 1
#define __FLT128_HAS_INFINITY__ 1
#define __DEC32_MIN__ 1E-95DF
#define __DBL_MAX_EXP__ 1024
#define __WCHAR_WIDTH__ 32
#define __FLT32_MAX__ 3.40282346638528859811704183484516925e+38F32
#define __DEC128_EPSILON__ 1E-33DL
#define __SSE2_MATH__ 1
#define __ATOMIC_HLE_RELEASE 131072
#define __PTRDIFF_MAX__ 0x7fffffffffffffffL
#define __amd64 1
#define __STDC_NO_THREADS__ 1
#define __ATOMIC_HLE_ACQUIRE 65536
#define __LONG_LONG_MAX__ 0x7fffffffffffffffLL
#define __SIZEOF_SIZE_T__ 8
#define __FLT64X_MIN_EXP__ (-16381)
#define __SIZEOF_WINT_T__ 4
#define __LONG_LONG_WIDTH__ 64
#define __FLT32_MAX_EXP__ 128
#define __GXX_ABI_VERSION 1016
#define __FLT_MIN_EXP__ (-125)
#define __GCC_HAVE_DWARF2_CFI_ASM 1
#define __INT16_MAX__ 0x7fff
#define __x86_64 1
#define __INT_FAST64_TYPE__ long int
#define __FLT64_DENORM_MIN__ 4.94065645841246544176568792868221372e-324F64
#define __DBL_MIN__ ((double)2.22507385850720138309023271733240406e-308L)
#define __FLT128_EPSILON__ 1.92592994438723585305597794258492732e-34F128
#define __FLT64X_NORM_MAX__ 1.18973149535723176502126385303097021e+4932F64x
#define __SIZEOF_POINTER__ 8
#define __LP64__ 1
#define __DBL_HAS_QUIET_NAN__ 1
#define __FLT32X_EPSILON__ 2.22044604925031308084726333618164062e-16F32x
#define __DECIMAL_BID_FORMAT__ 1
#define __FLT64_MIN_EXP__ (-1021)
#define __FLT64_MIN_10_EXP__ (-307)
#define __FLT64X_DECIMAL_DIG__ 21
#define __DEC128_MIN__ 1E-6143DL
#define __REGISTER_PREFIX__ 
#define __UINT16_MAX__ 0xffff
#define __DBL_HAS_DENORM__ 1
#define __LDBL_HAS_INFINITY__ 1
#define __FLT32_MIN__ 1.17549435082228750796873653722224568e-38F32
#define __UINT8_TYPE__ unsigned char
#define __FLT_DIG__ 6
#define __NO_INLINE__ 1
#define __DEC_EVAL_METHOD__ 2
#define __DEC128_MAX__ 9.999999999999999999999999999999999E6144DL
#define __FLT_MANT_DIG__ 24
#define __LDBL_DECIMAL_DIG__ 21
#define __VERSION__ "11.3.0"
#define __UINT64_C(c) c ## UL
#define _STDC_PREDEF_H 1
#define __INT_LEAST32_MAX__ 0x7fffffff
#define __GCC_ATOMIC_INT_LOCK_FREE 2
#define __FLT128_MAX_EXP__ 16384
#define __FLT32_MANT_DIG__ 24
#define __FLOAT_WORD_ORDER__ __ORDER_LITTLE_ENDIAN__
#define __FLT128_HAS_DENORM__ 1
#define __FLT32_DECIMAL_DIG__ 9
#define __FLT128_DIG__ 33
#define __INT32_C(c) c
#define __DEC64_EPSILON__ 1E-15DD
#define __ORDER_PDP_ENDIAN__ 3412
#define __DEC128_MIN_EXP__ (-6142)
#define __INT_FAST32_TYPE__ long int
#define __UINT_LEAST16_TYPE__ short unsigned int
#define unix 1
#define __SIZE_TYPE__ long unsigned int
#define __UINT64_MAX__ 0xffffffffffffffffUL
#define __FLT_IS_IEC_60559__ 2
#define __GNUC_WIDE_EXECUTION_CHARSET_NAME "UTF-32LE"
#define __FLT64X_DIG__ 18
#define __INT8_TYPE__ signed char
#define __ELF__ 1
#define __GCC_ASM_FLAG_OUTPUTS__ 1
#define __UINT32_TYPE__ unsigned int
#define __FLT_RADIX__ 2
#define __INT_LEAST16_TYPE__ short int
#define __LDBL_EPSILON__ 1.08420217248550443400745280086994171e-19L
#define __UINTMAX_C(c) c ## UL
#define __SSE_MATH__ 1
#define __k8 1
#define __FLT32X_MIN__ 2.22507385850720138309023271733240406e-308F32x
#define __SIG_ATOMIC_MAX__ 0x7fffffff
#define __GCC_ATOMIC_WCHAR_T_LOCK_FREE 2
#define __SIZEOF_PTRDIFF_T__ 8
#define __LDBL_DIG__ 18
#define __FLT64_IS_IEC_60559__ 2
#define __x86_64__ 1
#define __FLT32X_MIN_EXP__ (-1021)
#define __DEC32_SUBNORMAL_MIN__ 0.000001E-95DF
#define __INT_FAST16_MAX__ 0x7fffffffffffffffL
#define __FLT64_DIG__ 15
#define __UINT_FAST32_MAX__ 0xffffffffffffffffUL
#define __UINT_LEAST64_TYPE__ long unsigned int
#define __FLT_HAS_QUIET_NAN__ 1
#define __FLT_MAX_10_EXP__ 38
#define __LONG_MAX__ 0x7fffffffffffffffL
#define __FLT64X_HAS_DENORM__ 1
#define __DEC128_SUBNORMAL_MIN__ 0.000000000000000000000000000000001E-6143DL
#define __FLT_HAS_INFINITY__ 1
#define __GNUC_EXECUTION_CHARSET_NAME "UTF-8"
#define __UINT_FAST16_TYPE__ long unsigned int
#define __DEC64_MAX__ 9.999999999999999E384DD
#define __INT_FAST32_WIDTH__ 64
#define __CHAR16_TYPE__ short unsigned int
#define __PRAGMA_REDEFINE_EXTNAME 1
#define __SIZE_WIDTH__ 64
#define __SEG_FS 1
#define __INT_LEAST16_MAX__ 0x7fff
#define __DEC64_MANT_DIG__ 16
#define __INT64_MAX__ 0x7fffffffffffffffL
#define __SEG_GS 1
#define __FLT32_DENORM_MIN__ 1.40129846432481707092372958328991613e-45F32
#define __SIG_ATOMIC_WIDTH__ 32
#define __INT_LEAST64_TYPE__ long int
#define __INT16_TYPE__ short int
#define __INT_LEAST8_TYPE__ signed char
#define __STDC_VERSION__ 201710L
#define __SIZEOF_INT__ 4
#define __DEC32_MAX_EXP__ 97
#define __INT_FAST8_MAX__ 0x7f
#define __FLT128_MAX__ 1.18973149535723176508575932662800702e+4932F128
#define __INTPTR_MAX__ 0x7fffffffffffffffL
#define linux 1
#define __FLT64_HAS_QUIET_NAN__ 1
#define __FLT32_MIN_10_EXP__ (-37)
#define __FLT32X_DIG__ 15
#define __PTRDIFF_WIDTH__ 64
#define __LDBL_MANT_DIG__ 64
#define __FLT64_HAS_INFINITY__ 1
#define __FLT64X_MAX__ 1.18973149535723176502126385303097021e+4932F64x
#define __SIG_ATOMIC_MIN__ (-__SIG_ATOMIC_MAX__ - 1)
#define __code_model_small__ 1
#define __GCC_ATOMIC_LONG_LOCK_FREE 2
#define __DEC32_MANT_DIG__ 7
#define __k8__ 1
#define __INTPTR_TYPE__ long int
#define __UINT16_TYPE__ short unsigned int
#define __WCHAR_TYPE__ int
#define __UINTPTR_MAX__ 0xffffffffffffffffUL
#define __INT_FAST64_WIDTH__ 64
#define __INT_FAST64_MAX__ 0x7fffffffffffffffL
#define __GCC_ATOMIC_TEST_AND_SET_TRUEVAL 1
#define __FLT_NORM_MAX__ 3.40282346638528859811704183484516925e+38F
#define __FLT32_HAS_INFINITY__ 1
#define __FLT64X_MAX_EXP__ 16384
#define __UINT_FAST64_TYPE__ long unsigned int
#define __INT_MAX__ 0x7fffffff
#define __linux__ 1
#define __INT64_TYPE__ long int
#define __FLT_MAX_EXP__ 128
#define __ORDER_BIG_ENDIAN__ 4321
#define __DBL_MANT_DIG__ 53
#define __SIZEOF_FLOAT128__ 16
#define __INT_LEAST64_MAX__ 0x7fffffffffffffffL
#define __GCC_ATOMIC_CHAR16_T_LOCK_FREE 2
#define __DEC64_MIN__ 1E-383DD
#define __WINT_TYPE__ unsigned int
#define __UINT_LEAST32_TYPE__ unsigned int
#define __SIZEOF_SHORT__ 2
#define __FLT32_NORM_MAX__ 3.40282346638528859811704183484516925e+38F32
#define __SSE__ 1
#define __LDBL_MIN_EXP__ (-16381)
#define __FLT64_MAX__ 1.79769313486231570814527423731704357e+308F64
#define __amd64__ 1
#define __WINT_WIDTH__ 32
#define __INT_LEAST8_MAX__ 0x7f
#define __INT_LEAST64_WIDTH__ 64
#define __LDBL_MAX_EXP__ 16384
#define __FLT32X_MAX_10_EXP__ 308
#define __SIZEOF_INT128__ 16
#define __FLT64X_IS_IEC_60559__ 2
#define __LDBL_MAX_10_EXP__ 4932
#define __ATOMIC_RELAXED 0
#define __DBL_EPSILON__ ((double)2.22044604925031308084726333618164062e-16L)
#define __FLT128_MIN__ 3.36210314311209350626267781732175260e-4932F128
#define _LP64 1
#define __UINT8_C(c) c
#define __FLT64_MAX_EXP__ 1024
#define __INT_LEAST32_TYPE__ int
#define __SIZEOF_WCHAR_T__ 4
#define __UINT64_TYPE__ long unsigned int
#define __GNUC_PATCHLEVEL__ 0
#define __FLT128_NORM_MAX__ 1.18973149535723176508575932662800702e+4932F128
#define __FLT64_NORM_MAX__ 1.79769313486231570814527423731704357e+308F64
#define __FLT128_HAS_QUIET_NAN__ 1
#define __INTMAX_MAX__ 0x7fffffffffffffffL
#define __INT_FAST8_TYPE__ signed char
#define __FLT64X_MIN__ 3.36210314311209350626267781732175260e-4932F64x
#define __GNUC_STDC_INLINE__ 1
#define __FLT64_HAS_DENORM__ 1
#define __FLT32_EPSILON__ 1.19209289550781250000000000000000000e-7F32
#define __DBL_DECIMAL_DIG__ 17
#define __STDC_UTF_32__ 1
#define __INT_FAST8_WIDTH__ 8
#define __FXSR__ 1
#define __FLT32X_MAX__ 1.79769313486231570814527423731704357e+308F32x
#define __DBL_NORM_MAX__ ((double)1.79769313486231570814527423731704357e+308L)
#define __BYTE_ORDER__ __ORDER_LITTLE_ENDIAN__
#define __INTMAX_WIDTH__ 64
#define __UINT32_C(c) c ## U
#define __FLT_DENORM_MIN__ 1.40129846432481707092372958328991613e-45F
#define __INT8_MAX__ 0x7f
#define __LONG_WIDTH__ 64
#define __UINT_FAST32_TYPE__ long unsigned int
#define __FLT32X_NORM_MAX__ 1.79769313486231570814527423731704357e+308F32x
#define __CHAR32_TYPE__ unsigned int
#define __FLT_MAX__ 3.40282346638528859811704183484516925e+38F
#define __SSE2__ 1
#define __INT32_TYPE__ int
#define __SIZEOF_DOUBLE__ 8
#define __FLT_MIN_10_EXP__ (-37)
#define __FLT64_MIN__ 2.22507385850720138309023271733240406e-308F64
#define __INT_LEAST32_WIDTH__ 32
#define __INTMAX_TYPE__ long int
#define __DEC128_MAX_EXP__ 6145
#define __FLT32X_HAS_QUIET_NAN__ 1
#define __ATOMIC_CONSUME 1
#define __GNUC_MINOR__ 3
#define __INT_FAST16_WIDTH__ 64
#define __UINTMAX_MAX__ 0xffffffffffffffffUL
#define __FLT32X_DENORM_MIN__ 4.94065645841246544176568792868221372e-324F32x
#define __DBL_MAX_10_EXP__ 308
#define __LDBL_DENORM_MIN__ 3.64519953188247460252840593361941982e-4951L
#define __INT16_C(c) c
#define __STDC__ 1
#define __PTRDIFF_TYPE__ long int
#define __ATOMIC_SEQ_CST 5
#define __FLT32X_MIN_10_EXP__ (-307)
#define __UINTPTR_TYPE__ long unsigned int
#define __DEC64_SUBNORMAL_MIN__ 0.000000000000001E-383DD
#define __DEC128_MANT_DIG__ 34
#define __LDBL_MIN_10_EXP__ (-4931)
#define __SIZEOF_LONG_LONG__ 8
#define __FLT128_DECIMAL_DIG__ 36
#define __GCC_ATOMIC_LLONG_LOCK_FREE 2
#define __FLT32_HAS_QUIET_NAN__ 1
#define __FLT_DECIMAL_DIG__ 9
#define __UINT_FAST16_MAX__ 0xffffffffffffffffUL
#define __LDBL_NORM_MAX__ 1.18973149535723176502126385303097021e+4932L
#define __GCC_ATOMIC_SHORT_LOCK_FREE 2
#define __UINT_FAST8_TYPE__ unsigned char
#define __ATOMIC_ACQ_REL 4
#define __ATOMIC_RELEASE 3

----------------------------------------
Checking for program 'ar'
/usr/bin/ar
find program=['ar'] paths=['/share/home/e6a000516/.conda/envs/python-cobaya/bin', '/share/home/apps/miniforge/miniforge3/condabin', '/share/home/e6a000516/pp643/MONTEPYTHON/MontePython-main', '/share/home/e6a000516/pp643/sys/code/plc_3.0/plc-3.1/bin', '/share/home/apps/gcc/11.3.0/bin', '/share/home/apps/oneapi/2021.1/mpi/latest/libfabric/bin', '/share/home/apps/oneapi/2021.1/mpi/latest/bin', '/share/home/apps/oneapi/2021.1/debugger/latest/gdb/intel64/bin', '/share/home/apps/oneapi/2021.1/compiler/latest/linux/bin/intel64', '/share/home/apps/oneapi/2021.1/compiler/latest/linux/bin', '/share/home/apps/miniforge/miniforge3/bin', '/usr/lib64/qt-3.3/bin', '/opt/slurm/slurm/sbin', '/opt/slurm/slurm/bin', '/usr/local/bin', '/usr/bin', '/usr/local/sbin', '/usr/sbin', '/opt/ibutils/bin', '/share/home/e6a000516/.local/bin', '/share/home/e6a000516/bin'] var='AR' -> ['/usr/bin/ar']
----------------------------------------
Check gcc version
11.3.0
----------------------------------------
Compile a test code with gcc
==>
#include <stdio.h>
main() {fprintf(stderr,"hello world");}

<==
[1/2] Compiling build/.conf_check_d886fed41010f5ad1c2918245cd08c32/test.c

['/share/home/apps/gcc/11.3.0/bin/gcc', '../test.c', '-c', '-o/share/home/e6a000516/pp643/COBAYA/cobaya-1/code/planck/clik-main/build/.conf_check_d886fed41010f5ad1c2918245cd08c32/testbuild/test.c.1.o']
err: ../test.c:2:1: warning: return type defaults to ‘int’ [-Wimplicit-int]
    2 | main() {fprintf(stderr,"hello world");}
      | ^~~~

[2/2] Linking build/.conf_check_d886fed41010f5ad1c2918245cd08c32/testbuild/testprog

['/share/home/apps/gcc/11.3.0/bin/gcc', 'test.c.1.o', '-o/share/home/e6a000516/pp643/COBAYA/cobaya-1/code/planck/clik-main/build/.conf_check_d886fed41010f5ad1c2918245cd08c32/testbuild/testprog', '-Wl,-Bstatic', '-Wl,-Bdynamic']
yes
----------------------------------------
Setting architecture flag to
['-m64']
----------------------------------------
Checking for program 'ifx, ifort'
/share/home/apps/oneapi/2021.1/compiler/latest/linux/bin/ifx
find program=['ifx', 'ifort'] paths=['/share/home/e6a000516/.conda/envs/python-cobaya/bin', '/share/home/apps/miniforge/miniforge3/condabin', '/share/home/e6a000516/pp643/MONTEPYTHON/MontePython-main', '/share/home/e6a000516/pp643/sys/code/plc_3.0/plc-3.1/bin', '/share/home/apps/gcc/11.3.0/bin', '/share/home/apps/oneapi/2021.1/mpi/latest/libfabric/bin', '/share/home/apps/oneapi/2021.1/mpi/latest/bin', '/share/home/apps/oneapi/2021.1/debugger/latest/gdb/intel64/bin', '/share/home/apps/oneapi/2021.1/compiler/latest/linux/bin/intel64', '/share/home/apps/oneapi/2021.1/compiler/latest/linux/bin', '/share/home/apps/miniforge/miniforge3/bin', '/usr/lib64/qt-3.3/bin', '/opt/slurm/slurm/sbin', '/opt/slurm/slurm/bin', '/usr/local/bin', '/usr/bin', '/usr/local/sbin', '/usr/sbin', '/opt/ibutils/bin', '/share/home/e6a000516/.local/bin', '/share/home/e6a000516/bin'] var='FC' -> ['/share/home/apps/oneapi/2021.1/compiler/latest/linux/bin/ifx']
['/share/home/apps/oneapi/2021.1/compiler/latest/linux/bin/ifx', '-logo']
err: Intel(R) Fortran Compiler for applications running on Intel(R) 64, Version 2021.1 Beta Build 20201113
Copyright (C) 1985-2020 Intel Corporation. All rights reserved.


----------------------------------------
Checking for program 'xiar'
/usr/bin/ar
find program=['xiar'] paths=['/share/home/e6a000516/.conda/envs/python-cobaya/bin', '/share/home/apps/miniforge/miniforge3/condabin', '/share/home/e6a000516/pp643/MONTEPYTHON/MontePython-main', '/share/home/e6a000516/pp643/sys/code/plc_3.0/plc-3.1/bin', '/share/home/apps/gcc/11.3.0/bin', '/share/home/apps/oneapi/2021.1/mpi/latest/libfabric/bin', '/share/home/apps/oneapi/2021.1/mpi/latest/bin', '/share/home/apps/oneapi/2021.1/debugger/latest/gdb/intel64/bin', '/share/home/apps/oneapi/2021.1/compiler/latest/linux/bin/intel64', '/share/home/apps/oneapi/2021.1/compiler/latest/linux/bin', '/share/home/apps/miniforge/miniforge3/bin', '/usr/lib64/qt-3.3/bin', '/opt/slurm/slurm/sbin', '/opt/slurm/slurm/bin', '/usr/local/bin', '/usr/bin', '/usr/local/sbin', '/usr/sbin', '/opt/ibutils/bin', '/share/home/e6a000516/.local/bin', '/share/home/e6a000516/bin'] var='AR' -> ['/usr/bin/ar']
----------------------------------------
Checking for program 'ar'
/usr/bin/ar
find program=['ar'] paths=['/share/home/e6a000516/.conda/envs/python-cobaya/bin', '/share/home/apps/miniforge/miniforge3/condabin', '/share/home/e6a000516/pp643/MONTEPYTHON/MontePython-main', '/share/home/e6a000516/pp643/sys/code/plc_3.0/plc-3.1/bin', '/share/home/apps/gcc/11.3.0/bin', '/share/home/apps/oneapi/2021.1/mpi/latest/libfabric/bin', '/share/home/apps/oneapi/2021.1/mpi/latest/bin', '/share/home/apps/oneapi/2021.1/debugger/latest/gdb/intel64/bin', '/share/home/apps/oneapi/2021.1/compiler/latest/linux/bin/intel64', '/share/home/apps/oneapi/2021.1/compiler/latest/linux/bin', '/share/home/apps/miniforge/miniforge3/bin', '/usr/lib64/qt-3.3/bin', '/opt/slurm/slurm/sbin', '/opt/slurm/slurm/bin', '/usr/local/bin', '/usr/bin', '/usr/local/sbin', '/usr/sbin', '/opt/ibutils/bin', '/share/home/e6a000516/.local/bin', '/share/home/e6a000516/bin'] var='AR' -> ['/usr/bin/ar']
----------------------------------------
Check ifort version
2021.1
----------------------------------------
Compile a test code with ifort
==>
program test
  WRITE(*,*) 'hello world'
 end program test

<==
[1/2] Compiling build/.conf_check_d2ee0985f3fb70400ac36f34671e8fb3/test.f90

['/share/home/apps/oneapi/2021.1/compiler/latest/linux/bin/ifx', '-m64', '-c', '-o/share/home/e6a000516/pp643/COBAYA/cobaya-1/code/planck/clik-main/build/.conf_check_d2ee0985f3fb70400ac36f34671e8fb3/testbuild/test.f90.1.o', '/share/home/e6a000516/pp643/COBAYA/cobaya-1/code/planck/clik-main/build/.conf_check_d2ee0985f3fb70400ac36f34671e8fb3/test.f90']
[2/2] Linking build/.conf_check_d2ee0985f3fb70400ac36f34671e8fb3/testbuild/testprog

['/share/home/apps/oneapi/2021.1/compiler/latest/linux/bin/ifx', '-m64', 'test.f90.1.o', '-o/share/home/e6a000516/pp643/COBAYA/cobaya-1/code/planck/clik-main/build/.conf_check_d2ee0985f3fb70400ac36f34671e8fb3/testbuild/testprog']
yes
----------------------------------------
retrieve ifort link line
/share/home/apps/oneapi/2021.1/compiler/latest/linux/bin/ifx -m64 -qopenmp -dryrun -dynamiclib -shared-intel -no-cxxlib dummy.f90
err: ifx: command line warning #10006: ignoring unknown option '-dynamiclib'
/share/home/apps/oneapi/2021.1/compiler/2021.1.1/linux/bin/xfortcom  \
    -triple \
    x86_64-unknown-linux-gnu \
    -emit-obj \
    "-verify nomodule" \
    -main-file-name \
    dummy.f90 \
    -mllvm \
    --relocation-model=static \
    -omp \
    -omp_simd \
    -target-cpu \
    x86-64 \
    -target-linker-version \
    2.27 \
    -D__unix__ \
    -D__unix \
    -D__linux__ \
    -D__linux \
    -D__gnu_linux__ \
    -Dunix \
    -Dlinux \
    -D__ELF__ \
    -D__x86_64 \
    -D__x86_64__ \
    -D__amd64 \
    -D__amd64__ \
    -D__INTEL_COMPILER_BUILD_DATE=20201113 \
    -D_OPENMP=201611 \
    -I/share/home/e6a000516/pp643/MONTEPYTHON/MontePython-main/class \
    -I/share/home/e6a000516/pp643/sys/lapack-3.6.0/build/include \
    -I/share/home/apps/gcc/11.3.0/include \
    -I/share/home/apps/oneapi/2021.1/mpi/latest/include \
    -I/share/home/apps/oneapi/2021.1/ccl/latest/include \
    -I/share/home/apps/oneapi/2021.1/compiler/latest/linux/compiler/include \
    -I/share/home/apps/oneapi/2021.1/compiler/latest/linux/include \
    -I/share/home/apps/oneapi/2021.1/dal/latest/include \
    -I/share/home/apps/oneapi/2021.1/tbb/latest/include/oneapi \
    -I/share/home/apps/oneapi/2021.1/tbb/latest/include/tbb \
    -I/share/home/apps/oneapi/2021.1/mkl/latest/include \
    -I/share/home/apps/oneapi/2021.1/ipp/latest/include \
    -I/opt/slurm/slurm/include \
    -I/share/home/apps/oneapi/2021.1/compiler/2021.1.1/linux/compiler/include/intel64 \
    -I/share/home/apps/oneapi/2021.1/compiler/2021.1.1/linux/compiler/include \
    -I/usr/local/include \
    -I/usr/include \
    -O2 \
    -fveclib=SVML \
    -mllvm \
    -loopopt=0 \
    -mllvm \
    -enable-lv \
    -mllvm \
    -disable-hir-generate-mkl-call \
    -mllvm \
    -paropt=31 \
    -nothreadprivate_compat \
    -mllvm \
    -intel-libirc-allowed \
    -o \
    /tmp/ifxYeXNtw.o \
    -D__INTEL_COMPILER=201900 \
    -D__INTEL_COMPILER_UPDATE=0 \
    -D__unix__ \
    -D__unix \
    -D__linux__ \
    -D__linux \
    -D__gnu_linux__ \
    -Dunix \
    -Dlinux \
    -D__ELF__ \
    -D__x86_64 \
    -D__x86_64__ \
    -D__amd64 \
    -D__amd64__ \
    -D__INTEL_COMPILER_BUILD_DATE=20201113 \
    -D_OPENMP=201611 \
    -I. \
    -I/share/home/e6a000516/pp643/MONTEPYTHON/MontePython-main/class \
    -I/share/home/e6a000516/pp643/sys/lapack-3.6.0/build/include \
    -I/share/home/apps/gcc/11.3.0/include \
    -I/share/home/apps/oneapi/2021.1/mpi/latest/include \
    -I/share/home/apps/oneapi/2021.1/ccl/latest/include \
    -I/share/home/apps/oneapi/2021.1/compiler/latest/linux/compiler/include \
    -I/share/home/apps/oneapi/2021.1/compiler/latest/linux/include \
    -I/share/home/apps/oneapi/2021.1/dal/latest/include \
    -I/share/home/apps/oneapi/2021.1/tbb/latest/include/oneapi \
    -I/share/home/apps/oneapi/2021.1/tbb/latest/include/tbb \
    -I/share/home/apps/oneapi/2021.1/mkl/latest/include \
    -I/share/home/apps/oneapi/2021.1/ipp/latest/include \
    -I/opt/slurm/slurm/include \
    -I/share/home/apps/oneapi/2021.1/compiler/2021.1.1/linux/compiler/include/intel64 \
    -I/share/home/apps/oneapi/2021.1/compiler/2021.1.1/linux/compiler/include \
    -I/usr/local/include \
    -I/usr/include \
    -automatic \
    -omp \
    -omp_simd \
    -omp_offload \
    -O2 \
    "-reentrancy threaded" \
    -simd \
    -offload_host \
    dummy.f90

ld  \
    /lib/../lib64/crt1.o \
    /lib/../lib64/crti.o \
    /share/home/apps/gcc/11.3.0/bin/../lib/gcc/x86_64-pc-linux-gnu/11.3.0/crtbegin.o \
    --eh-frame-hdr \
    --build-id \
    -dynamic-linker \
    /lib64/ld-linux-x86-64.so.2 \
    -m \
    elf_x86_64 \
    -o \
    a.out \
    /share/home/apps/oneapi/2021.1/compiler/2021.1.1/linux/compiler/lib/intel64_lin/for_main.o \
    -L/share/home/apps/gcc/11.3.0/lib64 \
    -L/share/home/apps/gcc/11.3.0/lib \
    -L/share/home/apps/gcc/11.3.0/libexec \
    -L/share/home/apps/oneapi/2021.1/mpi/latest/libfabric/lib \
    -L/share/home/apps/oneapi/2021.1/mpi/latest/lib/release \
    -L/share/home/apps/oneapi/2021.1/mpi/latest/lib \
    -L/share/home/apps/oneapi/2021.1/ccl/latest/lib/cpu \
    -L/share/home/apps/oneapi/2021.1/dal/latest/lib/intel64 \
    -L/share/home/apps/oneapi/2021.1/tbb/latest/lib/intel64/gcc4.8 \
    -L/share/home/apps/oneapi/2021.1/mkl/latest/lib/intel64 \
    -L/share/home/apps/oneapi/2021.1/compiler/latest/linux/compiler/lib/intel64 \
    -L/share/home/apps/oneapi/2021.1/compiler/latest/linux/lib \
    -L/share/home/apps/oneapi/2021.1/ipp/latest/lib \
    -L/opt/slurm/slurm/lib \
    -L/share/home/apps/oneapi/2021.1/compiler/2021.1.1/linux/compiler/lib/intel64_lin \
    -L/share/home/apps/oneapi/2021.1/compiler/2021.1.1/linux/lib \
    -L/share/home/apps/gcc/11.3.0/bin/../lib/gcc/x86_64-pc-linux-gnu/11.3.0/ \
    -L/share/home/apps/gcc/11.3.0/bin/../lib/gcc/ \
    -L/share/home/apps/gcc/11.3.0/lib64/../lib64 \
    -L/share/home/apps/gcc/11.3.0/lib64/../lib64/ \
    -L/share/home/apps/gcc/11.3.0/lib/../lib64 \
    -L/share/home/apps/gcc/11.3.0/lib/../lib64/ \
    -L/share/home/apps/gcc/11.3.0/libexec/../lib64 \
    -L/share/home/apps/gcc/11.3.0/libexec/../lib64/ \
    -L/opt/slurm/slurm/lib/../lib64 \
    -L/opt/slurm/slurm/lib/../lib64/ \
    -L/share/home/apps/gcc/11.3.0/bin/../lib/gcc/x86_64-pc-linux-gnu/11.3.0/../../../../lib64 \
    -L/share/home/apps/gcc/11.3.0/bin/../lib/gcc/x86_64-pc-linux-gnu/11.3.0/../../../../lib64/ \
    -L/lib/../lib64 \
    -L/lib/../lib64/ \
    -L/usr/lib/../lib64 \
    -L/usr/lib/../lib64/ \
    -L/share/home/apps/gcc/11.3.0/lib64 \
    -L/share/home/apps/gcc/11.3.0/lib64/ \
    -L/share/home/apps/gcc/11.3.0/lib/ \
    -L/share/home/apps/gcc/11.3.0/libexec/ \
    -L/share/home/apps/oneapi/2021.1/mpi/latest/libfabric/lib/ \
    -L/share/home/apps/oneapi/2021.1/mpi/latest/lib/release/ \
    -L/share/home/apps/oneapi/2021.1/mpi/latest/lib/ \
    -L/share/home/apps/oneapi/2021.1/dal/latest/lib/intel64/ \
    -L/share/home/apps/oneapi/2021.1/tbb/latest/lib/intel64/gcc4.8/ \
    -L/share/home/apps/oneapi/2021.1/mkl/latest/lib/intel64/ \
    -L/share/home/apps/oneapi/2021.1/compiler/latest/linux/compiler/lib/intel64/ \
    -L/share/home/apps/oneapi/2021.1/compiler/latest/linux/lib/ \
    -L/share/home/apps/oneapi/2021.1/ipp/latest/lib/ \
    -L/opt/slurm/slurm/lib64 \
    -L/opt/slurm/slurm/lib/ \
    -L./ \
    -L/share/home/apps/gcc/11.3.0/bin/../lib/gcc/x86_64-pc-linux-gnu/11.3.0/../../../ \
    -L/lib64 \
    -L/lib/ \
    -L/usr/lib64 \
    -L/usr/lib \
    /tmp/ifxYeXNtw.o \
    -lifport \
    -lifcoremt \
    -limf \
    -lsvml \
    -lm \
    -lipgo \
    -liomp5 \
    -lintlc \
    -lpthread \
    -lsvml \
    -lc \
    -lgcc \
    -lgcc_s \
    -lirc_s \
    -ldl \
    -lc \
    /share/home/apps/gcc/11.3.0/bin/../lib/gcc/x86_64-pc-linux-gnu/11.3.0/crtend.o \
    /lib/../lib64/crtn.o

rm /tmp/ifxdashvet2Bqp
rm /tmp/ifxdummyBy3Loq.c
rm /tmp/ifxsearchdirsdhTpIs
rm /tmp/ifxgccdashvTGlp5u
rm /tmp/ifxYeXNtw.o
rm /tmp/ifxldashvvdAdSx
rm /tmp/ifxargeqgaiz
rm /tmp/ifxYeXNtw.o

ok
----------------------------------------
ifort link line
-L/share/home/apps/oneapi/2021.1/compiler/latest/linux/compiler/lib/intel64/ -L/share/home/apps/oneapi/2021.1/compiler/latest/linux/compiler/lib/intel64 -L/share/home/apps/oneapi/2021.1/compiler/2021.1.1/linux/compiler/lib/intel64_lin -L/lib -L/lib64 -lintlc -lifcoremt -lsvml -limf -liomp5 -lifport -lirc -lpthread
----------------------------------------
Setting install root to
/share/home/e6a000516/pp643/COBAYA/cobaya-1/code/planck/clik-main
----------------------------------------
Setting install bin directory to
/share/home/e6a000516/pp643/COBAYA/cobaya-1/code/planck/clik-main/bin
----------------------------------------
Setting install lib directory to
/share/home/e6a000516/pp643/COBAYA/cobaya-1/code/planck/clik-main/lib
----------------------------------------
Setting install include directory to
/share/home/e6a000516/pp643/COBAYA/cobaya-1/code/planck/clik-main/include
---------------------------------------------
check compatibility of ifort and gcc versions
ok
---------------------------------------------
Checking for program 'python'
/share/home/e6a000516/.conda/envs/python-cobaya/bin/python3.9
find program=['python'] paths=['/share/home/e6a000516/.conda/envs/python-cobaya/bin', '/share/home/apps/miniforge/miniforge3/condabin', '/share/home/e6a000516/pp643/MONTEPYTHON/MontePython-main', '/share/home/e6a000516/pp643/sys/code/plc_3.0/plc-3.1/bin', '/share/home/apps/gcc/11.3.0/bin', '/share/home/apps/oneapi/2021.1/mpi/latest/libfabric/bin', '/share/home/apps/oneapi/2021.1/mpi/latest/bin', '/share/home/apps/oneapi/2021.1/debugger/latest/gdb/intel64/bin', '/share/home/apps/oneapi/2021.1/compiler/latest/linux/bin/intel64', '/share/home/apps/oneapi/2021.1/compiler/latest/linux/bin', '/share/home/apps/miniforge/miniforge3/bin', '/usr/lib64/qt-3.3/bin', '/opt/slurm/slurm/sbin', '/opt/slurm/slurm/bin', '/usr/local/bin', '/usr/bin', '/usr/local/sbin', '/usr/sbin', '/opt/ibutils/bin', '/share/home/e6a000516/.local/bin', '/share/home/e6a000516/bin'] var='PYTHON' -> ['/share/home/e6a000516/.conda/envs/python-cobaya/bin/python3.9']
['/share/home/e6a000516/.conda/envs/python-cobaya/bin/python3.9', '-c', 'import sys\ntry:\n print(sys.implementation.cache_tag)\nexcept AttributeError:\n import imp\n print(imp.get_tag())\n']
out: cpython-39

['/share/home/e6a000516/.conda/envs/python-cobaya/bin/python3.9', '-c', 'import sys\nfor x in sys.version_info: print(str(x))']
out: 3
9
21
final
0

['/share/home/e6a000516/.conda/envs/python-cobaya/bin/python3.9', '-c', "import sysconfig; print(sysconfig.get_path('purelib', 'posix_user', {'userbase': '/share/home/e6a000516/pp643/COBAYA/cobaya-1/code/planck/clik-main'}))"]
out: /share/home/e6a000516/pp643/COBAYA/cobaya-1/code/planck/clik-main/lib/python3.9/site-packages

['/share/home/e6a000516/.conda/envs/python-cobaya/bin/python3.9', '-c', "import sysconfig; print(sysconfig.get_path('platlib', 'posix_user', {'userbase': '/share/home/e6a000516/pp643/COBAYA/cobaya-1/code/planck/clik-main'}))"]
out: /share/home/e6a000516/pp643/COBAYA/cobaya-1/code/planck/clik-main/lib/python3.9/site-packages

---------------------------------------------
Checking for python version
3.9.21
['/share/home/e6a000516/.conda/envs/python-cobaya/bin/python3.9', '-c', "import sysconfig; print(sysconfig.get_config_var('prefix'))"]
out: /share/home/e6a000516/.conda/envs/python-cobaya

['/share/home/e6a000516/.conda/envs/python-cobaya/bin/python3.9', '-c', "import sysconfig; print(sysconfig.get_config_var('SO'))"]
out: .cpython-39-x86_64-linux-gnu.so

err: <string>:1: DeprecationWarning: SO is deprecated, use EXT_SUFFIX

['/share/home/e6a000516/.conda/envs/python-cobaya/bin/python3.9', '-c', "import sysconfig; print(sysconfig.get_config_var('EXT_SUFFIX'))"]
out: .cpython-39-x86_64-linux-gnu.so

['/share/home/e6a000516/.conda/envs/python-cobaya/bin/python3.9', '-c', "import sysconfig; print(sysconfig.get_config_var('LDFLAGS'))"]
out: -Wl,--allow-shlib-undefined -Wl,-rpath,/share/home/e6a000516/.conda/envs/python-cobaya/lib -Wl,-rpath-link,/share/home/e6a000516/.conda/envs/python-cobaya/lib -L/share/home/e6a000516/.conda/envs/python-cobaya/lib -Wl,--allow-shlib-undefined -Wl,-rpath,/share/home/e6a000516/.conda/envs/python-cobaya/lib -Wl,-rpath-link,/share/home/e6a000516/.conda/envs/python-cobaya/lib -L/share/home/e6a000516/.conda/envs/python-cobaya/lib

['/share/home/e6a000516/.conda/envs/python-cobaya/bin/python3.9', '-c', "import sysconfig; print(sysconfig.get_config_var('LIBDIR'))"]
out: /share/home/e6a000516/.conda/envs/python-cobaya/lib

['/share/home/e6a000516/.conda/envs/python-cobaya/bin/python3.9', '-c', "import sysconfig; print(sysconfig.get_config_var('LIBPL'))"]
out: /share/home/e6a000516/.conda/envs/python-cobaya/lib/python3.9/config-3.9-x86_64-linux-gnu

['/share/home/e6a000516/.conda/envs/python-cobaya/bin/python3.9', '-c', "import sysconfig; print(sysconfig.get_config_var('INCLUDEPY'))"]
out: /share/home/e6a000516/.conda/envs/python-cobaya/include/python3.9

['/share/home/e6a000516/.conda/envs/python-cobaya/bin/python3.9', '-c', "import sysconfig; print(sysconfig.get_config_var('Py_ENABLE_SHARED'))"]
out: 0

['/share/home/e6a000516/.conda/envs/python-cobaya/bin/python3.9', '-c', "import sysconfig; print(sysconfig.get_config_var('MACOSX_DEPLOYMENT_TARGET'))"]
out: 

['/share/home/e6a000516/.conda/envs/python-cobaya/bin/python3.9', '-c', "import sysconfig; print(sysconfig.get_config_var('LDSHARED'))"]
out: gcc -pthread -B /share/home/e6a000516/.conda/envs/python-cobaya/compiler_compat -shared  -Wl,--allow-shlib-undefined -Wl,-rpath,/share/home/e6a000516/.conda/envs/python-cobaya/lib -Wl,-rpath-link,/share/home/e6a000516/.conda/envs/python-cobaya/lib -L/share/home/e6a000516/.conda/envs/python-cobaya/lib -Wl,--allow-shlib-undefined -Wl,-rpath,/share/home/e6a000516/.conda/envs/python-cobaya/lib -Wl,-rpath-link,/share/home/e6a000516/.conda/envs/python-cobaya/lib -L/share/home/e6a000516/.conda/envs/python-cobaya/lib

['/share/home/e6a000516/.conda/envs/python-cobaya/bin/python3.9', '-c', "import sysconfig; print(sysconfig.get_config_var('CFLAGS'))"]
out: -Wno-unused-result -Wsign-compare -DNDEBUG -fwrapv -O2 -Wall -fPIC -O2   -isystem /share/home/e6a000516/.conda/envs/python-cobaya/include -fPIC -O2   -isystem /share/home/e6a000516/.conda/envs/python-cobaya/include 

['/share/home/e6a000516/.conda/envs/python-cobaya/bin/python3.9', '-c', "import sysconfig; print(sysconfig.get_config_var('LDVERSION'))"]
out: 3.9

Configuration returned from ['/share/home/e6a000516/.conda/envs/python-cobaya/bin/python3.9']:
prefix = '/share/home/e6a000516/.conda/envs/python-cobaya'
SO = '.cpython-39-x86_64-linux-gnu.so'
EXT_SUFFIX = '.cpython-39-x86_64-linux-gnu.so'
LDFLAGS = '-Wl,--allow-shlib-undefined -Wl,-rpath,/share/home/e6a000516/.conda/envs/python-cobaya/lib -Wl,-rpath-link,/share/home/e6a000516/.conda/envs/python-cobaya/lib -L/share/home/e6a000516/.conda/envs/python-cobaya/lib -Wl,--allow-shlib-undefined -Wl,-rpath,/share/home/e6a000516/.conda/envs/python-cobaya/lib -Wl,-rpath-link,/share/home/e6a000516/.conda/envs/python-cobaya/lib -L/share/home/e6a000516/.conda/envs/python-cobaya/lib'
LIBDIR = '/share/home/e6a000516/.conda/envs/python-cobaya/lib'
LIBPL = '/share/home/e6a000516/.conda/envs/python-cobaya/lib/python3.9/config-3.9-x86_64-linux-gnu'
INCLUDEPY = '/share/home/e6a000516/.conda/envs/python-cobaya/include/python3.9'
Py_ENABLE_SHARED = '0'
MACOSX_DEPLOYMENT_TARGET = ''
LDSHARED = 'gcc -pthread -B /share/home/e6a000516/.conda/envs/python-cobaya/compiler_compat -shared  -Wl,--allow-shlib-undefined -Wl,-rpath,/share/home/e6a000516/.conda/envs/python-cobaya/lib -Wl,-rpath-link,/share/home/e6a000516/.conda/envs/python-cobaya/lib -L/share/home/e6a000516/.conda/envs/python-cobaya/lib -Wl,--allow-shlib-undefined -Wl,-rpath,/share/home/e6a000516/.conda/envs/python-cobaya/lib -Wl,-rpath-link,/share/home/e6a000516/.conda/envs/python-cobaya/lib -L/share/home/e6a000516/.conda/envs/python-cobaya/lib'
CFLAGS = '-Wno-unused-result -Wsign-compare -DNDEBUG -fwrapv -O2 -Wall -fPIC -O2   -isystem /share/home/e6a000516/.conda/envs/python-cobaya/include -fPIC -O2   -isystem /share/home/e6a000516/.conda/envs/python-cobaya/include'
LDVERSION = '3.9'

---------------------------------------------
python-config
/share/home/e6a000516/.conda/envs/python-cobaya/bin/python3.9-config
find program=['/share/home/e6a000516/.conda/envs/python-cobaya/bin/python3.9-config', 'python3.9-config', 'python-config-3.9', 'python3.9m-config'] paths=['/share/home/e6a000516/.conda/envs/python-cobaya/bin', '/share/home/apps/miniforge/miniforge3/condabin', '/share/home/e6a000516/pp643/MONTEPYTHON/MontePython-main', '/share/home/e6a000516/pp643/sys/code/plc_3.0/plc-3.1/bin', '/share/home/apps/gcc/11.3.0/bin', '/share/home/apps/oneapi/2021.1/mpi/latest/libfabric/bin', '/share/home/apps/oneapi/2021.1/mpi/latest/bin', '/share/home/apps/oneapi/2021.1/debugger/latest/gdb/intel64/bin', '/share/home/apps/oneapi/2021.1/compiler/latest/linux/bin/intel64', '/share/home/apps/oneapi/2021.1/compiler/latest/linux/bin', '/share/home/apps/miniforge/miniforge3/bin', '/usr/lib64/qt-3.3/bin', '/opt/slurm/slurm/sbin', '/opt/slurm/slurm/bin', '/usr/local/bin', '/usr/bin', '/usr/local/sbin', '/usr/sbin', '/opt/ibutils/bin', '/share/home/e6a000516/.local/bin', '/share/home/e6a000516/bin'] var='PYTHON_CONFIG' -> ['/share/home/e6a000516/.conda/envs/python-cobaya/bin/python3.9-config']
--------------------------------------------------------------------------
Asking python-config for pyembed '--cflags --libs --ldflags --embed' flags
['/share/home/e6a000516/.conda/envs/python-cobaya/bin/python3.9-config', '--cflags', '--libs', '--ldflags', '--embed']
out: -I/share/home/e6a000516/.conda/envs/python-cobaya/include/python3.9 -I/share/home/e6a000516/.conda/envs/python-cobaya/include/python3.9  -Wno-unused-result -Wsign-compare -march=nocona -mtune=haswell -ftree-vectorize -fPIC -fstack-protector-strong -fno-plt -O3 -ffunction-sections -pipe -isystem /share/home/e6a000516/.conda/envs/python-cobaya/include -fdebug-prefix-map=/home/conda/feedstock_root/build_artifacts/python-split_1733405661951/work=/usr/local/src/conda/python-3.9.21 -fdebug-prefix-map=/share/home/e6a000516/.conda/envs/python-cobaya=/usr/local/src/conda-prefix -fuse-linker-plugin -ffat-lto-objects -flto-partition=none -flto -DNDEBUG -fwrapv -O3 -Wall
-lpython3.9 -lcrypt -lpthread -ldl  -lutil -lm -lm 
-L/share/home/e6a000516/.conda/envs/python-cobaya/lib/python3.9/config-3.9-x86_64-linux-gnu -L/share/home/e6a000516/.conda/envs/python-cobaya/lib -lpython3.9 -lcrypt -lpthread -ldl  -lutil -lm -lm 

Unhandled flag '-Wno-unused-result'
Unhandled flag '-Wsign-compare'
Unhandled flag '-pipe'
Unhandled flag '-Wall'
yes
--------------------------------------------------------------------------
Testing pyembed configuration
==>

#include <Python.h>
#ifdef __cplusplus
extern "C" {
#endif
	void Py_Initialize(void);
	void Py_Finalize(void);
#ifdef __cplusplus
}
#endif
int main(int argc, char **argv)
{
   (void)argc; (void)argv;
   Py_Initialize();
   Py_Finalize();
   return 0;
}

<==
[1/2] Compiling build/.conf_check_be91ef68520c77d0c3fc10ef92af1ddc/test.c

['/share/home/apps/gcc/11.3.0/bin/gcc', '-march=nocona', '-mtune=haswell', '-ftree-vectorize', '-fPIC', '-fstack-protector-strong', '-fno-plt', '-O3', '-ffunction-sections', '-isystem', '/share/home/e6a000516/.conda/envs/python-cobaya/include', '-fdebug-prefix-map=/home/conda/feedstock_root/build_artifacts/python-split_1733405661951/work=/usr/local/src/conda/python-3.9.21', '-fdebug-prefix-map=/share/home/e6a000516/.conda/envs/python-cobaya=/usr/local/src/conda-prefix', '-fuse-linker-plugin', '-ffat-lto-objects', '-flto-partition=none', '-flto', '-fwrapv', '-O3', '-I../../../../../../../../../.conda/envs/python-cobaya/include/python3.9', '-DPYTHONDIR="/share/home/e6a000516/pp643/COBAYA/cobaya-1/code/planck/clik-main/lib/python3.9/site-packages"', '-DPYTHONARCHDIR="/share/home/e6a000516/pp643/COBAYA/cobaya-1/code/planck/clik-main/lib/python3.9/site-packages"', '-DNDEBUG', '../test.c', '-c', '-o/share/home/e6a000516/pp643/COBAYA/cobaya-1/code/planck/clik-main/build/.conf_check_be91ef68520c77d0c3fc10ef92af1ddc/testbuild/test.c.1.o']
[2/2] Linking build/.conf_check_be91ef68520c77d0c3fc10ef92af1ddc/testbuild/testprog

['/share/home/apps/gcc/11.3.0/bin/gcc', '-m64', '-fPIC', '-flto', 'test.c.1.o', '-o/share/home/e6a000516/pp643/COBAYA/cobaya-1/code/planck/clik-main/build/.conf_check_be91ef68520c77d0c3fc10ef92af1ddc/testbuild/testprog', '-Wl,-Bstatic', '-Wl,-Bdynamic', '-L/share/home/e6a000516/.conda/envs/python-cobaya/lib', '-L/share/home/e6a000516/.conda/envs/python-cobaya/lib/python3.9/config-3.9-x86_64-linux-gnu', '-lm', '-ldl', '-lutil', '-lpthread', '-lpython3.9', '-lcrypt', '-lpthread', '-ldl', '-lutil', '-lm', '-lm', '-lpython3.9', '-lcrypt', '-lpthread', '-ldl', '-lutil', '-lm', '-lm']
yes
--------------------------------------------------------------------------
Checking for library dl
==>

int main(int argc, char **argv) {
	(void)argc; (void)argv;
	return 0;
}

<==
[1/2] Compiling build/.conf_check_75f70f473d9fa57ed6154e232fb837c2/test.c

['/share/home/apps/gcc/11.3.0/bin/gcc', '-DPYTHONDIR="/share/home/e6a000516/pp643/COBAYA/cobaya-1/code/planck/clik-main/lib/python3.9/site-packages"', '-DPYTHONARCHDIR="/share/home/e6a000516/pp643/COBAYA/cobaya-1/code/planck/clik-main/lib/python3.9/site-packages"', '-DHAVE_PYEMBED=1', '-DHAVE_PYTHON_H=1', '../test.c', '-c', '-o/share/home/e6a000516/pp643/COBAYA/cobaya-1/code/planck/clik-main/build/.conf_check_75f70f473d9fa57ed6154e232fb837c2/testbuild/test.c.1.o']
[2/2] Linking build/.conf_check_75f70f473d9fa57ed6154e232fb837c2/testbuild/testprog

['/share/home/apps/gcc/11.3.0/bin/gcc', '-m64', 'test.c.1.o', '-o/share/home/e6a000516/pp643/COBAYA/cobaya-1/code/planck/clik-main/build/.conf_check_75f70f473d9fa57ed6154e232fb837c2/testbuild/testprog', '-Wl,-Bstatic', '-Wl,-Bdynamic', '-ldl']
yes
--------------------------------------------------------------------------
checking for RTLD_DEFAULT in dl
==>
#include <dlfcn.h> 
int main() {void* tt = RTLD_DEFAULT;}
<==
[1/2] Compiling build/.conf_check_291e899b2595b5aa171bd423aa388a72/test.c

['/share/home/apps/gcc/11.3.0/bin/gcc', '-DPYTHONDIR="/share/home/e6a000516/pp643/COBAYA/cobaya-1/code/planck/clik-main/lib/python3.9/site-packages"', '-DPYTHONARCHDIR="/share/home/e6a000516/pp643/COBAYA/cobaya-1/code/planck/clik-main/lib/python3.9/site-packages"', '-DHAVE_PYEMBED=1', '-DHAVE_PYTHON_H=1', '-DHAS_RTLD_DEFAULT', '../test.c', '-c', '-o/share/home/e6a000516/pp643/COBAYA/cobaya-1/code/planck/clik-main/build/.conf_check_291e899b2595b5aa171bd423aa388a72/testbuild/test.c.1.o']
err: ../test.c: In function ‘main’:
../test.c:2:24: error: ‘RTLD_DEFAULT’ undeclared (first use in this function); did you mean ‘HAS_RTLD_DEFAULT’?
    2 | int main() {void* tt = RTLD_DEFAULT;}
      |                        ^~~~~~~~~~~~
      |                        HAS_RTLD_DEFAULT
../test.c:2:24: note: each undeclared identifier is reported only once for each function it appears in

from /share/home/e6a000516/pp643/COBAYA/cobaya-1/code/planck/clik-main: Test does not build: Traceback (most recent call last):
  File "/share/home/e6a000516/pp643/COBAYA/cobaya-1/code/planck/clik-main/.waf3-2.1.4-0be3d8ab3ec788e6fb3a69cc66acc816/waflib/Configure.py", line 337, in run_build
    bld.compile()
  File "/share/home/e6a000516/pp643/COBAYA/cobaya-1/code/planck/clik-main/.waf3-2.1.4-0be3d8ab3ec788e6fb3a69cc66acc816/waflib/Build.py", line 176, in compile
    raise Errors.BuildError(self.producer.error)
waflib.Errors.BuildError: Build failed
 -> task in 'testprog' failed with exit status 1 (run with -v to display more information)

no
from /share/home/e6a000516/pp643/COBAYA/cobaya-1/code/planck/clik-main: The configuration failed
--------------------------------------------------------------------------
compile with debug option
OFF
--------------------------------------------------------------------------
Checking for program 'pmc-config'
not found
find program=['pmc-config'] paths=['/bin'] var='PMC_CONFIG' -> None
from /share/home/e6a000516/pp643/COBAYA/cobaya-1/code/planck/clik-main: Could not find the program ['pmc-config']
--------------------------------------------------------------------------
Checking for library pmc
==>

int main(int argc, char **argv) {
	(void)argc; (void)argv;
	return 0;
}

<==
[1/2] Compiling build/.conf_check_b12e18f381c4f041f39651719c9130e9/test.c

['/share/home/apps/gcc/11.3.0/bin/gcc', '-DPYTHONDIR="/share/home/e6a000516/pp643/COBAYA/cobaya-1/code/planck/clik-main/lib/python3.9/site-packages"', '-DPYTHONARCHDIR="/share/home/e6a000516/pp643/COBAYA/cobaya-1/code/planck/clik-main/lib/python3.9/site-packages"', '-DHAVE_PYEMBED=1', '-DHAVE_PYTHON_H=1', '-DHAS_PMC', '../test.c', '-c', '-o/share/home/e6a000516/pp643/COBAYA/cobaya-1/code/planck/clik-main/build/.conf_check_b12e18f381c4f041f39651719c9130e9/testbuild/test.c.1.o']
[2/2] Linking build/.conf_check_b12e18f381c4f041f39651719c9130e9/testbuild/testprog

['/share/home/apps/gcc/11.3.0/bin/gcc', '-m64', 'test.c.1.o', '-o/share/home/e6a000516/pp643/COBAYA/cobaya-1/code/planck/clik-main/build/.conf_check_b12e18f381c4f041f39651719c9130e9/testbuild/testprog', '-Wl,-rpath,/share/home/e6a000516/pp643/COBAYA/cobaya-1/code/planck/clik-main/lib', '-Wl,-Bstatic', '-Wl,-Bdynamic', '-lpmc']
err: /usr/bin/ld: cannot find -lpmc
collect2: error: ld returned 1 exit status

from /share/home/e6a000516/pp643/COBAYA/cobaya-1/code/planck/clik-main: Test does not build: Traceback (most recent call last):
  File "/share/home/e6a000516/pp643/COBAYA/cobaya-1/code/planck/clik-main/.waf3-2.1.4-0be3d8ab3ec788e6fb3a69cc66acc816/waflib/Configure.py", line 337, in run_build
    bld.compile()
  File "/share/home/e6a000516/pp643/COBAYA/cobaya-1/code/planck/clik-main/.waf3-2.1.4-0be3d8ab3ec788e6fb3a69cc66acc816/waflib/Build.py", line 176, in compile
    raise Errors.BuildError(self.producer.error)
waflib.Errors.BuildError: Build failed
 -> task in 'testprog' failed with exit status 1 (run with -v to display more information)

not found
from /share/home/e6a000516/pp643/COBAYA/cobaya-1/code/planck/clik-main: The configuration failed
--------------------------------------------------------------------------
Checking for library ['lapack', 'blas']
==>

int main(int argc, char **argv) {
	(void)argc; (void)argv;
	return 0;
}

<==
[1/2] Compiling build/.conf_check_b21f6fcbd253154d4cad03cddf0e864e/test.c

['/share/home/apps/gcc/11.3.0/bin/gcc', '-I../../../include', '-DPYTHONDIR="/share/home/e6a000516/pp643/COBAYA/cobaya-1/code/planck/clik-main/lib/python3.9/site-packages"', '-DPYTHONARCHDIR="/share/home/e6a000516/pp643/COBAYA/cobaya-1/code/planck/clik-main/lib/python3.9/site-packages"', '-DHAVE_PYEMBED=1', '-DHAVE_PYTHON_H=1', '-DHAS_LAPACK', '-DLAPACK_CLIK', '../test.c', '-c', '-o/share/home/e6a000516/pp643/COBAYA/cobaya-1/code/planck/clik-main/build/.conf_check_b21f6fcbd253154d4cad03cddf0e864e/testbuild/test.c.1.o']
[2/2] Linking build/.conf_check_b21f6fcbd253154d4cad03cddf0e864e/testbuild/testprog

['/share/home/apps/gcc/11.3.0/bin/gcc', '-m64', 'test.c.1.o', '-o/share/home/e6a000516/pp643/COBAYA/cobaya-1/code/planck/clik-main/build/.conf_check_b21f6fcbd253154d4cad03cddf0e864e/testbuild/testprog', '-Wl,-rpath,/share/home/e6a000516/pp643/COBAYA/cobaya-1/code/planck/clik-main/lib', '-Wl,-Bstatic', '-Wl,-Bdynamic', '-llapack', '-lblas']
yes
--------------------------------------------------------------------------
checking for function 'dposv'
==>
#include <lapack_clik.h>

int main(int argc, char **argv) {
void (*p)();
(void)argc; (void)argv;
p=(void(*)())(dposv);
return !p;
}
<==
[1/2] Compiling build/.conf_check_8de7b3eb990f84924d140bb035121e1f/test.c

['/share/home/apps/gcc/11.3.0/bin/gcc', '-I../../../include', '-DPYTHONDIR="/share/home/e6a000516/pp643/COBAYA/cobaya-1/code/planck/clik-main/lib/python3.9/site-packages"', '-DPYTHONARCHDIR="/share/home/e6a000516/pp643/COBAYA/cobaya-1/code/planck/clik-main/lib/python3.9/site-packages"', '-DHAVE_PYEMBED=1', '-DHAVE_PYTHON_H=1', '-DHAS_LAPACK', '-DLAPACK_CLIK', '../test.c', '-c', '-o/share/home/e6a000516/pp643/COBAYA/cobaya-1/code/planck/clik-main/build/.conf_check_8de7b3eb990f84924d140bb035121e1f/testbuild/test.c.1.o']
[2/2] Linking build/.conf_check_8de7b3eb990f84924d140bb035121e1f/testbuild/testprog

['/share/home/apps/gcc/11.3.0/bin/gcc', '-m64', 'test.c.1.o', '-o/share/home/e6a000516/pp643/COBAYA/cobaya-1/code/planck/clik-main/build/.conf_check_8de7b3eb990f84924d140bb035121e1f/testbuild/testprog', '-Wl,-rpath,/share/home/e6a000516/pp643/COBAYA/cobaya-1/code/planck/clik-main/lib', '-Wl,-Bstatic', '-Wl,-Bdynamic', '-llapack', '-lblas']
yes
--------------------------------------------------------------------------
checking for function 'dtrsv'
==>
#include <lapack_clik.h>

int main(int argc, char **argv) {
void (*p)();
(void)argc; (void)argv;
p=(void(*)())(dtrsv);
return !p;
}
<==
[1/2] Compiling build/.conf_check_0e103adbb19f2ea70de88a14c16bd8d0/test.c

['/share/home/apps/gcc/11.3.0/bin/gcc', '-I../../../include', '-DPYTHONDIR="/share/home/e6a000516/pp643/COBAYA/cobaya-1/code/planck/clik-main/lib/python3.9/site-packages"', '-DPYTHONARCHDIR="/share/home/e6a000516/pp643/COBAYA/cobaya-1/code/planck/clik-main/lib/python3.9/site-packages"', '-DHAVE_PYEMBED=1', '-DHAVE_PYTHON_H=1', '-DHAS_LAPACK', '-DLAPACK_CLIK', '../test.c', '-c', '-o/share/home/e6a000516/pp643/COBAYA/cobaya-1/code/planck/clik-main/build/.conf_check_0e103adbb19f2ea70de88a14c16bd8d0/testbuild/test.c.1.o']
[2/2] Linking build/.conf_check_0e103adbb19f2ea70de88a14c16bd8d0/testbuild/testprog

['/share/home/apps/gcc/11.3.0/bin/gcc', '-m64', 'test.c.1.o', '-o/share/home/e6a000516/pp643/COBAYA/cobaya-1/code/planck/clik-main/build/.conf_check_0e103adbb19f2ea70de88a14c16bd8d0/testbuild/testprog', '-Wl,-rpath,/share/home/e6a000516/pp643/COBAYA/cobaya-1/code/planck/clik-main/lib', '-Wl,-Bstatic', '-Wl,-Bdynamic', '-llapack', '-lblas']
yes
--------------------------------------------------------------------------
checking for function 'dpotrf'
==>
#include <lapack_clik.h>

int main(int argc, char **argv) {
void (*p)();
(void)argc; (void)argv;
p=(void(*)())(dpotrf);
return !p;
}
<==
[1/2] Compiling build/.conf_check_68b5706cdd10f291928350c15691d607/test.c

['/share/home/apps/gcc/11.3.0/bin/gcc', '-I../../../include', '-DPYTHONDIR="/share/home/e6a000516/pp643/COBAYA/cobaya-1/code/planck/clik-main/lib/python3.9/site-packages"', '-DPYTHONARCHDIR="/share/home/e6a000516/pp643/COBAYA/cobaya-1/code/planck/clik-main/lib/python3.9/site-packages"', '-DHAVE_PYEMBED=1', '-DHAVE_PYTHON_H=1', '-DHAS_LAPACK', '-DLAPACK_CLIK', '../test.c', '-c', '-o/share/home/e6a000516/pp643/COBAYA/cobaya-1/code/planck/clik-main/build/.conf_check_68b5706cdd10f291928350c15691d607/testbuild/test.c.1.o']
[2/2] Linking build/.conf_check_68b5706cdd10f291928350c15691d607/testbuild/testprog

['/share/home/apps/gcc/11.3.0/bin/gcc', '-m64', 'test.c.1.o', '-o/share/home/e6a000516/pp643/COBAYA/cobaya-1/code/planck/clik-main/build/.conf_check_68b5706cdd10f291928350c15691d607/testbuild/testprog', '-Wl,-rpath,/share/home/e6a000516/pp643/COBAYA/cobaya-1/code/planck/clik-main/lib', '-Wl,-Bstatic', '-Wl,-Bdynamic', '-llapack', '-lblas']
yes
--------------------------------------------------------------------------
checking for function 'dpotrs'
==>
#include <lapack_clik.h>

int main(int argc, char **argv) {
void (*p)();
(void)argc; (void)argv;
p=(void(*)())(dpotrs);
return !p;
}
<==
[1/2] Compiling build/.conf_check_c3ed991dff324b0b8ff640a900cc6d52/test.c

['/share/home/apps/gcc/11.3.0/bin/gcc', '-I../../../include', '-DPYTHONDIR="/share/home/e6a000516/pp643/COBAYA/cobaya-1/code/planck/clik-main/lib/python3.9/site-packages"', '-DPYTHONARCHDIR="/share/home/e6a000516/pp643/COBAYA/cobaya-1/code/planck/clik-main/lib/python3.9/site-packages"', '-DHAVE_PYEMBED=1', '-DHAVE_PYTHON_H=1', '-DHAS_LAPACK', '-DLAPACK_CLIK', '../test.c', '-c', '-o/share/home/e6a000516/pp643/COBAYA/cobaya-1/code/planck/clik-main/build/.conf_check_c3ed991dff324b0b8ff640a900cc6d52/testbuild/test.c.1.o']
[2/2] Linking build/.conf_check_c3ed991dff324b0b8ff640a900cc6d52/testbuild/testprog

['/share/home/apps/gcc/11.3.0/bin/gcc', '-m64', 'test.c.1.o', '-o/share/home/e6a000516/pp643/COBAYA/cobaya-1/code/planck/clik-main/build/.conf_check_c3ed991dff324b0b8ff640a900cc6d52/testbuild/testprog', '-Wl,-rpath,/share/home/e6a000516/pp643/COBAYA/cobaya-1/code/planck/clik-main/lib', '-Wl,-Bstatic', '-Wl,-Bdynamic', '-llapack', '-lblas']
yes
--------------------------------------------------------------------------
checking for function 'dpotri'
==>
#include <lapack_clik.h>

int main(int argc, char **argv) {
void (*p)();
(void)argc; (void)argv;
p=(void(*)())(dpotri);
return !p;
}
<==
[1/2] Compiling build/.conf_check_fde1f89bca8f82fd61424d8bb8ae830c/test.c

['/share/home/apps/gcc/11.3.0/bin/gcc', '-I../../../include', '-DPYTHONDIR="/share/home/e6a000516/pp643/COBAYA/cobaya-1/code/planck/clik-main/lib/python3.9/site-packages"', '-DPYTHONARCHDIR="/share/home/e6a000516/pp643/COBAYA/cobaya-1/code/planck/clik-main/lib/python3.9/site-packages"', '-DHAVE_PYEMBED=1', '-DHAVE_PYTHON_H=1', '-DHAS_LAPACK', '-DLAPACK_CLIK', '../test.c', '-c', '-o/share/home/e6a000516/pp643/COBAYA/cobaya-1/code/planck/clik-main/build/.conf_check_fde1f89bca8f82fd61424d8bb8ae830c/testbuild/test.c.1.o']
[2/2] Linking build/.conf_check_fde1f89bca8f82fd61424d8bb8ae830c/testbuild/testprog

['/share/home/apps/gcc/11.3.0/bin/gcc', '-m64', 'test.c.1.o', '-o/share/home/e6a000516/pp643/COBAYA/cobaya-1/code/planck/clik-main/build/.conf_check_fde1f89bca8f82fd61424d8bb8ae830c/testbuild/testprog', '-Wl,-rpath,/share/home/e6a000516/pp643/COBAYA/cobaya-1/code/planck/clik-main/lib', '-Wl,-Bstatic', '-Wl,-Bdynamic', '-llapack', '-lblas']
yes
--------------------------------------------------------------------------
checking for function 'dtrtri'
==>
#include <lapack_clik.h>

int main(int argc, char **argv) {
void (*p)();
(void)argc; (void)argv;
p=(void(*)())(dtrtri);
return !p;
}
<==
[1/2] Compiling build/.conf_check_2f4fd8c7484c30e20103b79ec2d99bef/test.c

['/share/home/apps/gcc/11.3.0/bin/gcc', '-I../../../include', '-DPYTHONDIR="/share/home/e6a000516/pp643/COBAYA/cobaya-1/code/planck/clik-main/lib/python3.9/site-packages"', '-DPYTHONARCHDIR="/share/home/e6a000516/pp643/COBAYA/cobaya-1/code/planck/clik-main/lib/python3.9/site-packages"', '-DHAVE_PYEMBED=1', '-DHAVE_PYTHON_H=1', '-DHAS_LAPACK', '-DLAPACK_CLIK', '../test.c', '-c', '-o/share/home/e6a000516/pp643/COBAYA/cobaya-1/code/planck/clik-main/build/.conf_check_2f4fd8c7484c30e20103b79ec2d99bef/testbuild/test.c.1.o']
[2/2] Linking build/.conf_check_2f4fd8c7484c30e20103b79ec2d99bef/testbuild/testprog

['/share/home/apps/gcc/11.3.0/bin/gcc', '-m64', 'test.c.1.o', '-o/share/home/e6a000516/pp643/COBAYA/cobaya-1/code/planck/clik-main/build/.conf_check_2f4fd8c7484c30e20103b79ec2d99bef/testbuild/testprog', '-Wl,-rpath,/share/home/e6a000516/pp643/COBAYA/cobaya-1/code/planck/clik-main/lib', '-Wl,-Bstatic', '-Wl,-Bdynamic', '-llapack', '-lblas']
yes
--------------------------------------------------------------------------
checking for function 'dtrmm'
==>
#include <lapack_clik.h>

int main(int argc, char **argv) {
void (*p)();
(void)argc; (void)argv;
p=(void(*)())(dtrmm);
return !p;
}
<==
[1/2] Compiling build/.conf_check_b9ba5b9783b4323ba6ed8f3cf7550ecc/test.c

['/share/home/apps/gcc/11.3.0/bin/gcc', '-I../../../include', '-DPYTHONDIR="/share/home/e6a000516/pp643/COBAYA/cobaya-1/code/planck/clik-main/lib/python3.9/site-packages"', '-DPYTHONARCHDIR="/share/home/e6a000516/pp643/COBAYA/cobaya-1/code/planck/clik-main/lib/python3.9/site-packages"', '-DHAVE_PYEMBED=1', '-DHAVE_PYTHON_H=1', '-DHAS_LAPACK', '-DLAPACK_CLIK', '../test.c', '-c', '-o/share/home/e6a000516/pp643/COBAYA/cobaya-1/code/planck/clik-main/build/.conf_check_b9ba5b9783b4323ba6ed8f3cf7550ecc/testbuild/test.c.1.o']
[2/2] Linking build/.conf_check_b9ba5b9783b4323ba6ed8f3cf7550ecc/testbuild/testprog

['/share/home/apps/gcc/11.3.0/bin/gcc', '-m64', 'test.c.1.o', '-o/share/home/e6a000516/pp643/COBAYA/cobaya-1/code/planck/clik-main/build/.conf_check_b9ba5b9783b4323ba6ed8f3cf7550ecc/testbuild/testprog', '-Wl,-rpath,/share/home/e6a000516/pp643/COBAYA/cobaya-1/code/planck/clik-main/lib', '-Wl,-Bstatic', '-Wl,-Bdynamic', '-llapack', '-lblas']
yes
--------------------------------------------------------------------------
checking for function 'dtrmv'
==>
#include <lapack_clik.h>

int main(int argc, char **argv) {
void (*p)();
(void)argc; (void)argv;
p=(void(*)())(dtrmv);
return !p;
}
<==
[1/2] Compiling build/.conf_check_bf9596b7dd4480276187121a0b247588/test.c

['/share/home/apps/gcc/11.3.0/bin/gcc', '-I../../../include', '-DPYTHONDIR="/share/home/e6a000516/pp643/COBAYA/cobaya-1/code/planck/clik-main/lib/python3.9/site-packages"', '-DPYTHONARCHDIR="/share/home/e6a000516/pp643/COBAYA/cobaya-1/code/planck/clik-main/lib/python3.9/site-packages"', '-DHAVE_PYEMBED=1', '-DHAVE_PYTHON_H=1', '-DHAS_LAPACK', '-DLAPACK_CLIK', '../test.c', '-c', '-o/share/home/e6a000516/pp643/COBAYA/cobaya-1/code/planck/clik-main/build/.conf_check_bf9596b7dd4480276187121a0b247588/testbuild/test.c.1.o']
[2/2] Linking build/.conf_check_bf9596b7dd4480276187121a0b247588/testbuild/testprog

['/share/home/apps/gcc/11.3.0/bin/gcc', '-m64', 'test.c.1.o', '-o/share/home/e6a000516/pp643/COBAYA/cobaya-1/code/planck/clik-main/build/.conf_check_bf9596b7dd4480276187121a0b247588/testbuild/testprog', '-Wl,-rpath,/share/home/e6a000516/pp643/COBAYA/cobaya-1/code/planck/clik-main/lib', '-Wl,-Bstatic', '-Wl,-Bdynamic', '-llapack', '-lblas']
yes
--------------------------------------------------------------------------
checking for function 'dgeqrf'
==>
#include <lapack_clik.h>

int main(int argc, char **argv) {
void (*p)();
(void)argc; (void)argv;
p=(void(*)())(dgeqrf);
return !p;
}
<==
[1/2] Compiling build/.conf_check_6f0d1645a06cfc2c64c4e9159871650f/test.c

['/share/home/apps/gcc/11.3.0/bin/gcc', '-I../../../include', '-DPYTHONDIR="/share/home/e6a000516/pp643/COBAYA/cobaya-1/code/planck/clik-main/lib/python3.9/site-packages"', '-DPYTHONARCHDIR="/share/home/e6a000516/pp643/COBAYA/cobaya-1/code/planck/clik-main/lib/python3.9/site-packages"', '-DHAVE_PYEMBED=1', '-DHAVE_PYTHON_H=1', '-DHAS_LAPACK', '-DLAPACK_CLIK', '../test.c', '-c', '-o/share/home/e6a000516/pp643/COBAYA/cobaya-1/code/planck/clik-main/build/.conf_check_6f0d1645a06cfc2c64c4e9159871650f/testbuild/test.c.1.o']
[2/2] Linking build/.conf_check_6f0d1645a06cfc2c64c4e9159871650f/testbuild/testprog

['/share/home/apps/gcc/11.3.0/bin/gcc', '-m64', 'test.c.1.o', '-o/share/home/e6a000516/pp643/COBAYA/cobaya-1/code/planck/clik-main/build/.conf_check_6f0d1645a06cfc2c64c4e9159871650f/testbuild/testprog', '-Wl,-rpath,/share/home/e6a000516/pp643/COBAYA/cobaya-1/code/planck/clik-main/lib', '-Wl,-Bstatic', '-Wl,-Bdynamic', '-llapack', '-lblas']
yes
--------------------------------------------------------------------------
checking for function 'dormqr'
==>
#include <lapack_clik.h>

int main(int argc, char **argv) {
void (*p)();
(void)argc; (void)argv;
p=(void(*)())(dormqr);
return !p;
}
<==
[1/2] Compiling build/.conf_check_e21a1348e83cd599c6bbbd8c5530ab5d/test.c

['/share/home/apps/gcc/11.3.0/bin/gcc', '-I../../../include', '-DPYTHONDIR="/share/home/e6a000516/pp643/COBAYA/cobaya-1/code/planck/clik-main/lib/python3.9/site-packages"', '-DPYTHONARCHDIR="/share/home/e6a000516/pp643/COBAYA/cobaya-1/code/planck/clik-main/lib/python3.9/site-packages"', '-DHAVE_PYEMBED=1', '-DHAVE_PYTHON_H=1', '-DHAS_LAPACK', '-DLAPACK_CLIK', '../test.c', '-c', '-o/share/home/e6a000516/pp643/COBAYA/cobaya-1/code/planck/clik-main/build/.conf_check_e21a1348e83cd599c6bbbd8c5530ab5d/testbuild/test.c.1.o']
[2/2] Linking build/.conf_check_e21a1348e83cd599c6bbbd8c5530ab5d/testbuild/testprog

['/share/home/apps/gcc/11.3.0/bin/gcc', '-m64', 'test.c.1.o', '-o/share/home/e6a000516/pp643/COBAYA/cobaya-1/code/planck/clik-main/build/.conf_check_e21a1348e83cd599c6bbbd8c5530ab5d/testbuild/testprog', '-Wl,-rpath,/share/home/e6a000516/pp643/COBAYA/cobaya-1/code/planck/clik-main/lib', '-Wl,-Bstatic', '-Wl,-Bdynamic', '-llapack', '-lblas']
yes
--------------------------------------------------------------------------
checking for function 'dsyev'
==>
#include <lapack_clik.h>

int main(int argc, char **argv) {
void (*p)();
(void)argc; (void)argv;
p=(void(*)())(dsyev);
return !p;
}
<==
[1/2] Compiling build/.conf_check_44179d0d152a5637068c0582659ec63e/test.c

['/share/home/apps/gcc/11.3.0/bin/gcc', '-I../../../include', '-DPYTHONDIR="/share/home/e6a000516/pp643/COBAYA/cobaya-1/code/planck/clik-main/lib/python3.9/site-packages"', '-DPYTHONARCHDIR="/share/home/e6a000516/pp643/COBAYA/cobaya-1/code/planck/clik-main/lib/python3.9/site-packages"', '-DHAVE_PYEMBED=1', '-DHAVE_PYTHON_H=1', '-DHAS_LAPACK', '-DLAPACK_CLIK', '../test.c', '-c', '-o/share/home/e6a000516/pp643/COBAYA/cobaya-1/code/planck/clik-main/build/.conf_check_44179d0d152a5637068c0582659ec63e/testbuild/test.c.1.o']
[2/2] Linking build/.conf_check_44179d0d152a5637068c0582659ec63e/testbuild/testprog

['/share/home/apps/gcc/11.3.0/bin/gcc', '-m64', 'test.c.1.o', '-o/share/home/e6a000516/pp643/COBAYA/cobaya-1/code/planck/clik-main/build/.conf_check_44179d0d152a5637068c0582659ec63e/testbuild/testprog', '-Wl,-rpath,/share/home/e6a000516/pp643/COBAYA/cobaya-1/code/planck/clik-main/lib', '-Wl,-Bstatic', '-Wl,-Bdynamic', '-llapack', '-lblas']
yes
--------------------------------------------------------------------------
checking for function 'dgesvd'
==>
#include <lapack_clik.h>

int main(int argc, char **argv) {
void (*p)();
(void)argc; (void)argv;
p=(void(*)())(dgesvd);
return !p;
}
<==
[1/2] Compiling build/.conf_check_8699b82c2f93557bc462167287220193/test.c

['/share/home/apps/gcc/11.3.0/bin/gcc', '-I../../../include', '-DPYTHONDIR="/share/home/e6a000516/pp643/COBAYA/cobaya-1/code/planck/clik-main/lib/python3.9/site-packages"', '-DPYTHONARCHDIR="/share/home/e6a000516/pp643/COBAYA/cobaya-1/code/planck/clik-main/lib/python3.9/site-packages"', '-DHAVE_PYEMBED=1', '-DHAVE_PYTHON_H=1', '-DHAS_LAPACK', '-DLAPACK_CLIK', '../test.c', '-c', '-o/share/home/e6a000516/pp643/COBAYA/cobaya-1/code/planck/clik-main/build/.conf_check_8699b82c2f93557bc462167287220193/testbuild/test.c.1.o']
[2/2] Linking build/.conf_check_8699b82c2f93557bc462167287220193/testbuild/testprog

['/share/home/apps/gcc/11.3.0/bin/gcc', '-m64', 'test.c.1.o', '-o/share/home/e6a000516/pp643/COBAYA/cobaya-1/code/planck/clik-main/build/.conf_check_8699b82c2f93557bc462167287220193/testbuild/testprog', '-Wl,-rpath,/share/home/e6a000516/pp643/COBAYA/cobaya-1/code/planck/clik-main/lib', '-Wl,-Bstatic', '-Wl,-Bdynamic', '-llapack', '-lblas']
yes
--------------------------------------------------------------------------
checking for function 'dsymv'
==>
#include <lapack_clik.h>

int main(int argc, char **argv) {
void (*p)();
(void)argc; (void)argv;
p=(void(*)())(dsymv);
return !p;
}
<==
[1/2] Compiling build/.conf_check_4b9e0b5dc40ecc0241917e29282f7cc6/test.c

['/share/home/apps/gcc/11.3.0/bin/gcc', '-I../../../include', '-DPYTHONDIR="/share/home/e6a000516/pp643/COBAYA/cobaya-1/code/planck/clik-main/lib/python3.9/site-packages"', '-DPYTHONARCHDIR="/share/home/e6a000516/pp643/COBAYA/cobaya-1/code/planck/clik-main/lib/python3.9/site-packages"', '-DHAVE_PYEMBED=1', '-DHAVE_PYTHON_H=1', '-DHAS_LAPACK', '-DLAPACK_CLIK', '../test.c', '-c', '-o/share/home/e6a000516/pp643/COBAYA/cobaya-1/code/planck/clik-main/build/.conf_check_4b9e0b5dc40ecc0241917e29282f7cc6/testbuild/test.c.1.o']
[2/2] Linking build/.conf_check_4b9e0b5dc40ecc0241917e29282f7cc6/testbuild/testprog

['/share/home/apps/gcc/11.3.0/bin/gcc', '-m64', 'test.c.1.o', '-o/share/home/e6a000516/pp643/COBAYA/cobaya-1/code/planck/clik-main/build/.conf_check_4b9e0b5dc40ecc0241917e29282f7cc6/testbuild/testprog', '-Wl,-rpath,/share/home/e6a000516/pp643/COBAYA/cobaya-1/code/planck/clik-main/lib', '-Wl,-Bstatic', '-Wl,-Bdynamic', '-llapack', '-lblas']
yes
--------------------------------------------------------------------------
checking for function 'dgemv'
==>
#include <lapack_clik.h>

int main(int argc, char **argv) {
void (*p)();
(void)argc; (void)argv;
p=(void(*)())(dgemv);
return !p;
}
<==
[1/2] Compiling build/.conf_check_32cf20597c6f00e1cfb26d93d5444bcd/test.c

['/share/home/apps/gcc/11.3.0/bin/gcc', '-I../../../include', '-DPYTHONDIR="/share/home/e6a000516/pp643/COBAYA/cobaya-1/code/planck/clik-main/lib/python3.9/site-packages"', '-DPYTHONARCHDIR="/share/home/e6a000516/pp643/COBAYA/cobaya-1/code/planck/clik-main/lib/python3.9/site-packages"', '-DHAVE_PYEMBED=1', '-DHAVE_PYTHON_H=1', '-DHAS_LAPACK', '-DLAPACK_CLIK', '../test.c', '-c', '-o/share/home/e6a000516/pp643/COBAYA/cobaya-1/code/planck/clik-main/build/.conf_check_32cf20597c6f00e1cfb26d93d5444bcd/testbuild/test.c.1.o']
[2/2] Linking build/.conf_check_32cf20597c6f00e1cfb26d93d5444bcd/testbuild/testprog

['/share/home/apps/gcc/11.3.0/bin/gcc', '-m64', 'test.c.1.o', '-o/share/home/e6a000516/pp643/COBAYA/cobaya-1/code/planck/clik-main/build/.conf_check_32cf20597c6f00e1cfb26d93d5444bcd/testbuild/testprog', '-Wl,-rpath,/share/home/e6a000516/pp643/COBAYA/cobaya-1/code/planck/clik-main/lib', '-Wl,-Bstatic', '-Wl,-Bdynamic', '-llapack', '-lblas']
yes
--------------------------------------------------------------------------
checking for function 'dgemm'
==>
#include <lapack_clik.h>

int main(int argc, char **argv) {
void (*p)();
(void)argc; (void)argv;
p=(void(*)())(dgemm);
return !p;
}
<==
[1/2] Compiling build/.conf_check_c4af3508e5d5880e9d546d548d42be9d/test.c

['/share/home/apps/gcc/11.3.0/bin/gcc', '-I../../../include', '-DPYTHONDIR="/share/home/e6a000516/pp643/COBAYA/cobaya-1/code/planck/clik-main/lib/python3.9/site-packages"', '-DPYTHONARCHDIR="/share/home/e6a000516/pp643/COBAYA/cobaya-1/code/planck/clik-main/lib/python3.9/site-packages"', '-DHAVE_PYEMBED=1', '-DHAVE_PYTHON_H=1', '-DHAS_LAPACK', '-DLAPACK_CLIK', '../test.c', '-c', '-o/share/home/e6a000516/pp643/COBAYA/cobaya-1/code/planck/clik-main/build/.conf_check_c4af3508e5d5880e9d546d548d42be9d/testbuild/test.c.1.o']
[2/2] Linking build/.conf_check_c4af3508e5d5880e9d546d548d42be9d/testbuild/testprog

['/share/home/apps/gcc/11.3.0/bin/gcc', '-m64', 'test.c.1.o', '-o/share/home/e6a000516/pp643/COBAYA/cobaya-1/code/planck/clik-main/build/.conf_check_c4af3508e5d5880e9d546d548d42be9d/testbuild/testprog', '-Wl,-rpath,/share/home/e6a000516/pp643/COBAYA/cobaya-1/code/planck/clik-main/lib', '-Wl,-Bstatic', '-Wl,-Bdynamic', '-llapack', '-lblas']
yes
--------------------------------------------------------------------------
checking for function 'dsyrk'
==>
#include <lapack_clik.h>

int main(int argc, char **argv) {
void (*p)();
(void)argc; (void)argv;
p=(void(*)())(dsyrk);
return !p;
}
<==
[1/2] Compiling build/.conf_check_622e2f66a719dac8f1969ea77b904f05/test.c

['/share/home/apps/gcc/11.3.0/bin/gcc', '-I../../../include', '-DPYTHONDIR="/share/home/e6a000516/pp643/COBAYA/cobaya-1/code/planck/clik-main/lib/python3.9/site-packages"', '-DPYTHONARCHDIR="/share/home/e6a000516/pp643/COBAYA/cobaya-1/code/planck/clik-main/lib/python3.9/site-packages"', '-DHAVE_PYEMBED=1', '-DHAVE_PYTHON_H=1', '-DHAS_LAPACK', '-DLAPACK_CLIK', '../test.c', '-c', '-o/share/home/e6a000516/pp643/COBAYA/cobaya-1/code/planck/clik-main/build/.conf_check_622e2f66a719dac8f1969ea77b904f05/testbuild/test.c.1.o']
[2/2] Linking build/.conf_check_622e2f66a719dac8f1969ea77b904f05/testbuild/testprog

['/share/home/apps/gcc/11.3.0/bin/gcc', '-m64', 'test.c.1.o', '-o/share/home/e6a000516/pp643/COBAYA/cobaya-1/code/planck/clik-main/build/.conf_check_622e2f66a719dac8f1969ea77b904f05/testbuild/testprog', '-Wl,-rpath,/share/home/e6a000516/pp643/COBAYA/cobaya-1/code/planck/clik-main/lib', '-Wl,-Bstatic', '-Wl,-Bdynamic', '-llapack', '-lblas']
yes
--------------------------------------------------------------------------
checking for function 'dsyr2k'
==>
#include <lapack_clik.h>

int main(int argc, char **argv) {
void (*p)();
(void)argc; (void)argv;
p=(void(*)())(dsyr2k);
return !p;
}
<==
[1/2] Compiling build/.conf_check_0fe0c798d1cb21bc37a8cfeff6e30bcb/test.c

['/share/home/apps/gcc/11.3.0/bin/gcc', '-I../../../include', '-DPYTHONDIR="/share/home/e6a000516/pp643/COBAYA/cobaya-1/code/planck/clik-main/lib/python3.9/site-packages"', '-DPYTHONARCHDIR="/share/home/e6a000516/pp643/COBAYA/cobaya-1/code/planck/clik-main/lib/python3.9/site-packages"', '-DHAVE_PYEMBED=1', '-DHAVE_PYTHON_H=1', '-DHAS_LAPACK', '-DLAPACK_CLIK', '../test.c', '-c', '-o/share/home/e6a000516/pp643/COBAYA/cobaya-1/code/planck/clik-main/build/.conf_check_0fe0c798d1cb21bc37a8cfeff6e30bcb/testbuild/test.c.1.o']
[2/2] Linking build/.conf_check_0fe0c798d1cb21bc37a8cfeff6e30bcb/testbuild/testprog

['/share/home/apps/gcc/11.3.0/bin/gcc', '-m64', 'test.c.1.o', '-o/share/home/e6a000516/pp643/COBAYA/cobaya-1/code/planck/clik-main/build/.conf_check_0fe0c798d1cb21bc37a8cfeff6e30bcb/testbuild/testprog', '-Wl,-rpath,/share/home/e6a000516/pp643/COBAYA/cobaya-1/code/planck/clik-main/lib', '-Wl,-Bstatic', '-Wl,-Bdynamic', '-llapack', '-lblas']
yes
--------------------------------------------------------------------------
checking for function 'daxpy'
==>
#include <lapack_clik.h>

int main(int argc, char **argv) {
void (*p)();
(void)argc; (void)argv;
p=(void(*)())(daxpy);
return !p;
}
<==
[1/2] Compiling build/.conf_check_c3d6aa101998c583a46e2722182bdf1f/test.c

['/share/home/apps/gcc/11.3.0/bin/gcc', '-I../../../include', '-DPYTHONDIR="/share/home/e6a000516/pp643/COBAYA/cobaya-1/code/planck/clik-main/lib/python3.9/site-packages"', '-DPYTHONARCHDIR="/share/home/e6a000516/pp643/COBAYA/cobaya-1/code/planck/clik-main/lib/python3.9/site-packages"', '-DHAVE_PYEMBED=1', '-DHAVE_PYTHON_H=1', '-DHAS_LAPACK', '-DLAPACK_CLIK', '../test.c', '-c', '-o/share/home/e6a000516/pp643/COBAYA/cobaya-1/code/planck/clik-main/build/.conf_check_c3d6aa101998c583a46e2722182bdf1f/testbuild/test.c.1.o']
[2/2] Linking build/.conf_check_c3d6aa101998c583a46e2722182bdf1f/testbuild/testprog

['/share/home/apps/gcc/11.3.0/bin/gcc', '-m64', 'test.c.1.o', '-o/share/home/e6a000516/pp643/COBAYA/cobaya-1/code/planck/clik-main/build/.conf_check_c3d6aa101998c583a46e2722182bdf1f/testbuild/testprog', '-Wl,-rpath,/share/home/e6a000516/pp643/COBAYA/cobaya-1/code/planck/clik-main/lib', '-Wl,-Bstatic', '-Wl,-Bdynamic', '-llapack', '-lblas']
yes
--------------------------------------------------------------------------
checking for function 'dtrsm'
==>
#include <lapack_clik.h>

int main(int argc, char **argv) {
void (*p)();
(void)argc; (void)argv;
p=(void(*)())(dtrsm);
return !p;
}
<==
[1/2] Compiling build/.conf_check_b10df4e51933a197738aba16eaaf72c1/test.c

['/share/home/apps/gcc/11.3.0/bin/gcc', '-I../../../include', '-DPYTHONDIR="/share/home/e6a000516/pp643/COBAYA/cobaya-1/code/planck/clik-main/lib/python3.9/site-packages"', '-DPYTHONARCHDIR="/share/home/e6a000516/pp643/COBAYA/cobaya-1/code/planck/clik-main/lib/python3.9/site-packages"', '-DHAVE_PYEMBED=1', '-DHAVE_PYTHON_H=1', '-DHAS_LAPACK', '-DLAPACK_CLIK', '../test.c', '-c', '-o/share/home/e6a000516/pp643/COBAYA/cobaya-1/code/planck/clik-main/build/.conf_check_b10df4e51933a197738aba16eaaf72c1/testbuild/test.c.1.o']
[2/2] Linking build/.conf_check_b10df4e51933a197738aba16eaaf72c1/testbuild/testprog

['/share/home/apps/gcc/11.3.0/bin/gcc', '-m64', 'test.c.1.o', '-o/share/home/e6a000516/pp643/COBAYA/cobaya-1/code/planck/clik-main/build/.conf_check_b10df4e51933a197738aba16eaaf72c1/testbuild/testprog', '-Wl,-rpath,/share/home/e6a000516/pp643/COBAYA/cobaya-1/code/planck/clik-main/lib', '-Wl,-Bstatic', '-Wl,-Bdynamic', '-llapack', '-lblas']
yes
--------------------------------------------------------------------------
checking for function 'dsymm'
==>
#include <lapack_clik.h>

int main(int argc, char **argv) {
void (*p)();
(void)argc; (void)argv;
p=(void(*)())(dsymm);
return !p;
}
<==
[1/2] Compiling build/.conf_check_f6213b2774d280736a164bfa75f6578b/test.c

['/share/home/apps/gcc/11.3.0/bin/gcc', '-I../../../include', '-DPYTHONDIR="/share/home/e6a000516/pp643/COBAYA/cobaya-1/code/planck/clik-main/lib/python3.9/site-packages"', '-DPYTHONARCHDIR="/share/home/e6a000516/pp643/COBAYA/cobaya-1/code/planck/clik-main/lib/python3.9/site-packages"', '-DHAVE_PYEMBED=1', '-DHAVE_PYTHON_H=1', '-DHAS_LAPACK', '-DLAPACK_CLIK', '../test.c', '-c', '-o/share/home/e6a000516/pp643/COBAYA/cobaya-1/code/planck/clik-main/build/.conf_check_f6213b2774d280736a164bfa75f6578b/testbuild/test.c.1.o']
[2/2] Linking build/.conf_check_f6213b2774d280736a164bfa75f6578b/testbuild/testprog

['/share/home/apps/gcc/11.3.0/bin/gcc', '-m64', 'test.c.1.o', '-o/share/home/e6a000516/pp643/COBAYA/cobaya-1/code/planck/clik-main/build/.conf_check_f6213b2774d280736a164bfa75f6578b/testbuild/testprog', '-Wl,-rpath,/share/home/e6a000516/pp643/COBAYA/cobaya-1/code/planck/clik-main/lib', '-Wl,-Bstatic', '-Wl,-Bdynamic', '-llapack', '-lblas']
yes
--------------------------------------------------------------------------
checking for function 'dsyr'
==>
#include <lapack_clik.h>

int main(int argc, char **argv) {
void (*p)();
(void)argc; (void)argv;
p=(void(*)())(dsyr);
return !p;
}
<==
[1/2] Compiling build/.conf_check_cc0d2afc8785fd82049a8ce846039704/test.c

['/share/home/apps/gcc/11.3.0/bin/gcc', '-I../../../include', '-DPYTHONDIR="/share/home/e6a000516/pp643/COBAYA/cobaya-1/code/planck/clik-main/lib/python3.9/site-packages"', '-DPYTHONARCHDIR="/share/home/e6a000516/pp643/COBAYA/cobaya-1/code/planck/clik-main/lib/python3.9/site-packages"', '-DHAVE_PYEMBED=1', '-DHAVE_PYTHON_H=1', '-DHAS_LAPACK', '-DLAPACK_CLIK', '../test.c', '-c', '-o/share/home/e6a000516/pp643/COBAYA/cobaya-1/code/planck/clik-main/build/.conf_check_cc0d2afc8785fd82049a8ce846039704/testbuild/test.c.1.o']
[2/2] Linking build/.conf_check_cc0d2afc8785fd82049a8ce846039704/testbuild/testprog

['/share/home/apps/gcc/11.3.0/bin/gcc', '-m64', 'test.c.1.o', '-o/share/home/e6a000516/pp643/COBAYA/cobaya-1/code/planck/clik-main/build/.conf_check_cc0d2afc8785fd82049a8ce846039704/testbuild/testprog', '-Wl,-rpath,/share/home/e6a000516/pp643/COBAYA/cobaya-1/code/planck/clik-main/lib', '-Wl,-Bstatic', '-Wl,-Bdynamic', '-llapack', '-lblas']
yes
--------------------------------------------------------------------------
checking for function 'ddot'
==>
#include <lapack_clik.h>

int main(int argc, char **argv) {
void (*p)();
(void)argc; (void)argv;
p=(void(*)())(ddot);
return !p;
}
<==
[1/2] Compiling build/.conf_check_733380463051fcd62fdd60fbbd790ec2/test.c

['/share/home/apps/gcc/11.3.0/bin/gcc', '-I../../../include', '-DPYTHONDIR="/share/home/e6a000516/pp643/COBAYA/cobaya-1/code/planck/clik-main/lib/python3.9/site-packages"', '-DPYTHONARCHDIR="/share/home/e6a000516/pp643/COBAYA/cobaya-1/code/planck/clik-main/lib/python3.9/site-packages"', '-DHAVE_PYEMBED=1', '-DHAVE_PYTHON_H=1', '-DHAS_LAPACK', '-DLAPACK_CLIK', '../test.c', '-c', '-o/share/home/e6a000516/pp643/COBAYA/cobaya-1/code/planck/clik-main/build/.conf_check_733380463051fcd62fdd60fbbd790ec2/testbuild/test.c.1.o']
[2/2] Linking build/.conf_check_733380463051fcd62fdd60fbbd790ec2/testbuild/testprog

['/share/home/apps/gcc/11.3.0/bin/gcc', '-m64', 'test.c.1.o', '-o/share/home/e6a000516/pp643/COBAYA/cobaya-1/code/planck/clik-main/build/.conf_check_733380463051fcd62fdd60fbbd790ec2/testbuild/testprog', '-Wl,-rpath,/share/home/e6a000516/pp643/COBAYA/cobaya-1/code/planck/clik-main/lib', '-Wl,-Bstatic', '-Wl,-Bdynamic', '-llapack', '-lblas']
yes
--------------------------------------------------------------------------
checking for function 'dsyevd'
==>
#include <lapack_clik.h>

int main(int argc, char **argv) {
void (*p)();
(void)argc; (void)argv;
p=(void(*)())(dsyevd);
return !p;
}
<==
[1/2] Compiling build/.conf_check_6737b7bdb85cb154e2d07c6065792e3b/test.c

['/share/home/apps/gcc/11.3.0/bin/gcc', '-I../../../include', '-DPYTHONDIR="/share/home/e6a000516/pp643/COBAYA/cobaya-1/code/planck/clik-main/lib/python3.9/site-packages"', '-DPYTHONARCHDIR="/share/home/e6a000516/pp643/COBAYA/cobaya-1/code/planck/clik-main/lib/python3.9/site-packages"', '-DHAVE_PYEMBED=1', '-DHAVE_PYTHON_H=1', '-DHAS_LAPACK', '-DLAPACK_CLIK', '../test.c', '-c', '-o/share/home/e6a000516/pp643/COBAYA/cobaya-1/code/planck/clik-main/build/.conf_check_6737b7bdb85cb154e2d07c6065792e3b/testbuild/test.c.1.o']
[2/2] Linking build/.conf_check_6737b7bdb85cb154e2d07c6065792e3b/testbuild/testprog

['/share/home/apps/gcc/11.3.0/bin/gcc', '-m64', 'test.c.1.o', '-o/share/home/e6a000516/pp643/COBAYA/cobaya-1/code/planck/clik-main/build/.conf_check_6737b7bdb85cb154e2d07c6065792e3b/testbuild/testprog', '-Wl,-rpath,/share/home/e6a000516/pp643/COBAYA/cobaya-1/code/planck/clik-main/lib', '-Wl,-Bstatic', '-Wl,-Bdynamic', '-llapack', '-lblas']
yes
--------------------------------------------------------------------------
checking for function 'dlamch'
==>
#include <lapack_clik.h>

int main(int argc, char **argv) {
void (*p)();
(void)argc; (void)argv;
p=(void(*)())(dlamch);
return !p;
}
<==
[1/2] Compiling build/.conf_check_1981da4bedf59054a754521ac6112ba9/test.c

['/share/home/apps/gcc/11.3.0/bin/gcc', '-I../../../include', '-DPYTHONDIR="/share/home/e6a000516/pp643/COBAYA/cobaya-1/code/planck/clik-main/lib/python3.9/site-packages"', '-DPYTHONARCHDIR="/share/home/e6a000516/pp643/COBAYA/cobaya-1/code/planck/clik-main/lib/python3.9/site-packages"', '-DHAVE_PYEMBED=1', '-DHAVE_PYTHON_H=1', '-DHAS_LAPACK', '-DLAPACK_CLIK', '../test.c', '-c', '-o/share/home/e6a000516/pp643/COBAYA/cobaya-1/code/planck/clik-main/build/.conf_check_1981da4bedf59054a754521ac6112ba9/testbuild/test.c.1.o']
[2/2] Linking build/.conf_check_1981da4bedf59054a754521ac6112ba9/testbuild/testprog

['/share/home/apps/gcc/11.3.0/bin/gcc', '-m64', 'test.c.1.o', '-o/share/home/e6a000516/pp643/COBAYA/cobaya-1/code/planck/clik-main/build/.conf_check_1981da4bedf59054a754521ac6112ba9/testbuild/testprog', '-Wl,-rpath,/share/home/e6a000516/pp643/COBAYA/cobaya-1/code/planck/clik-main/lib', '-Wl,-Bstatic', '-Wl,-Bdynamic', '-llapack', '-lblas']
yes
--------------------------------------------------------------------------
checking for function 'dsyevr'
==>
#include <lapack_clik.h>

int main(int argc, char **argv) {
void (*p)();
(void)argc; (void)argv;
p=(void(*)())(dsyevr);
return !p;
}
<==
[1/2] Compiling build/.conf_check_88e293f3b45e109b18919563c46d3ab5/test.c

['/share/home/apps/gcc/11.3.0/bin/gcc', '-I../../../include', '-DPYTHONDIR="/share/home/e6a000516/pp643/COBAYA/cobaya-1/code/planck/clik-main/lib/python3.9/site-packages"', '-DPYTHONARCHDIR="/share/home/e6a000516/pp643/COBAYA/cobaya-1/code/planck/clik-main/lib/python3.9/site-packages"', '-DHAVE_PYEMBED=1', '-DHAVE_PYTHON_H=1', '-DHAS_LAPACK', '-DLAPACK_CLIK', '../test.c', '-c', '-o/share/home/e6a000516/pp643/COBAYA/cobaya-1/code/planck/clik-main/build/.conf_check_88e293f3b45e109b18919563c46d3ab5/testbuild/test.c.1.o']
[2/2] Linking build/.conf_check_88e293f3b45e109b18919563c46d3ab5/testbuild/testprog

['/share/home/apps/gcc/11.3.0/bin/gcc', '-m64', 'test.c.1.o', '-o/share/home/e6a000516/pp643/COBAYA/cobaya-1/code/planck/clik-main/build/.conf_check_88e293f3b45e109b18919563c46d3ab5/testbuild/testprog', '-Wl,-rpath,/share/home/e6a000516/pp643/COBAYA/cobaya-1/code/planck/clik-main/lib', '-Wl,-Bstatic', '-Wl,-Bdynamic', '-llapack', '-lblas']
yes
--------------------------------------------------------------------------
Checking for library ['cfitsio']
==>

int main(int argc, char **argv) {
	(void)argc; (void)argv;
	return 0;
}

<==
[1/2] Compiling build/.conf_check_560bdf5a9e788429fa232b13062567d3/test.c

['/share/home/apps/gcc/11.3.0/bin/gcc', '-fPIC', '-shared', '-I../../../include', '-DPYTHONDIR="/share/home/e6a000516/pp643/COBAYA/cobaya-1/code/planck/clik-main/lib/python3.9/site-packages"', '-DPYTHONARCHDIR="/share/home/e6a000516/pp643/COBAYA/cobaya-1/code/planck/clik-main/lib/python3.9/site-packages"', '-DHAVE_PYEMBED=1', '-DHAVE_PYTHON_H=1', '-DHAVE_LAPACK_CLIK_H=1', '../test.c', '-c', '-o/share/home/e6a000516/pp643/COBAYA/cobaya-1/code/planck/clik-main/build/.conf_check_560bdf5a9e788429fa232b13062567d3/testbuild/test.c.1.o']
[2/2] Linking build/.conf_check_560bdf5a9e788429fa232b13062567d3/testbuild/testprog

['/share/home/apps/gcc/11.3.0/bin/gcc', '-m64', '-shared', 'test.c.1.o', '-o/share/home/e6a000516/pp643/COBAYA/cobaya-1/code/planck/clik-main/build/.conf_check_560bdf5a9e788429fa232b13062567d3/testbuild/testprog', '-Wl,-rpath,/share/home/e6a000516/pp643/COBAYA/cobaya-1/code/planck/clik-main/lib', '-Wl,-rpath,/share/home/e6a000516/pp643/COBAYA/cobaya-1/code/planck/clik-main/lib', '-Wl,-Bstatic', '-Wl,-Bdynamic', '-L/share/home/e6a000516/pp643/COBAYA/cobaya-1/code/planck/clik-main/lib', '-lcfitsio']
err: /usr/bin/ld: cannot find -lcfitsio
collect2: error: ld returned 1 exit status

from /share/home/e6a000516/pp643/COBAYA/cobaya-1/code/planck/clik-main: Test does not build: Traceback (most recent call last):
  File "/share/home/e6a000516/pp643/COBAYA/cobaya-1/code/planck/clik-main/.waf3-2.1.4-0be3d8ab3ec788e6fb3a69cc66acc816/waflib/Configure.py", line 337, in run_build
    bld.compile()
  File "/share/home/e6a000516/pp643/COBAYA/cobaya-1/code/planck/clik-main/.waf3-2.1.4-0be3d8ab3ec788e6fb3a69cc66acc816/waflib/Build.py", line 176, in compile
    raise Errors.BuildError(self.producer.error)
waflib.Errors.BuildError: Build failed
 -> task in 'testprog' failed with exit status 1 (run with -v to display more information)

not found
from /share/home/e6a000516/pp643/COBAYA/cobaya-1/code/planck/clik-main: The configuration failed
cd build//;tar -zxf cfitsio_latest.tar.gz
cd build/cfitsio-4.6.2; ./configure --prefix=/share/home/e6a000516/pp643/COBAYA/cobaya-1/code/planck/clik-main   CC="/share/home/apps/gcc/11.3.0/bin/gcc -m64" CXX="/share/home/apps/gcc/11.3.0/bin/gcc -m64"  CPP="/share/home/apps/gcc/11.3.0/bin/gcc -E" CXXCPP="g++ -E" ; make clean;make -j 104 ;make -j 104 shared;make install
out: checking build system type... x86_64-pc-linux-gnu
checking host system type... x86_64-pc-linux-gnu
checking target system type... x86_64-pc-linux-gnu
checking for a BSD-compatible install... /usr/bin/install -c
checking whether sleep supports fractional seconds... yes
checking filesystem timestamp resolution... 0.01
checking whether build environment is sane... yes
checking for a race-free mkdir -p... /usr/bin/mkdir -p
checking for gawk... gawk
checking whether make sets $(MAKE)... yes
checking whether make supports nested variables... yes
checking xargs -n works... yes
checking whether to enable maintainer-specific portions of Makefiles... no
checking how to print strings... printf
checking whether make supports the include directive... yes (GNU style)
checking for gcc... /share/home/apps/gcc/11.3.0/bin/gcc -m64
checking whether the C compiler works... yes
checking for C compiler default output file name... a.out
checking for suffix of executables... 
checking whether we are cross compiling... no
checking for suffix of object files... o
checking whether the compiler supports GNU C... yes
checking whether /share/home/apps/gcc/11.3.0/bin/gcc -m64 accepts -g... yes
checking for /share/home/apps/gcc/11.3.0/bin/gcc -m64 option to enable C11 features... none needed
checking whether /share/home/apps/gcc/11.3.0/bin/gcc -m64 understands -c and -o together... yes
checking dependency style of /share/home/apps/gcc/11.3.0/bin/gcc -m64... gcc3
checking for a sed that does not truncate output... /usr/bin/sed
checking for grep that handles long lines and -e... /usr/bin/grep
checking for egrep... /usr/bin/grep -E
checking for fgrep... /usr/bin/grep -F
checking for ld used by /share/home/apps/gcc/11.3.0/bin/gcc -m64... /usr/bin/ld
checking if the linker (/usr/bin/ld) is GNU ld... yes
checking for BSD- or MS-compatible name lister (nm)... /usr/bin/nm -B
checking the name lister (/usr/bin/nm -B) interface... BSD nm
checking whether ln -s works... yes
checking the maximum length of command line arguments... 3458764513820540925
checking how to convert x86_64-pc-linux-gnu file names to x86_64-pc-linux-gnu format... func_convert_file_noop
checking how to convert x86_64-pc-linux-gnu file names to toolchain format... func_convert_file_noop
checking for /usr/bin/ld option to reload object files... -r
checking for file... file
checking for objdump... objdump
checking how to recognize dependent libraries... pass_all
checking for dlltool... no
checking how to associate runtime and link libraries... printf %s\n
checking for ar... ar
checking for archiver @FILE support... @
checking for strip... strip
checking for ranlib... ranlib
checking command to parse /usr/bin/nm -B output from /share/home/apps/gcc/11.3.0/bin/gcc -m64 object... ok
checking for sysroot... no
checking for a working dd... /usr/bin/dd
checking how to truncate binary pipes... /usr/bin/dd bs=4096 count=1
checking for mt... no
checking if : is a manifest tool... no
checking for stdio.h... yes
checking for stdlib.h... yes
checking for string.h... yes
checking for inttypes.h... yes
checking for stdint.h... yes
checking for strings.h... yes
checking for sys/stat.h... yes
checking for sys/types.h... yes
checking for unistd.h... yes
checking for dlfcn.h... yes
checking for objdir... .libs
checking if /share/home/apps/gcc/11.3.0/bin/gcc -m64 supports -fno-rtti -fno-exceptions... no
checking for /share/home/apps/gcc/11.3.0/bin/gcc -m64 option to produce PIC... -fPIC -DPIC
checking if /share/home/apps/gcc/11.3.0/bin/gcc -m64 PIC flag -fPIC -DPIC works... yes
checking if /share/home/apps/gcc/11.3.0/bin/gcc -m64 static flag -static works... yes
checking if /share/home/apps/gcc/11.3.0/bin/gcc -m64 supports -c -o file.o... yes
checking if /share/home/apps/gcc/11.3.0/bin/gcc -m64 supports -c -o file.o... (cached) yes
checking whether the /share/home/apps/gcc/11.3.0/bin/gcc -m64 linker (/usr/bin/ld -m elf_x86_64) supports shared libraries... yes
checking whether -lc should be explicitly linked in... no
checking dynamic linker characteristics... GNU/Linux ld.so
checking how to hardcode library paths into programs... immediate
checking whether stripping libraries is possible... yes
checking if libtool supports shared libraries... yes
checking whether to build shared libraries... yes
checking whether to build static libraries... yes
checking whether ln -s works... yes
checking for gcc... (cached) /share/home/apps/gcc/11.3.0/bin/gcc -m64
checking whether the compiler supports GNU C... (cached) yes
checking whether /share/home/apps/gcc/11.3.0/bin/gcc -m64 accepts -g... (cached) yes
checking for /share/home/apps/gcc/11.3.0/bin/gcc -m64 option to enable C11 features... (cached) none needed
checking whether /share/home/apps/gcc/11.3.0/bin/gcc -m64 understands -c and -o together... (cached) yes
checking dependency style of /share/home/apps/gcc/11.3.0/bin/gcc -m64... (cached) gcc3
configure: cfitsio: == Adding Fortran wrappers
checking for g77... no
checking for xlf... no
checking for f77... no
checking for frt... no
checking for pgf77... no
checking for cf77... no
checking for fort77... no
checking for fl32... no
checking for af77... no
checking for xlf90... no
checking for f90... no
checking for pgf90... no
checking for pghpf... no
checking for epcf90... no
checking for gfortran... gfortran
checking whether the compiler supports GNU Fortran 77... yes
checking whether gfortran accepts -g... yes
checking if libtool supports shared libraries... yes
checking whether to build shared libraries... yes
checking whether to build static libraries... yes
checking for gfortran option to produce PIC... -fPIC
checking if gfortran PIC flag -fPIC works... yes
checking if gfortran static flag -static works... yes
checking if gfortran supports -c -o file.o... yes
checking if gfortran supports -c -o file.o... (cached) yes
checking whether the gfortran linker (/usr/bin/ld -m elf_x86_64) supports shared libraries... yes
checking dynamic linker characteristics... (cached) GNU/Linux ld.so
checking how to hardcode library paths into programs... immediate
configure: cfitsio: == Adding wrapper support for GNU Fortran
checking for ar... ar
checking for stdlib.h... (cached) yes
checking for string.h... (cached) yes
checking for math.h... yes
checking for limits.h... yes
cfitsio: == Using /share/home/apps/gcc/11.3.0/bin/gcc -m64 version 11.3.0
checking for curl-config... /usr/bin/curl-config
checking for inflateEnd in -lz... yes
checking whether ftruncate works... yes
checking whether long long is defined... yes
checking whether system V style IPC services are supported... yes
checking whether flock_t is defined in sys/fcntl.h... no
checking whether flock_t is defined in sys/flock.h... no
checking whether union semun is defined... no
checking for fmemopen... yes
checking for library containing gethostbyname... none required
checking for library containing connect... none required
checking that generated files are newer than configure... done
configure: creating ./config.status
config.status: creating Makefile
config.status: executing depfiles commands
config.status: executing libtool commands
checking that generated files are newer than configure... done
configure: creating ./config.status
config.status: creating Makefile
config.status: creating cfitsio.pc
config.status: executing depfiles commands
config.status: executing libtool commands

    Congratulations, Makefile update was successful.
    You may want to run make now.

rm -f  cookbook fitscopy fitsverify fpack funpack imcopy smem speed
test -z "" || rm -f  cookbook fitscopy fitsverify fpack funpack imcopy smem speed
rm -f  testprog.fit testf77.fit atestfil.fit btestfil.fit y.output
rm -f  libcfitsio.la
rm -f ./so_locations
rm -rf .libs _libs
rm -f  testprog testf77
test -z "" || rm -f  testprog testf77
rm -f *.o
rm -f utilities/*.o
rm -f *.lo
/bin/sh ./libtool  --tag=CC   --mode=compile /share/home/apps/gcc/11.3.0/bin/gcc -m64 -DPACKAGE_NAME=\"cfitsio\" -DPACKAGE_TARNAME=\"cfitsio\" -DPACKAGE_VERSION=\"4.6.2\" -DPACKAGE_STRING=\"cfitsio\ 4.6.2\" -DPACKAGE_BUGREPORT=\"\" -DPACKAGE_URL=\"\" -DPACKAGE=\"cfitsio\" -DVERSION=\"4.6.2\" -DHAVE_STDIO_H=1 -DHAVE_STDLIB_H=1 -DHAVE_STRING_H=1 -DHAVE_INTTYPES_H=1 -DHAVE_STDINT_H=1 -DHAVE_STRINGS_H=1 -DHAVE_SYS_STAT_H=1 -DHAVE_SYS_TYPES_H=1 -DHAVE_UNISTD_H=1 -DSTDC_HEADERS=1 -DHAVE_DLFCN_H=1 -DLT_OBJDIR=\".libs/\" -DHAVE_STDLIB_H=1 -DHAVE_STRING_H=1 -DHAVE_MATH_H=1 -DHAVE_LIMITS_H=1 -D_LARGEFILE_SOURCE=1 -D_FILE_OFFSET_BITS=64 -DCFITSIO_HAVE_CURL=1 -DHAVE_LIBZ=1 -DHAVE_FTRUNCATE=1 -DHAVE_LONGLONG=1 -DHAVE_SHMEM_SERVICES=1 -DHAVE_FMEMOPEN=1 -DHAVE_NET_SERVICES=1 -I.     -DPACKAGE_NAME=\"cfitsio\" -DPACKAGE_TARNAME=\"cfitsio\" -DPACKAGE_VERSION=\"4.6.2\" -DPACKAGE_STRING=\"cfitsio\ 4.6.2\" -DPACKAGE_BUGREPORT=\"\" -DPACKAGE_URL=\"\" -DPACKAGE=\"cfitsio\" -DVERSION=\"4.6.2\" -DHAVE_STDIO_H=1 -DHAVE_STDLIB_H=1 -DHAVE_STRING_H=1 -DHAVE_INTTYPES_H=1 -DHAVE_STDINT_H=1 -DHAVE_STRINGS_H=1 -DHAVE_SYS_STAT_H=1 -DHAVE_SYS_TYPES_H=1 -DHAVE_UNISTD_H=1 -DSTDC_HEADERS=1 -DHAVE_DLFCN_H=1 -DLT_OBJDIR=\".libs/\" -DHAVE_STDLIB_H=1 -DHAVE_STRING_H=1 -DHAVE_MATH_H=1 -DHAVE_LIMITS_H=1 -D_LARGEFILE_SOURCE=1 -D_FILE_OFFSET_BITS=64 -DCFITSIO_HAVE_CURL=1 -DHAVE_LIBZ=1 -DHAVE_FTRUNCATE=1 -DHAVE_LONGLONG=1 -DHAVE_SHMEM_SERVICES=1 -DHAVE_FMEMOPEN=1 -DHAVE_NET_SERVICES=1 -g -O2 -Dg77Fortran -MT libcfitsio_la-buffers.lo -MD -MP -MF .deps/libcfitsio_la-buffers.Tpo -c -o libcfitsio_la-buffers.lo `test -f 'buffers.c' || echo './'`buffers.c
/bin/sh ./libtool  --tag=CC   --mode=compile /share/home/apps/gcc/11.3.0/bin/gcc -m64 -DPACKAGE_NAME=\"cfitsio\" -DPACKAGE_TARNAME=\"cfitsio\" -DPACKAGE_VERSION=\"4.6.2\" -DPACKAGE_STRING=\"cfitsio\ 4.6.2\" -DPACKAGE_BUGREPORT=\"\" -DPACKAGE_URL=\"\" -DPACKAGE=\"cfitsio\" -DVERSION=\"4.6.2\" -DHAVE_STDIO_H=1 -DHAVE_STDLIB_H=1 -DHAVE_STRING_H=1 -DHAVE_INTTYPES_H=1 -DHAVE_STDINT_H=1 -DHAVE_STRINGS_H=1 -DHAVE_SYS_STAT_H=1 -DHAVE_SYS_TYPES_H=1 -DHAVE_UNISTD_H=1 -DSTDC_HEADERS=1 -DHAVE_DLFCN_H=1 -DLT_OBJDIR=\".libs/\" -DHAVE_STDLIB_H=1 -DHAVE_STRING_H=1 -DHAVE_MATH_H=1 -DHAVE_LIMITS_H=1 -D_LARGEFILE_SOURCE=1 -D_FILE_OFFSET_BITS=64 -DCFITSIO_HAVE_CURL=1 -DHAVE_LIBZ=1 -DHAVE_FTRUNCATE=1 -DHAVE_LONGLONG=1 -DHAVE_SHMEM_SERVICES=1 -DHAVE_FMEMOPEN=1 -DHAVE_NET_SERVICES=1 -I.     -DPACKAGE_NAME=\"cfitsio\" -DPACKAGE_TARNAME=\"cfitsio\" -DPACKAGE_VERSION=\"4.6.2\" -DPACKAGE_STRING=\"cfitsio\ 4.6.2\" -DPACKAGE_BUGREPORT=\"\" -DPACKAGE_URL=\"\" -DPACKAGE=\"cfitsio\" -DVERSION=\"4.6.2\" -DHAVE_STDIO_H=1 -DHAVE_STDLIB_H=1 -DHAVE_STRING_H=1 -DHAVE_INTTYPES_H=1 -DHAVE_STDINT_H=1 -DHAVE_STRINGS_H=1 -DHAVE_SYS_STAT_H=1 -DHAVE_SYS_TYPES_H=1 -DHAVE_UNISTD_H=1 -DSTDC_HEADERS=1 -DHAVE_DLFCN_H=1 -DLT_OBJDIR=\".libs/\" -DHAVE_STDLIB_H=1 -DHAVE_STRING_H=1 -DHAVE_MATH_H=1 -DHAVE_LIMITS_H=1 -D_LARGEFILE_SOURCE=1 -D_FILE_OFFSET_BITS=64 -DCFITSIO_HAVE_CURL=1 -DHAVE_LIBZ=1 -DHAVE_FTRUNCATE=1 -DHAVE_LONGLONG=1 -DHAVE_SHMEM_SERVICES=1 -DHAVE_FMEMOPEN=1 -DHAVE_NET_SERVICES=1 -g -O2 -Dg77Fortran -MT libcfitsio_la-cfileio.lo -MD -MP -MF .deps/libcfitsio_la-cfileio.Tpo -c -o libcfitsio_la-cfileio.lo `test -f 'cfileio.c' || echo './'`cfileio.c
/bin/sh ./libtool  --tag=CC   --mode=compile /share/home/apps/gcc/11.3.0/bin/gcc -m64 -DPACKAGE_NAME=\"cfitsio\" -DPACKAGE_TARNAME=\"cfitsio\" -DPACKAGE_VERSION=\"4.6.2\" -DPACKAGE_STRING=\"cfitsio\ 4.6.2\" -DPACKAGE_BUGREPORT=\"\" -DPACKAGE_URL=\"\" -DPACKAGE=\"cfitsio\" -DVERSION=\"4.6.2\" -DHAVE_STDIO_H=1 -DHAVE_STDLIB_H=1 -DHAVE_STRING_H=1 -DHAVE_INTTYPES_H=1 -DHAVE_STDINT_H=1 -DHAVE_STRINGS_H=1 -DHAVE_SYS_STAT_H=1 -DHAVE_SYS_TYPES_H=1 -DHAVE_UNISTD_H=1 -DSTDC_HEADERS=1 -DHAVE_DLFCN_H=1 -DLT_OBJDIR=\".libs/\" -DHAVE_STDLIB_H=1 -DHAVE_STRING_H=1 -DHAVE_MATH_H=1 -DHAVE_LIMITS_H=1 -D_LARGEFILE_SOURCE=1 -D_FILE_OFFSET_BITS=64 -DCFITSIO_HAVE_CURL=1 -DHAVE_LIBZ=1 -DHAVE_FTRUNCATE=1 -DHAVE_LONGLONG=1 -DHAVE_SHMEM_SERVICES=1 -DHAVE_FMEMOPEN=1 -DHAVE_NET_SERVICES=1 -I.     -DPACKAGE_NAME=\"cfitsio\" -DPACKAGE_TARNAME=\"cfitsio\" -DPACKAGE_VERSION=\"4.6.2\" -DPACKAGE_STRING=\"cfitsio\ 4.6.2\" -DPACKAGE_BUGREPORT=\"\" -DPACKAGE_URL=\"\" -DPACKAGE=\"cfitsio\" -DVERSION=\"4.6.2\" -DHAVE_STDIO_H=1 -DHAVE_STDLIB_H=1 -DHAVE_STRING_H=1 -DHAVE_INTTYPES_H=1 -DHAVE_STDINT_H=1 -DHAVE_STRINGS_H=1 -DHAVE_SYS_STAT_H=1 -DHAVE_SYS_TYPES_H=1 -DHAVE_UNISTD_H=1 -DSTDC_HEADERS=1 -DHAVE_DLFCN_H=1 -DLT_OBJDIR=\".libs/\" -DHAVE_STDLIB_H=1 -DHAVE_STRING_H=1 -DHAVE_MATH_H=1 -DHAVE_LIMITS_H=1 -D_LARGEFILE_SOURCE=1 -D_FILE_OFFSET_BITS=64 -DCFITSIO_HAVE_CURL=1 -DHAVE_LIBZ=1 -DHAVE_FTRUNCATE=1 -DHAVE_LONGLONG=1 -DHAVE_SHMEM_SERVICES=1 -DHAVE_FMEMOPEN=1 -DHAVE_NET_SERVICES=1 -g -O2 -Dg77Fortran -MT libcfitsio_la-checksum.lo -MD -MP -MF .deps/libcfitsio_la-checksum.Tpo -c -o libcfitsio_la-checksum.lo `test -f 'checksum.c' || echo './'`checksum.c
/bin/sh ./libtool  --tag=CC   --mode=compile /share/home/apps/gcc/11.3.0/bin/gcc -m64 -DPACKAGE_NAME=\"cfitsio\" -DPACKAGE_TARNAME=\"cfitsio\" -DPACKAGE_VERSION=\"4.6.2\" -DPACKAGE_STRING=\"cfitsio\ 4.6.2\" -DPACKAGE_BUGREPORT=\"\" -DPACKAGE_URL=\"\" -DPACKAGE=\"cfitsio\" -DVERSION=\"4.6.2\" -DHAVE_STDIO_H=1 -DHAVE_STDLIB_H=1 -DHAVE_STRING_H=1 -DHAVE_INTTYPES_H=1 -DHAVE_STDINT_H=1 -DHAVE_STRINGS_H=1 -DHAVE_SYS_STAT_H=1 -DHAVE_SYS_TYPES_H=1 -DHAVE_UNISTD_H=1 -DSTDC_HEADERS=1 -DHAVE_DLFCN_H=1 -DLT_OBJDIR=\".libs/\" -DHAVE_STDLIB_H=1 -DHAVE_STRING_H=1 -DHAVE_MATH_H=1 -DHAVE_LIMITS_H=1 -D_LARGEFILE_SOURCE=1 -D_FILE_OFFSET_BITS=64 -DCFITSIO_HAVE_CURL=1 -DHAVE_LIBZ=1 -DHAVE_FTRUNCATE=1 -DHAVE_LONGLONG=1 -DHAVE_SHMEM_SERVICES=1 -DHAVE_FMEMOPEN=1 -DHAVE_NET_SERVICES=1 -I.     -DPACKAGE_NAME=\"cfitsio\" -DPACKAGE_TARNAME=\"cfitsio\" -DPACKAGE_VERSION=\"4.6.2\" -DPACKAGE_STRING=\"cfitsio\ 4.6.2\" -DPACKAGE_BUGREPORT=\"\" -DPACKAGE_URL=\"\" -DPACKAGE=\"cfitsio\" -DVERSION=\"4.6.2\" -DHAVE_STDIO_H=1 -DHAVE_STDLIB_H=1 -DHAVE_STRING_H=1 -DHAVE_INTTYPES_H=1 -DHAVE_STDINT_H=1 -DHAVE_STRINGS_H=1 -DHAVE_SYS_STAT_H=1 -DHAVE_SYS_TYPES_H=1 -DHAVE_UNISTD_H=1 -DSTDC_HEADERS=1 -DHAVE_DLFCN_H=1 -DLT_OBJDIR=\".libs/\" -DHAVE_STDLIB_H=1 -DHAVE_STRING_H=1 -DHAVE_MATH_H=1 -DHAVE_LIMITS_H=1 -D_LARGEFILE_SOURCE=1 -D_FILE_OFFSET_BITS=64 -DCFITSIO_HAVE_CURL=1 -DHAVE_LIBZ=1 -DHAVE_FTRUNCATE=1 -DHAVE_LONGLONG=1 -DHAVE_SHMEM_SERVICES=1 -DHAVE_FMEMOPEN=1 -DHAVE_NET_SERVICES=1 -g -O2 -Dg77Fortran -MT libcfitsio_la-drvrfile.lo -MD -MP -MF .deps/libcfitsio_la-drvrfile.Tpo -c -o libcfitsio_la-drvrfile.lo `test -f 'drvrfile.c' || echo './'`drvrfile.c
/bin/sh ./libtool  --tag=CC   --mode=compile /share/home/apps/gcc/11.3.0/bin/gcc -m64 -DPACKAGE_NAME=\"cfitsio\" -DPACKAGE_TARNAME=\"cfitsio\" -DPACKAGE_VERSION=\"4.6.2\" -DPACKAGE_STRING=\"cfitsio\ 4.6.2\" -DPACKAGE_BUGREPORT=\"\" -DPACKAGE_URL=\"\" -DPACKAGE=\"cfitsio\" -DVERSION=\"4.6.2\" -DHAVE_STDIO_H=1 -DHAVE_STDLIB_H=1 -DHAVE_STRING_H=1 -DHAVE_INTTYPES_H=1 -DHAVE_STDINT_H=1 -DHAVE_STRINGS_H=1 -DHAVE_SYS_STAT_H=1 -DHAVE_SYS_TYPES_H=1 -DHAVE_UNISTD_H=1 -DSTDC_HEADERS=1 -DHAVE_DLFCN_H=1 -DLT_OBJDIR=\".libs/\" -DHAVE_STDLIB_H=1 -DHAVE_STRING_H=1 -DHAVE_MATH_H=1 -DHAVE_LIMITS_H=1 -D_LARGEFILE_SOURCE=1 -D_FILE_OFFSET_BITS=64 -DCFITSIO_HAVE_CURL=1 -DHAVE_LIBZ=1 -DHAVE_FTRUNCATE=1 -DHAVE_LONGLONG=1 -DHAVE_SHMEM_SERVICES=1 -DHAVE_FMEMOPEN=1 -DHAVE_NET_SERVICES=1 -I.     -DPACKAGE_NAME=\"cfitsio\" -DPACKAGE_TARNAME=\"cfitsio\" -DPACKAGE_VERSION=\"4.6.2\" -DPACKAGE_STRING=\"cfitsio\ 4.6.2\" -DPACKAGE_BUGREPORT=\"\" -DPACKAGE_URL=\"\" -DPACKAGE=\"cfitsio\" -DVERSION=\"4.6.2\" -DHAVE_STDIO_H=1 -DHAVE_STDLIB_H=1 -DHAVE_STRING_H=1 -DHAVE_INTTYPES_H=1 -DHAVE_STDINT_H=1 -DHAVE_STRINGS_H=1 -DHAVE_SYS_STAT_H=1 -DHAVE_SYS_TYPES_H=1 -DHAVE_UNISTD_H=1 -DSTDC_HEADERS=1 -DHAVE_DLFCN_H=1 -DLT_OBJDIR=\".libs/\" -DHAVE_STDLIB_H=1 -DHAVE_STRING_H=1 -DHAVE_MATH_H=1 -DHAVE_LIMITS_H=1 -D_LARGEFILE_SOURCE=1 -D_FILE_OFFSET_BITS=64 -DCFITSIO_HAVE_CURL=1 -DHAVE_LIBZ=1 -DHAVE_FTRUNCATE=1 -DHAVE_LONGLONG=1 -DHAVE_SHMEM_SERVICES=1 -DHAVE_FMEMOPEN=1 -DHAVE_NET_SERVICES=1 -g -O2 -Dg77Fortran -MT libcfitsio_la-drvrmem.lo -MD -MP -MF .deps/libcfitsio_la-drvrmem.Tpo -c -o libcfitsio_la-drvrmem.lo `test -f 'drvrmem.c' || echo './'`drvrmem.c
/bin/sh ./libtool  --tag=CC   --mode=compile /share/home/apps/gcc/11.3.0/bin/gcc -m64 -DPACKAGE_NAME=\"cfitsio\" -DPACKAGE_TARNAME=\"cfitsio\" -DPACKAGE_VERSION=\"4.6.2\" -DPACKAGE_STRING=\"cfitsio\ 4.6.2\" -DPACKAGE_BUGREPORT=\"\" -DPACKAGE_URL=\"\" -DPACKAGE=\"cfitsio\" -DVERSION=\"4.6.2\" -DHAVE_STDIO_H=1 -DHAVE_STDLIB_H=1 -DHAVE_STRING_H=1 -DHAVE_INTTYPES_H=1 -DHAVE_STDINT_H=1 -DHAVE_STRINGS_H=1 -DHAVE_SYS_STAT_H=1 -DHAVE_SYS_TYPES_H=1 -DHAVE_UNISTD_H=1 -DSTDC_HEADERS=1 -DHAVE_DLFCN_H=1 -DLT_OBJDIR=\".libs/\" -DHAVE_STDLIB_H=1 -DHAVE_STRING_H=1 -DHAVE_MATH_H=1 -DHAVE_LIMITS_H=1 -D_LARGEFILE_SOURCE=1 -D_FILE_OFFSET_BITS=64 -DCFITSIO_HAVE_CURL=1 -DHAVE_LIBZ=1 -DHAVE_FTRUNCATE=1 -DHAVE_LONGLONG=1 -DHAVE_SHMEM_SERVICES=1 -DHAVE_FMEMOPEN=1 -DHAVE_NET_SERVICES=1 -I.     -DPACKAGE_NAME=\"cfitsio\" -DPACKAGE_TARNAME=\"cfitsio\" -DPACKAGE_VERSION=\"4.6.2\" -DPACKAGE_STRING=\"cfitsio\ 4.6.2\" -DPACKAGE_BUGREPORT=\"\" -DPACKAGE_URL=\"\" -DPACKAGE=\"cfitsio\" -DVERSION=\"4.6.2\" -DHAVE_STDIO_H=1 -DHAVE_STDLIB_H=1 -DHAVE_STRING_H=1 -DHAVE_INTTYPES_H=1 -DHAVE_STDINT_H=1 -DHAVE_STRINGS_H=1 -DHAVE_SYS_STAT_H=1 -DHAVE_SYS_TYPES_H=1 -DHAVE_UNISTD_H=1 -DSTDC_HEADERS=1 -DHAVE_DLFCN_H=1 -DLT_OBJDIR=\".libs/\" -DHAVE_STDLIB_H=1 -DHAVE_STRING_H=1 -DHAVE_MATH_H=1 -DHAVE_LIMITS_H=1 -D_LARGEFILE_SOURCE=1 -D_FILE_OFFSET_BITS=64 -DCFITSIO_HAVE_CURL=1 -DHAVE_LIBZ=1 -DHAVE_FTRUNCATE=1 -DHAVE_LONGLONG=1 -DHAVE_SHMEM_SERVICES=1 -DHAVE_FMEMOPEN=1 -DHAVE_NET_SERVICES=1 -g -O2 -Dg77Fortran -MT libcfitsio_la-drvrnet.lo -MD -MP -MF .deps/libcfitsio_la-drvrnet.Tpo -c -o libcfitsio_la-drvrnet.lo `test -f 'drvrnet.c' || echo './'`drvrnet.c
/bin/sh ./libtool  --tag=CC   --mode=compile /share/home/apps/gcc/11.3.0/bin/gcc -m64 -DPACKAGE_NAME=\"cfitsio\" -DPACKAGE_TARNAME=\"cfitsio\" -DPACKAGE_VERSION=\"4.6.2\" -DPACKAGE_STRING=\"cfitsio\ 4.6.2\" -DPACKAGE_BUGREPORT=\"\" -DPACKAGE_URL=\"\" -DPACKAGE=\"cfitsio\" -DVERSION=\"4.6.2\" -DHAVE_STDIO_H=1 -DHAVE_STDLIB_H=1 -DHAVE_STRING_H=1 -DHAVE_INTTYPES_H=1 -DHAVE_STDINT_H=1 -DHAVE_STRINGS_H=1 -DHAVE_SYS_STAT_H=1 -DHAVE_SYS_TYPES_H=1 -DHAVE_UNISTD_H=1 -DSTDC_HEADERS=1 -DHAVE_DLFCN_H=1 -DLT_OBJDIR=\".libs/\" -DHAVE_STDLIB_H=1 -DHAVE_STRING_H=1 -DHAVE_MATH_H=1 -DHAVE_LIMITS_H=1 -D_LARGEFILE_SOURCE=1 -D_FILE_OFFSET_BITS=64 -DCFITSIO_HAVE_CURL=1 -DHAVE_LIBZ=1 -DHAVE_FTRUNCATE=1 -DHAVE_LONGLONG=1 -DHAVE_SHMEM_SERVICES=1 -DHAVE_FMEMOPEN=1 -DHAVE_NET_SERVICES=1 -I.     -DPACKAGE_NAME=\"cfitsio\" -DPACKAGE_TARNAME=\"cfitsio\" -DPACKAGE_VERSION=\"4.6.2\" -DPACKAGE_STRING=\"cfitsio\ 4.6.2\" -DPACKAGE_BUGREPORT=\"\" -DPACKAGE_URL=\"\" -DPACKAGE=\"cfitsio\" -DVERSION=\"4.6.2\" -DHAVE_STDIO_H=1 -DHAVE_STDLIB_H=1 -DHAVE_STRING_H=1 -DHAVE_INTTYPES_H=1 -DHAVE_STDINT_H=1 -DHAVE_STRINGS_H=1 -DHAVE_SYS_STAT_H=1 -DHAVE_SYS_TYPES_H=1 -DHAVE_UNISTD_H=1 -DSTDC_HEADERS=1 -DHAVE_DLFCN_H=1 -DLT_OBJDIR=\".libs/\" -DHAVE_STDLIB_H=1 -DHAVE_STRING_H=1 -DHAVE_MATH_H=1 -DHAVE_LIMITS_H=1 -D_LARGEFILE_SOURCE=1 -D_FILE_OFFSET_BITS=64 -DCFITSIO_HAVE_CURL=1 -DHAVE_LIBZ=1 -DHAVE_FTRUNCATE=1 -DHAVE_LONGLONG=1 -DHAVE_SHMEM_SERVICES=1 -DHAVE_FMEMOPEN=1 -DHAVE_NET_SERVICES=1 -g -O2 -Dg77Fortran -MT libcfitsio_la-drvrsmem.lo -MD -MP -MF .deps/libcfitsio_la-drvrsmem.Tpo -c -o libcfitsio_la-drvrsmem.lo `test -f 'drvrsmem.c' || echo './'`drvrsmem.c
/bin/sh ./libtool  --tag=CC   --mode=compile /share/home/apps/gcc/11.3.0/bin/gcc -m64 -DPACKAGE_NAME=\"cfitsio\" -DPACKAGE_TARNAME=\"cfitsio\" -DPACKAGE_VERSION=\"4.6.2\" -DPACKAGE_STRING=\"cfitsio\ 4.6.2\" -DPACKAGE_BUGREPORT=\"\" -DPACKAGE_URL=\"\" -DPACKAGE=\"cfitsio\" -DVERSION=\"4.6.2\" -DHAVE_STDIO_H=1 -DHAVE_STDLIB_H=1 -DHAVE_STRING_H=1 -DHAVE_INTTYPES_H=1 -DHAVE_STDINT_H=1 -DHAVE_STRINGS_H=1 -DHAVE_SYS_STAT_H=1 -DHAVE_SYS_TYPES_H=1 -DHAVE_UNISTD_H=1 -DSTDC_HEADERS=1 -DHAVE_DLFCN_H=1 -DLT_OBJDIR=\".libs/\" -DHAVE_STDLIB_H=1 -DHAVE_STRING_H=1 -DHAVE_MATH_H=1 -DHAVE_LIMITS_H=1 -D_LARGEFILE_SOURCE=1 -D_FILE_OFFSET_BITS=64 -DCFITSIO_HAVE_CURL=1 -DHAVE_LIBZ=1 -DHAVE_FTRUNCATE=1 -DHAVE_LONGLONG=1 -DHAVE_SHMEM_SERVICES=1 -DHAVE_FMEMOPEN=1 -DHAVE_NET_SERVICES=1 -I.     -DPACKAGE_NAME=\"cfitsio\" -DPACKAGE_TARNAME=\"cfitsio\" -DPACKAGE_VERSION=\"4.6.2\" -DPACKAGE_STRING=\"cfitsio\ 4.6.2\" -DPACKAGE_BUGREPORT=\"\" -DPACKAGE_URL=\"\" -DPACKAGE=\"cfitsio\" -DVERSION=\"4.6.2\" -DHAVE_STDIO_H=1 -DHAVE_STDLIB_H=1 -DHAVE_STRING_H=1 -DHAVE_INTTYPES_H=1 -DHAVE_STDINT_H=1 -DHAVE_STRINGS_H=1 -DHAVE_SYS_STAT_H=1 -DHAVE_SYS_TYPES_H=1 -DHAVE_UNISTD_H=1 -DSTDC_HEADERS=1 -DHAVE_DLFCN_H=1 -DLT_OBJDIR=\".libs/\" -DHAVE_STDLIB_H=1 -DHAVE_STRING_H=1 -DHAVE_MATH_H=1 -DHAVE_LIMITS_H=1 -D_LARGEFILE_SOURCE=1 -D_FILE_OFFSET_BITS=64 -DCFITSIO_HAVE_CURL=1 -DHAVE_LIBZ=1 -DHAVE_FTRUNCATE=1 -DHAVE_LONGLONG=1 -DHAVE_SHMEM_SERVICES=1 -DHAVE_FMEMOPEN=1 -DHAVE_NET_SERVICES=1 -g -O2 -Dg77Fortran -MT libcfitsio_la-editcol.lo -MD -MP -MF .deps/libcfitsio_la-editcol.Tpo -c -o libcfitsio_la-editcol.lo `test -f 'editcol.c' || echo './'`editcol.c
/bin/sh ./libtool  --tag=CC   --mode=compile /share/home/apps/gcc/11.3.0/bin/gcc -m64 -DPACKAGE_NAME=\"cfitsio\" -DPACKAGE_TARNAME=\"cfitsio\" -DPACKAGE_VERSION=\"4.6.2\" -DPACKAGE_STRING=\"cfitsio\ 4.6.2\" -DPACKAGE_BUGREPORT=\"\" -DPACKAGE_URL=\"\" -DPACKAGE=\"cfitsio\" -DVERSION=\"4.6.2\" -DHAVE_STDIO_H=1 -DHAVE_STDLIB_H=1 -DHAVE_STRING_H=1 -DHAVE_INTTYPES_H=1 -DHAVE_STDINT_H=1 -DHAVE_STRINGS_H=1 -DHAVE_SYS_STAT_H=1 -DHAVE_SYS_TYPES_H=1 -DHAVE_UNISTD_H=1 -DSTDC_HEADERS=1 -DHAVE_DLFCN_H=1 -DLT_OBJDIR=\".libs/\" -DHAVE_STDLIB_H=1 -DHAVE_STRING_H=1 -DHAVE_MATH_H=1 -DHAVE_LIMITS_H=1 -D_LARGEFILE_SOURCE=1 -D_FILE_OFFSET_BITS=64 -DCFITSIO_HAVE_CURL=1 -DHAVE_LIBZ=1 -DHAVE_FTRUNCATE=1 -DHAVE_LONGLONG=1 -DHAVE_SHMEM_SERVICES=1 -DHAVE_FMEMOPEN=1 -DHAVE_NET_SERVICES=1 -I.     -DPACKAGE_NAME=\"cfitsio\" -DPACKAGE_TARNAME=\"cfitsio\" -DPACKAGE_VERSION=\"4.6.2\" -DPACKAGE_STRING=\"cfitsio\ 4.6.2\" -DPACKAGE_BUGREPORT=\"\" -DPACKAGE_URL=\"\" -DPACKAGE=\"cfitsio\" -DVERSION=\"4.6.2\" -DHAVE_STDIO_H=1 -DHAVE_STDLIB_H=1 -DHAVE_STRING_H=1 -DHAVE_INTTYPES_H=1 -DHAVE_STDINT_H=1 -DHAVE_STRINGS_H=1 -DHAVE_SYS_STAT_H=1 -DHAVE_SYS_TYPES_H=1 -DHAVE_UNISTD_H=1 -DSTDC_HEADERS=1 -DHAVE_DLFCN_H=1 -DLT_OBJDIR=\".libs/\" -DHAVE_STDLIB_H=1 -DHAVE_STRING_H=1 -DHAVE_MATH_H=1 -DHAVE_LIMITS_H=1 -D_LARGEFILE_SOURCE=1 -D_FILE_OFFSET_BITS=64 -DCFITSIO_HAVE_CURL=1 -DHAVE_LIBZ=1 -DHAVE_FTRUNCATE=1 -DHAVE_LONGLONG=1 -DHAVE_SHMEM_SERVICES=1 -DHAVE_FMEMOPEN=1 -DHAVE_NET_SERVICES=1 -g -O2 -Dg77Fortran -MT libcfitsio_la-edithdu.lo -MD -MP -MF .deps/libcfitsio_la-edithdu.Tpo -c -o libcfitsio_la-edithdu.lo `test -f 'edithdu.c' || echo './'`edithdu.c
/bin/sh ./libtool  --tag=CC   --mode=compile /share/home/apps/gcc/11.3.0/bin/gcc -m64 -DPACKAGE_NAME=\"cfitsio\" -DPACKAGE_TARNAME=\"cfitsio\" -DPACKAGE_VERSION=\"4.6.2\" -DPACKAGE_STRING=\"cfitsio\ 4.6.2\" -DPACKAGE_BUGREPORT=\"\" -DPACKAGE_URL=\"\" -DPACKAGE=\"cfitsio\" -DVERSION=\"4.6.2\" -DHAVE_STDIO_H=1 -DHAVE_STDLIB_H=1 -DHAVE_STRING_H=1 -DHAVE_INTTYPES_H=1 -DHAVE_STDINT_H=1 -DHAVE_STRINGS_H=1 -DHAVE_SYS_STAT_H=1 -DHAVE_SYS_TYPES_H=1 -DHAVE_UNISTD_H=1 -DSTDC_HEADERS=1 -DHAVE_DLFCN_H=1 -DLT_OBJDIR=\".libs/\" -DHAVE_STDLIB_H=1 -DHAVE_STRING_H=1 -DHAVE_MATH_H=1 -DHAVE_LIMITS_H=1 -D_LARGEFILE_SOURCE=1 -D_FILE_OFFSET_BITS=64 -DCFITSIO_HAVE_CURL=1 -DHAVE_LIBZ=1 -DHAVE_FTRUNCATE=1 -DHAVE_LONGLONG=1 -DHAVE_SHMEM_SERVICES=1 -DHAVE_FMEMOPEN=1 -DHAVE_NET_SERVICES=1 -I.     -DPACKAGE_NAME=\"cfitsio\" -DPACKAGE_TARNAME=\"cfitsio\" -DPACKAGE_VERSION=\"4.6.2\" -DPACKAGE_STRING=\"cfitsio\ 4.6.2\" -DPACKAGE_BUGREPORT=\"\" -DPACKAGE_URL=\"\" -DPACKAGE=\"cfitsio\" -DVERSION=\"4.6.2\" -DHAVE_STDIO_H=1 -DHAVE_STDLIB_H=1 -DHAVE_STRING_H=1 -DHAVE_INTTYPES_H=1 -DHAVE_STDINT_H=1 -DHAVE_STRINGS_H=1 -DHAVE_SYS_STAT_H=1 -DHAVE_SYS_TYPES_H=1 -DHAVE_UNISTD_H=1 -DSTDC_HEADERS=1 -DHAVE_DLFCN_H=1 -DLT_OBJDIR=\".libs/\" -DHAVE_STDLIB_H=1 -DHAVE_STRING_H=1 -DHAVE_MATH_H=1 -DHAVE_LIMITS_H=1 -D_LARGEFILE_SOURCE=1 -D_FILE_OFFSET_BITS=64 -DCFITSIO_HAVE_CURL=1 -DHAVE_LIBZ=1 -DHAVE_FTRUNCATE=1 -DHAVE_LONGLONG=1 -DHAVE_SHMEM_SERVICES=1 -DHAVE_FMEMOPEN=1 -DHAVE_NET_SERVICES=1 -g -O2 -Dg77Fortran -MT libcfitsio_la-eval_l.lo -MD -MP -MF .deps/libcfitsio_la-eval_l.Tpo -c -o libcfitsio_la-eval_l.lo `test -f 'eval_l.c' || echo './'`eval_l.c
/bin/sh ./libtool  --tag=CC   --mode=compile /share/home/apps/gcc/11.3.0/bin/gcc -m64 -DPACKAGE_NAME=\"cfitsio\" -DPACKAGE_TARNAME=\"cfitsio\" -DPACKAGE_VERSION=\"4.6.2\" -DPACKAGE_STRING=\"cfitsio\ 4.6.2\" -DPACKAGE_BUGREPORT=\"\" -DPACKAGE_URL=\"\" -DPACKAGE=\"cfitsio\" -DVERSION=\"4.6.2\" -DHAVE_STDIO_H=1 -DHAVE_STDLIB_H=1 -DHAVE_STRING_H=1 -DHAVE_INTTYPES_H=1 -DHAVE_STDINT_H=1 -DHAVE_STRINGS_H=1 -DHAVE_SYS_STAT_H=1 -DHAVE_SYS_TYPES_H=1 -DHAVE_UNISTD_H=1 -DSTDC_HEADERS=1 -DHAVE_DLFCN_H=1 -DLT_OBJDIR=\".libs/\" -DHAVE_STDLIB_H=1 -DHAVE_STRING_H=1 -DHAVE_MATH_H=1 -DHAVE_LIMITS_H=1 -D_LARGEFILE_SOURCE=1 -D_FILE_OFFSET_BITS=64 -DCFITSIO_HAVE_CURL=1 -DHAVE_LIBZ=1 -DHAVE_FTRUNCATE=1 -DHAVE_LONGLONG=1 -DHAVE_SHMEM_SERVICES=1 -DHAVE_FMEMOPEN=1 -DHAVE_NET_SERVICES=1 -I.     -DPACKAGE_NAME=\"cfitsio\" -DPACKAGE_TARNAME=\"cfitsio\" -DPACKAGE_VERSION=\"4.6.2\" -DPACKAGE_STRING=\"cfitsio\ 4.6.2\" -DPACKAGE_BUGREPORT=\"\" -DPACKAGE_URL=\"\" -DPACKAGE=\"cfitsio\" -DVERSION=\"4.6.2\" -DHAVE_STDIO_H=1 -DHAVE_STDLIB_H=1 -DHAVE_STRING_H=1 -DHAVE_INTTYPES_H=1 -DHAVE_STDINT_H=1 -DHAVE_STRINGS_H=1 -DHAVE_SYS_STAT_H=1 -DHAVE_SYS_TYPES_H=1 -DHAVE_UNISTD_H=1 -DSTDC_HEADERS=1 -DHAVE_DLFCN_H=1 -DLT_OBJDIR=\".libs/\" -DHAVE_STDLIB_H=1 -DHAVE_STRING_H=1 -DHAVE_MATH_H=1 -DHAVE_LIMITS_H=1 -D_LARGEFILE_SOURCE=1 -D_FILE_OFFSET_BITS=64 -DCFITSIO_HAVE_CURL=1 -DHAVE_LIBZ=1 -DHAVE_FTRUNCATE=1 -DHAVE_LONGLONG=1 -DHAVE_SHMEM_SERVICES=1 -DHAVE_FMEMOPEN=1 -DHAVE_NET_SERVICES=1 -g -O2 -Dg77Fortran -MT libcfitsio_la-eval_y.lo -MD -MP -MF .deps/libcfitsio_la-eval_y.Tpo -c -o libcfitsio_la-eval_y.lo `test -f 'eval_y.c' || echo './'`eval_y.c
/bin/sh ./libtool  --tag=CC   --mode=compile /share/home/apps/gcc/11.3.0/bin/gcc -m64 -DPACKAGE_NAME=\"cfitsio\" -DPACKAGE_TARNAME=\"cfitsio\" -DPACKAGE_VERSION=\"4.6.2\" -DPACKAGE_STRING=\"cfitsio\ 4.6.2\" -DPACKAGE_BUGREPORT=\"\" -DPACKAGE_URL=\"\" -DPACKAGE=\"cfitsio\" -DVERSION=\"4.6.2\" -DHAVE_STDIO_H=1 -DHAVE_STDLIB_H=1 -DHAVE_STRING_H=1 -DHAVE_INTTYPES_H=1 -DHAVE_STDINT_H=1 -DHAVE_STRINGS_H=1 -DHAVE_SYS_STAT_H=1 -DHAVE_SYS_TYPES_H=1 -DHAVE_UNISTD_H=1 -DSTDC_HEADERS=1 -DHAVE_DLFCN_H=1 -DLT_OBJDIR=\".libs/\" -DHAVE_STDLIB_H=1 -DHAVE_STRING_H=1 -DHAVE_MATH_H=1 -DHAVE_LIMITS_H=1 -D_LARGEFILE_SOURCE=1 -D_FILE_OFFSET_BITS=64 -DCFITSIO_HAVE_CURL=1 -DHAVE_LIBZ=1 -DHAVE_FTRUNCATE=1 -DHAVE_LONGLONG=1 -DHAVE_SHMEM_SERVICES=1 -DHAVE_FMEMOPEN=1 -DHAVE_NET_SERVICES=1 -I.     -DPACKAGE_NAME=\"cfitsio\" -DPACKAGE_TARNAME=\"cfitsio\" -DPACKAGE_VERSION=\"4.6.2\" -DPACKAGE_STRING=\"cfitsio\ 4.6.2\" -DPACKAGE_BUGREPORT=\"\" -DPACKAGE_URL=\"\" -DPACKAGE=\"cfitsio\" -DVERSION=\"4.6.2\" -DHAVE_STDIO_H=1 -DHAVE_STDLIB_H=1 -DHAVE_STRING_H=1 -DHAVE_INTTYPES_H=1 -DHAVE_STDINT_H=1 -DHAVE_STRINGS_H=1 -DHAVE_SYS_STAT_H=1 -DHAVE_SYS_TYPES_H=1 -DHAVE_UNISTD_H=1 -DSTDC_HEADERS=1 -DHAVE_DLFCN_H=1 -DLT_OBJDIR=\".libs/\" -DHAVE_STDLIB_H=1 -DHAVE_STRING_H=1 -DHAVE_MATH_H=1 -DHAVE_LIMITS_H=1 -D_LARGEFILE_SOURCE=1 -D_FILE_OFFSET_BITS=64 -DCFITSIO_HAVE_CURL=1 -DHAVE_LIBZ=1 -DHAVE_FTRUNCATE=1 -DHAVE_LONGLONG=1 -DHAVE_SHMEM_SERVICES=1 -DHAVE_FMEMOPEN=1 -DHAVE_NET_SERVICES=1 -g -O2 -Dg77Fortran -MT libcfitsio_la-eval_f.lo -MD -MP -MF .deps/libcfitsio_la-eval_f.Tpo -c -o libcfitsio_la-eval_f.lo `test -f 'eval_f.c' || echo './'`eval_f.c
/bin/sh ./libtool  --tag=CC   --mode=compile /share/home/apps/gcc/11.3.0/bin/gcc -m64 -DPACKAGE_NAME=\"cfitsio\" -DPACKAGE_TARNAME=\"cfitsio\" -DPACKAGE_VERSION=\"4.6.2\" -DPACKAGE_STRING=\"cfitsio\ 4.6.2\" -DPACKAGE_BUGREPORT=\"\" -DPACKAGE_URL=\"\" -DPACKAGE=\"cfitsio\" -DVERSION=\"4.6.2\" -DHAVE_STDIO_H=1 -DHAVE_STDLIB_H=1 -DHAVE_STRING_H=1 -DHAVE_INTTYPES_H=1 -DHAVE_STDINT_H=1 -DHAVE_STRINGS_H=1 -DHAVE_SYS_STAT_H=1 -DHAVE_SYS_TYPES_H=1 -DHAVE_UNISTD_H=1 -DSTDC_HEADERS=1 -DHAVE_DLFCN_H=1 -DLT_OBJDIR=\".libs/\" -DHAVE_STDLIB_H=1 -DHAVE_STRING_H=1 -DHAVE_MATH_H=1 -DHAVE_LIMITS_H=1 -D_LARGEFILE_SOURCE=1 -D_FILE_OFFSET_BITS=64 -DCFITSIO_HAVE_CURL=1 -DHAVE_LIBZ=1 -DHAVE_FTRUNCATE=1 -DHAVE_LONGLONG=1 -DHAVE_SHMEM_SERVICES=1 -DHAVE_FMEMOPEN=1 -DHAVE_NET_SERVICES=1 -I.     -DPACKAGE_NAME=\"cfitsio\" -DPACKAGE_TARNAME=\"cfitsio\" -DPACKAGE_VERSION=\"4.6.2\" -DPACKAGE_STRING=\"cfitsio\ 4.6.2\" -DPACKAGE_BUGREPORT=\"\" -DPACKAGE_URL=\"\" -DPACKAGE=\"cfitsio\" -DVERSION=\"4.6.2\" -DHAVE_STDIO_H=1 -DHAVE_STDLIB_H=1 -DHAVE_STRING_H=1 -DHAVE_INTTYPES_H=1 -DHAVE_STDINT_H=1 -DHAVE_STRINGS_H=1 -DHAVE_SYS_STAT_H=1 -DHAVE_SYS_TYPES_H=1 -DHAVE_UNISTD_H=1 -DSTDC_HEADERS=1 -DHAVE_DLFCN_H=1 -DLT_OBJDIR=\".libs/\" -DHAVE_STDLIB_H=1 -DHAVE_STRING_H=1 -DHAVE_MATH_H=1 -DHAVE_LIMITS_H=1 -D_LARGEFILE_SOURCE=1 -D_FILE_OFFSET_BITS=64 -DCFITSIO_HAVE_CURL=1 -DHAVE_LIBZ=1 -DHAVE_FTRUNCATE=1 -DHAVE_LONGLONG=1 -DHAVE_SHMEM_SERVICES=1 -DHAVE_FMEMOPEN=1 -DHAVE_NET_SERVICES=1 -g -O2 -Dg77Fortran -MT libcfitsio_la-fitscore.lo -MD -MP -MF .deps/libcfitsio_la-fitscore.Tpo -c -o libcfitsio_la-fitscore.lo `test -f 'fitscore.c' || echo './'`fitscore.c
/bin/sh ./libtool  --tag=CC   --mode=compile /share/home/apps/gcc/11.3.0/bin/gcc -m64 -DPACKAGE_NAME=\"cfitsio\" -DPACKAGE_TARNAME=\"cfitsio\" -DPACKAGE_VERSION=\"4.6.2\" -DPACKAGE_STRING=\"cfitsio\ 4.6.2\" -DPACKAGE_BUGREPORT=\"\" -DPACKAGE_URL=\"\" -DPACKAGE=\"cfitsio\" -DVERSION=\"4.6.2\" -DHAVE_STDIO_H=1 -DHAVE_STDLIB_H=1 -DHAVE_STRING_H=1 -DHAVE_INTTYPES_H=1 -DHAVE_STDINT_H=1 -DHAVE_STRINGS_H=1 -DHAVE_SYS_STAT_H=1 -DHAVE_SYS_TYPES_H=1 -DHAVE_UNISTD_H=1 -DSTDC_HEADERS=1 -DHAVE_DLFCN_H=1 -DLT_OBJDIR=\".libs/\" -DHAVE_STDLIB_H=1 -DHAVE_STRING_H=1 -DHAVE_MATH_H=1 -DHAVE_LIMITS_H=1 -D_LARGEFILE_SOURCE=1 -D_FILE_OFFSET_BITS=64 -DCFITSIO_HAVE_CURL=1 -DHAVE_LIBZ=1 -DHAVE_FTRUNCATE=1 -DHAVE_LONGLONG=1 -DHAVE_SHMEM_SERVICES=1 -DHAVE_FMEMOPEN=1 -DHAVE_NET_SERVICES=1 -I.     -DPACKAGE_NAME=\"cfitsio\" -DPACKAGE_TARNAME=\"cfitsio\" -DPACKAGE_VERSION=\"4.6.2\" -DPACKAGE_STRING=\"cfitsio\ 4.6.2\" -DPACKAGE_BUGREPORT=\"\" -DPACKAGE_URL=\"\" -DPACKAGE=\"cfitsio\" -DVERSION=\"4.6.2\" -DHAVE_STDIO_H=1 -DHAVE_STDLIB_H=1 -DHAVE_STRING_H=1 -DHAVE_INTTYPES_H=1 -DHAVE_STDINT_H=1 -DHAVE_STRINGS_H=1 -DHAVE_SYS_STAT_H=1 -DHAVE_SYS_TYPES_H=1 -DHAVE_UNISTD_H=1 -DSTDC_HEADERS=1 -DHAVE_DLFCN_H=1 -DLT_OBJDIR=\".libs/\" -DHAVE_STDLIB_H=1 -DHAVE_STRING_H=1 -DHAVE_MATH_H=1 -DHAVE_LIMITS_H=1 -D_LARGEFILE_SOURCE=1 -D_FILE_OFFSET_BITS=64 -DCFITSIO_HAVE_CURL=1 -DHAVE_LIBZ=1 -DHAVE_FTRUNCATE=1 -DHAVE_LONGLONG=1 -DHAVE_SHMEM_SERVICES=1 -DHAVE_FMEMOPEN=1 -DHAVE_NET_SERVICES=1 -g -O2 -Dg77Fortran -MT libcfitsio_la-getcol.lo -MD -MP -MF .deps/libcfitsio_la-getcol.Tpo -c -o libcfitsio_la-getcol.lo `test -f 'getcol.c' || echo './'`getcol.c
/bin/sh ./libtool  --tag=CC   --mode=compile /share/home/apps/gcc/11.3.0/bin/gcc -m64 -DPACKAGE_NAME=\"cfitsio\" -DPACKAGE_TARNAME=\"cfitsio\" -DPACKAGE_VERSION=\"4.6.2\" -DPACKAGE_STRING=\"cfitsio\ 4.6.2\" -DPACKAGE_BUGREPORT=\"\" -DPACKAGE_URL=\"\" -DPACKAGE=\"cfitsio\" -DVERSION=\"4.6.2\" -DHAVE_STDIO_H=1 -DHAVE_STDLIB_H=1 -DHAVE_STRING_H=1 -DHAVE_INTTYPES_H=1 -DHAVE_STDINT_H=1 -DHAVE_STRINGS_H=1 -DHAVE_SYS_STAT_H=1 -DHAVE_SYS_TYPES_H=1 -DHAVE_UNISTD_H=1 -DSTDC_HEADERS=1 -DHAVE_DLFCN_H=1 -DLT_OBJDIR=\".libs/\" -DHAVE_STDLIB_H=1 -DHAVE_STRING_H=1 -DHAVE_MATH_H=1 -DHAVE_LIMITS_H=1 -D_LARGEFILE_SOURCE=1 -D_FILE_OFFSET_BITS=64 -DCFITSIO_HAVE_CURL=1 -DHAVE_LIBZ=1 -DHAVE_FTRUNCATE=1 -DHAVE_LONGLONG=1 -DHAVE_SHMEM_SERVICES=1 -DHAVE_FMEMOPEN=1 -DHAVE_NET_SERVICES=1 -I.     -DPACKAGE_NAME=\"cfitsio\" -DPACKAGE_TARNAME=\"cfitsio\" -DPACKAGE_VERSION=\"4.6.2\" -DPACKAGE_STRING=\"cfitsio\ 4.6.2\" -DPACKAGE_BUGREPORT=\"\" -DPACKAGE_URL=\"\" -DPACKAGE=\"cfitsio\" -DVERSION=\"4.6.2\" -DHAVE_STDIO_H=1 -DHAVE_STDLIB_H=1 -DHAVE_STRING_H=1 -DHAVE_INTTYPES_H=1 -DHAVE_STDINT_H=1 -DHAVE_STRINGS_H=1 -DHAVE_SYS_STAT_H=1 -DHAVE_SYS_TYPES_H=1 -DHAVE_UNISTD_H=1 -DSTDC_HEADERS=1 -DHAVE_DLFCN_H=1 -DLT_OBJDIR=\".libs/\" -DHAVE_STDLIB_H=1 -DHAVE_STRING_H=1 -DHAVE_MATH_H=1 -DHAVE_LIMITS_H=1 -D_LARGEFILE_SOURCE=1 -D_FILE_OFFSET_BITS=64 -DCFITSIO_HAVE_CURL=1 -DHAVE_LIBZ=1 -DHAVE_FTRUNCATE=1 -DHAVE_LONGLONG=1 -DHAVE_SHMEM_SERVICES=1 -DHAVE_FMEMOPEN=1 -DHAVE_NET_SERVICES=1 -g -O2 -Dg77Fortran -MT libcfitsio_la-getcolb.lo -MD -MP -MF .deps/libcfitsio_la-getcolb.Tpo -c -o libcfitsio_la-getcolb.lo `test -f 'getcolb.c' || echo './'`getcolb.c
/bin/sh ./libtool  --tag=CC   --mode=compile /share/home/apps/gcc/11.3.0/bin/gcc -m64 -DPACKAGE_NAME=\"cfitsio\" -DPACKAGE_TARNAME=\"cfitsio\" -DPACKAGE_VERSION=\"4.6.2\" -DPACKAGE_STRING=\"cfitsio\ 4.6.2\" -DPACKAGE_BUGREPORT=\"\" -DPACKAGE_URL=\"\" -DPACKAGE=\"cfitsio\" -DVERSION=\"4.6.2\" -DHAVE_STDIO_H=1 -DHAVE_STDLIB_H=1 -DHAVE_STRING_H=1 -DHAVE_INTTYPES_H=1 -DHAVE_STDINT_H=1 -DHAVE_STRINGS_H=1 -DHAVE_SYS_STAT_H=1 -DHAVE_SYS_TYPES_H=1 -DHAVE_UNISTD_H=1 -DSTDC_HEADERS=1 -DHAVE_DLFCN_H=1 -DLT_OBJDIR=\".libs/\" -DHAVE_STDLIB_H=1 -DHAVE_STRING_H=1 -DHAVE_MATH_H=1 -DHAVE_LIMITS_H=1 -D_LARGEFILE_SOURCE=1 -D_FILE_OFFSET_BITS=64 -DCFITSIO_HAVE_CURL=1 -DHAVE_LIBZ=1 -DHAVE_FTRUNCATE=1 -DHAVE_LONGLONG=1 -DHAVE_SHMEM_SERVICES=1 -DHAVE_FMEMOPEN=1 -DHAVE_NET_SERVICES=1 -I.     -DPACKAGE_NAME=\"cfitsio\" -DPACKAGE_TARNAME=\"cfitsio\" -DPACKAGE_VERSION=\"4.6.2\" -DPACKAGE_STRING=\"cfitsio\ 4.6.2\" -DPACKAGE_BUGREPORT=\"\" -DPACKAGE_URL=\"\" -DPACKAGE=\"cfitsio\" -DVERSION=\"4.6.2\" -DHAVE_STDIO_H=1 -DHAVE_STDLIB_H=1 -DHAVE_STRING_H=1 -DHAVE_INTTYPES_H=1 -DHAVE_STDINT_H=1 -DHAVE_STRINGS_H=1 -DHAVE_SYS_STAT_H=1 -DHAVE_SYS_TYPES_H=1 -DHAVE_UNISTD_H=1 -DSTDC_HEADERS=1 -DHAVE_DLFCN_H=1 -DLT_OBJDIR=\".libs/\" -DHAVE_STDLIB_H=1 -DHAVE_STRING_H=1 -DHAVE_MATH_H=1 -DHAVE_LIMITS_H=1 -D_LARGEFILE_SOURCE=1 -D_FILE_OFFSET_BITS=64 -DCFITSIO_HAVE_CURL=1 -DHAVE_LIBZ=1 -DHAVE_FTRUNCATE=1 -DHAVE_LONGLONG=1 -DHAVE_SHMEM_SERVICES=1 -DHAVE_FMEMOPEN=1 -DHAVE_NET_SERVICES=1 -g -O2 -Dg77Fortran -MT libcfitsio_la-getcold.lo -MD -MP -MF .deps/libcfitsio_la-getcold.Tpo -c -o libcfitsio_la-getcold.lo `test -f 'getcold.c' || echo './'`getcold.c
/bin/sh ./libtool  --tag=CC   --mode=compile /share/home/apps/gcc/11.3.0/bin/gcc -m64 -DPACKAGE_NAME=\"cfitsio\" -DPACKAGE_TARNAME=\"cfitsio\" -DPACKAGE_VERSION=\"4.6.2\" -DPACKAGE_STRING=\"cfitsio\ 4.6.2\" -DPACKAGE_BUGREPORT=\"\" -DPACKAGE_URL=\"\" -DPACKAGE=\"cfitsio\" -DVERSION=\"4.6.2\" -DHAVE_STDIO_H=1 -DHAVE_STDLIB_H=1 -DHAVE_STRING_H=1 -DHAVE_INTTYPES_H=1 -DHAVE_STDINT_H=1 -DHAVE_STRINGS_H=1 -DHAVE_SYS_STAT_H=1 -DHAVE_SYS_TYPES_H=1 -DHAVE_UNISTD_H=1 -DSTDC_HEADERS=1 -DHAVE_DLFCN_H=1 -DLT_OBJDIR=\".libs/\" -DHAVE_STDLIB_H=1 -DHAVE_STRING_H=1 -DHAVE_MATH_H=1 -DHAVE_LIMITS_H=1 -D_LARGEFILE_SOURCE=1 -D_FILE_OFFSET_BITS=64 -DCFITSIO_HAVE_CURL=1 -DHAVE_LIBZ=1 -DHAVE_FTRUNCATE=1 -DHAVE_LONGLONG=1 -DHAVE_SHMEM_SERVICES=1 -DHAVE_FMEMOPEN=1 -DHAVE_NET_SERVICES=1 -I.     -DPACKAGE_NAME=\"cfitsio\" -DPACKAGE_TARNAME=\"cfitsio\" -DPACKAGE_VERSION=\"4.6.2\" -DPACKAGE_STRING=\"cfitsio\ 4.6.2\" -DPACKAGE_BUGREPORT=\"\" -DPACKAGE_URL=\"\" -DPACKAGE=\"cfitsio\" -DVERSION=\"4.6.2\" -DHAVE_STDIO_H=1 -DHAVE_STDLIB_H=1 -DHAVE_STRING_H=1 -DHAVE_INTTYPES_H=1 -DHAVE_STDINT_H=1 -DHAVE_STRINGS_H=1 -DHAVE_SYS_STAT_H=1 -DHAVE_SYS_TYPES_H=1 -DHAVE_UNISTD_H=1 -DSTDC_HEADERS=1 -DHAVE_DLFCN_H=1 -DLT_OBJDIR=\".libs/\" -DHAVE_STDLIB_H=1 -DHAVE_STRING_H=1 -DHAVE_MATH_H=1 -DHAVE_LIMITS_H=1 -D_LARGEFILE_SOURCE=1 -D_FILE_OFFSET_BITS=64 -DCFITSIO_HAVE_CURL=1 -DHAVE_LIBZ=1 -DHAVE_FTRUNCATE=1 -DHAVE_LONGLONG=1 -DHAVE_SHMEM_SERVICES=1 -DHAVE_FMEMOPEN=1 -DHAVE_NET_SERVICES=1 -g -O2 -Dg77Fortran -MT libcfitsio_la-getcole.lo -MD -MP -MF .deps/libcfitsio_la-getcole.Tpo -c -o libcfitsio_la-getcole.lo `test -f 'getcole.c' || echo './'`getcole.c
/bin/sh ./libtool  --tag=CC   --mode=compile /share/home/apps/gcc/11.3.0/bin/gcc -m64 -DPACKAGE_NAME=\"cfitsio\" -DPACKAGE_TARNAME=\"cfitsio\" -DPACKAGE_VERSION=\"4.6.2\" -DPACKAGE_STRING=\"cfitsio\ 4.6.2\" -DPACKAGE_BUGREPORT=\"\" -DPACKAGE_URL=\"\" -DPACKAGE=\"cfitsio\" -DVERSION=\"4.6.2\" -DHAVE_STDIO_H=1 -DHAVE_STDLIB_H=1 -DHAVE_STRING_H=1 -DHAVE_INTTYPES_H=1 -DHAVE_STDINT_H=1 -DHAVE_STRINGS_H=1 -DHAVE_SYS_STAT_H=1 -DHAVE_SYS_TYPES_H=1 -DHAVE_UNISTD_H=1 -DSTDC_HEADERS=1 -DHAVE_DLFCN_H=1 -DLT_OBJDIR=\".libs/\" -DHAVE_STDLIB_H=1 -DHAVE_STRING_H=1 -DHAVE_MATH_H=1 -DHAVE_LIMITS_H=1 -D_LARGEFILE_SOURCE=1 -D_FILE_OFFSET_BITS=64 -DCFITSIO_HAVE_CURL=1 -DHAVE_LIBZ=1 -DHAVE_FTRUNCATE=1 -DHAVE_LONGLONG=1 -DHAVE_SHMEM_SERVICES=1 -DHAVE_FMEMOPEN=1 -DHAVE_NET_SERVICES=1 -I.     -DPACKAGE_NAME=\"cfitsio\" -DPACKAGE_TARNAME=\"cfitsio\" -DPACKAGE_VERSION=\"4.6.2\" -DPACKAGE_STRING=\"cfitsio\ 4.6.2\" -DPACKAGE_BUGREPORT=\"\" -DPACKAGE_URL=\"\" -DPACKAGE=\"cfitsio\" -DVERSION=\"4.6.2\" -DHAVE_STDIO_H=1 -DHAVE_STDLIB_H=1 -DHAVE_STRING_H=1 -DHAVE_INTTYPES_H=1 -DHAVE_STDINT_H=1 -DHAVE_STRINGS_H=1 -DHAVE_SYS_STAT_H=1 -DHAVE_SYS_TYPES_H=1 -DHAVE_UNISTD_H=1 -DSTDC_HEADERS=1 -DHAVE_DLFCN_H=1 -DLT_OBJDIR=\".libs/\" -DHAVE_STDLIB_H=1 -DHAVE_STRING_H=1 -DHAVE_MATH_H=1 -DHAVE_LIMITS_H=1 -D_LARGEFILE_SOURCE=1 -D_FILE_OFFSET_BITS=64 -DCFITSIO_HAVE_CURL=1 -DHAVE_LIBZ=1 -DHAVE_FTRUNCATE=1 -DHAVE_LONGLONG=1 -DHAVE_SHMEM_SERVICES=1 -DHAVE_FMEMOPEN=1 -DHAVE_NET_SERVICES=1 -g -O2 -Dg77Fortran -MT libcfitsio_la-getcoli.lo -MD -MP -MF .deps/libcfitsio_la-getcoli.Tpo -c -o libcfitsio_la-getcoli.lo `test -f 'getcoli.c' || echo './'`getcoli.c
/bin/sh ./libtool  --tag=CC   --mode=compile /share/home/apps/gcc/11.3.0/bin/gcc -m64 -DPACKAGE_NAME=\"cfitsio\" -DPACKAGE_TARNAME=\"cfitsio\" -DPACKAGE_VERSION=\"4.6.2\" -DPACKAGE_STRING=\"cfitsio\ 4.6.2\" -DPACKAGE_BUGREPORT=\"\" -DPACKAGE_URL=\"\" -DPACKAGE=\"cfitsio\" -DVERSION=\"4.6.2\" -DHAVE_STDIO_H=1 -DHAVE_STDLIB_H=1 -DHAVE_STRING_H=1 -DHAVE_INTTYPES_H=1 -DHAVE_STDINT_H=1 -DHAVE_STRINGS_H=1 -DHAVE_SYS_STAT_H=1 -DHAVE_SYS_TYPES_H=1 -DHAVE_UNISTD_H=1 -DSTDC_HEADERS=1 -DHAVE_DLFCN_H=1 -DLT_OBJDIR=\".libs/\" -DHAVE_STDLIB_H=1 -DHAVE_STRING_H=1 -DHAVE_MATH_H=1 -DHAVE_LIMITS_H=1 -D_LARGEFILE_SOURCE=1 -D_FILE_OFFSET_BITS=64 -DCFITSIO_HAVE_CURL=1 -DHAVE_LIBZ=1 -DHAVE_FTRUNCATE=1 -DHAVE_LONGLONG=1 -DHAVE_SHMEM_SERVICES=1 -DHAVE_FMEMOPEN=1 -DHAVE_NET_SERVICES=1 -I.     -DPACKAGE_NAME=\"cfitsio\" -DPACKAGE_TARNAME=\"cfitsio\" -DPACKAGE_VERSION=\"4.6.2\" -DPACKAGE_STRING=\"cfitsio\ 4.6.2\" -DPACKAGE_BUGREPORT=\"\" -DPACKAGE_URL=\"\" -DPACKAGE=\"cfitsio\" -DVERSION=\"4.6.2\" -DHAVE_STDIO_H=1 -DHAVE_STDLIB_H=1 -DHAVE_STRING_H=1 -DHAVE_INTTYPES_H=1 -DHAVE_STDINT_H=1 -DHAVE_STRINGS_H=1 -DHAVE_SYS_STAT_H=1 -DHAVE_SYS_TYPES_H=1 -DHAVE_UNISTD_H=1 -DSTDC_HEADERS=1 -DHAVE_DLFCN_H=1 -DLT_OBJDIR=\".libs/\" -DHAVE_STDLIB_H=1 -DHAVE_STRING_H=1 -DHAVE_MATH_H=1 -DHAVE_LIMITS_H=1 -D_LARGEFILE_SOURCE=1 -D_FILE_OFFSET_BITS=64 -DCFITSIO_HAVE_CURL=1 -DHAVE_LIBZ=1 -DHAVE_FTRUNCATE=1 -DHAVE_LONGLONG=1 -DHAVE_SHMEM_SERVICES=1 -DHAVE_FMEMOPEN=1 -DHAVE_NET_SERVICES=1 -g -O2 -Dg77Fortran -MT libcfitsio_la-getcolj.lo -MD -MP -MF .deps/libcfitsio_la-getcolj.Tpo -c -o libcfitsio_la-getcolj.lo `test -f 'getcolj.c' || echo './'`getcolj.c
/bin/sh ./libtool  --tag=CC   --mode=compile /share/home/apps/gcc/11.3.0/bin/gcc -m64 -DPACKAGE_NAME=\"cfitsio\" -DPACKAGE_TARNAME=\"cfitsio\" -DPACKAGE_VERSION=\"4.6.2\" -DPACKAGE_STRING=\"cfitsio\ 4.6.2\" -DPACKAGE_BUGREPORT=\"\" -DPACKAGE_URL=\"\" -DPACKAGE=\"cfitsio\" -DVERSION=\"4.6.2\" -DHAVE_STDIO_H=1 -DHAVE_STDLIB_H=1 -DHAVE_STRING_H=1 -DHAVE_INTTYPES_H=1 -DHAVE_STDINT_H=1 -DHAVE_STRINGS_H=1 -DHAVE_SYS_STAT_H=1 -DHAVE_SYS_TYPES_H=1 -DHAVE_UNISTD_H=1 -DSTDC_HEADERS=1 -DHAVE_DLFCN_H=1 -DLT_OBJDIR=\".libs/\" -DHAVE_STDLIB_H=1 -DHAVE_STRING_H=1 -DHAVE_MATH_H=1 -DHAVE_LIMITS_H=1 -D_LARGEFILE_SOURCE=1 -D_FILE_OFFSET_BITS=64 -DCFITSIO_HAVE_CURL=1 -DHAVE_LIBZ=1 -DHAVE_FTRUNCATE=1 -DHAVE_LONGLONG=1 -DHAVE_SHMEM_SERVICES=1 -DHAVE_FMEMOPEN=1 -DHAVE_NET_SERVICES=1 -I.     -DPACKAGE_NAME=\"cfitsio\" -DPACKAGE_TARNAME=\"cfitsio\" -DPACKAGE_VERSION=\"4.6.2\" -DPACKAGE_STRING=\"cfitsio\ 4.6.2\" -DPACKAGE_BUGREPORT=\"\" -DPACKAGE_URL=\"\" -DPACKAGE=\"cfitsio\" -DVERSION=\"4.6.2\" -DHAVE_STDIO_H=1 -DHAVE_STDLIB_H=1 -DHAVE_STRING_H=1 -DHAVE_INTTYPES_H=1 -DHAVE_STDINT_H=1 -DHAVE_STRINGS_H=1 -DHAVE_SYS_STAT_H=1 -DHAVE_SYS_TYPES_H=1 -DHAVE_UNISTD_H=1 -DSTDC_HEADERS=1 -DHAVE_DLFCN_H=1 -DLT_OBJDIR=\".libs/\" -DHAVE_STDLIB_H=1 -DHAVE_STRING_H=1 -DHAVE_MATH_H=1 -DHAVE_LIMITS_H=1 -D_LARGEFILE_SOURCE=1 -D_FILE_OFFSET_BITS=64 -DCFITSIO_HAVE_CURL=1 -DHAVE_LIBZ=1 -DHAVE_FTRUNCATE=1 -DHAVE_LONGLONG=1 -DHAVE_SHMEM_SERVICES=1 -DHAVE_FMEMOPEN=1 -DHAVE_NET_SERVICES=1 -g -O2 -Dg77Fortran -MT libcfitsio_la-getcolk.lo -MD -MP -MF .deps/libcfitsio_la-getcolk.Tpo -c -o libcfitsio_la-getcolk.lo `test -f 'getcolk.c' || echo './'`getcolk.c
/bin/sh ./libtool  --tag=CC   --mode=compile /share/home/apps/gcc/11.3.0/bin/gcc -m64 -DPACKAGE_NAME=\"cfitsio\" -DPACKAGE_TARNAME=\"cfitsio\" -DPACKAGE_VERSION=\"4.6.2\" -DPACKAGE_STRING=\"cfitsio\ 4.6.2\" -DPACKAGE_BUGREPORT=\"\" -DPACKAGE_URL=\"\" -DPACKAGE=\"cfitsio\" -DVERSION=\"4.6.2\" -DHAVE_STDIO_H=1 -DHAVE_STDLIB_H=1 -DHAVE_STRING_H=1 -DHAVE_INTTYPES_H=1 -DHAVE_STDINT_H=1 -DHAVE_STRINGS_H=1 -DHAVE_SYS_STAT_H=1 -DHAVE_SYS_TYPES_H=1 -DHAVE_UNISTD_H=1 -DSTDC_HEADERS=1 -DHAVE_DLFCN_H=1 -DLT_OBJDIR=\".libs/\" -DHAVE_STDLIB_H=1 -DHAVE_STRING_H=1 -DHAVE_MATH_H=1 -DHAVE_LIMITS_H=1 -D_LARGEFILE_SOURCE=1 -D_FILE_OFFSET_BITS=64 -DCFITSIO_HAVE_CURL=1 -DHAVE_LIBZ=1 -DHAVE_FTRUNCATE=1 -DHAVE_LONGLONG=1 -DHAVE_SHMEM_SERVICES=1 -DHAVE_FMEMOPEN=1 -DHAVE_NET_SERVICES=1 -I.     -DPACKAGE_NAME=\"cfitsio\" -DPACKAGE_TARNAME=\"cfitsio\" -DPACKAGE_VERSION=\"4.6.2\" -DPACKAGE_STRING=\"cfitsio\ 4.6.2\" -DPACKAGE_BUGREPORT=\"\" -DPACKAGE_URL=\"\" -DPACKAGE=\"cfitsio\" -DVERSION=\"4.6.2\" -DHAVE_STDIO_H=1 -DHAVE_STDLIB_H=1 -DHAVE_STRING_H=1 -DHAVE_INTTYPES_H=1 -DHAVE_STDINT_H=1 -DHAVE_STRINGS_H=1 -DHAVE_SYS_STAT_H=1 -DHAVE_SYS_TYPES_H=1 -DHAVE_UNISTD_H=1 -DSTDC_HEADERS=1 -DHAVE_DLFCN_H=1 -DLT_OBJDIR=\".libs/\" -DHAVE_STDLIB_H=1 -DHAVE_STRING_H=1 -DHAVE_MATH_H=1 -DHAVE_LIMITS_H=1 -D_LARGEFILE_SOURCE=1 -D_FILE_OFFSET_BITS=64 -DCFITSIO_HAVE_CURL=1 -DHAVE_LIBZ=1 -DHAVE_FTRUNCATE=1 -DHAVE_LONGLONG=1 -DHAVE_SHMEM_SERVICES=1 -DHAVE_FMEMOPEN=1 -DHAVE_NET_SERVICES=1 -g -O2 -Dg77Fortran -MT libcfitsio_la-getcoll.lo -MD -MP -MF .deps/libcfitsio_la-getcoll.Tpo -c -o libcfitsio_la-getcoll.lo `test -f 'getcoll.c' || echo './'`getcoll.c
/bin/sh ./libtool  --tag=CC   --mode=compile /share/home/apps/gcc/11.3.0/bin/gcc -m64 -DPACKAGE_NAME=\"cfitsio\" -DPACKAGE_TARNAME=\"cfitsio\" -DPACKAGE_VERSION=\"4.6.2\" -DPACKAGE_STRING=\"cfitsio\ 4.6.2\" -DPACKAGE_BUGREPORT=\"\" -DPACKAGE_URL=\"\" -DPACKAGE=\"cfitsio\" -DVERSION=\"4.6.2\" -DHAVE_STDIO_H=1 -DHAVE_STDLIB_H=1 -DHAVE_STRING_H=1 -DHAVE_INTTYPES_H=1 -DHAVE_STDINT_H=1 -DHAVE_STRINGS_H=1 -DHAVE_SYS_STAT_H=1 -DHAVE_SYS_TYPES_H=1 -DHAVE_UNISTD_H=1 -DSTDC_HEADERS=1 -DHAVE_DLFCN_H=1 -DLT_OBJDIR=\".libs/\" -DHAVE_STDLIB_H=1 -DHAVE_STRING_H=1 -DHAVE_MATH_H=1 -DHAVE_LIMITS_H=1 -D_LARGEFILE_SOURCE=1 -D_FILE_OFFSET_BITS=64 -DCFITSIO_HAVE_CURL=1 -DHAVE_LIBZ=1 -DHAVE_FTRUNCATE=1 -DHAVE_LONGLONG=1 -DHAVE_SHMEM_SERVICES=1 -DHAVE_FMEMOPEN=1 -DHAVE_NET_SERVICES=1 -I.     -DPACKAGE_NAME=\"cfitsio\" -DPACKAGE_TARNAME=\"cfitsio\" -DPACKAGE_VERSION=\"4.6.2\" -DPACKAGE_STRING=\"cfitsio\ 4.6.2\" -DPACKAGE_BUGREPORT=\"\" -DPACKAGE_URL=\"\" -DPACKAGE=\"cfitsio\" -DVERSION=\"4.6.2\" -DHAVE_STDIO_H=1 -DHAVE_STDLIB_H=1 -DHAVE_STRING_H=1 -DHAVE_INTTYPES_H=1 -DHAVE_STDINT_H=1 -DHAVE_STRINGS_H=1 -DHAVE_SYS_STAT_H=1 -DHAVE_SYS_TYPES_H=1 -DHAVE_UNISTD_H=1 -DSTDC_HEADERS=1 -DHAVE_DLFCN_H=1 -DLT_OBJDIR=\".libs/\" -DHAVE_STDLIB_H=1 -DHAVE_STRING_H=1 -DHAVE_MATH_H=1 -DHAVE_LIMITS_H=1 -D_LARGEFILE_SOURCE=1 -D_FILE_OFFSET_BITS=64 -DCFITSIO_HAVE_CURL=1 -DHAVE_LIBZ=1 -DHAVE_FTRUNCATE=1 -DHAVE_LONGLONG=1 -DHAVE_SHMEM_SERVICES=1 -DHAVE_FMEMOPEN=1 -DHAVE_NET_SERVICES=1 -g -O2 -Dg77Fortran -MT libcfitsio_la-getcols.lo -MD -MP -MF .deps/libcfitsio_la-getcols.Tpo -c -o libcfitsio_la-getcols.lo `test -f 'getcols.c' || echo './'`getcols.c
/bin/sh ./libtool  --tag=CC   --mode=compile /share/home/apps/gcc/11.3.0/bin/gcc -m64 -DPACKAGE_NAME=\"cfitsio\" -DPACKAGE_TARNAME=\"cfitsio\" -DPACKAGE_VERSION=\"4.6.2\" -DPACKAGE_STRING=\"cfitsio\ 4.6.2\" -DPACKAGE_BUGREPORT=\"\" -DPACKAGE_URL=\"\" -DPACKAGE=\"cfitsio\" -DVERSION=\"4.6.2\" -DHAVE_STDIO_H=1 -DHAVE_STDLIB_H=1 -DHAVE_STRING_H=1 -DHAVE_INTTYPES_H=1 -DHAVE_STDINT_H=1 -DHAVE_STRINGS_H=1 -DHAVE_SYS_STAT_H=1 -DHAVE_SYS_TYPES_H=1 -DHAVE_UNISTD_H=1 -DSTDC_HEADERS=1 -DHAVE_DLFCN_H=1 -DLT_OBJDIR=\".libs/\" -DHAVE_STDLIB_H=1 -DHAVE_STRING_H=1 -DHAVE_MATH_H=1 -DHAVE_LIMITS_H=1 -D_LARGEFILE_SOURCE=1 -D_FILE_OFFSET_BITS=64 -DCFITSIO_HAVE_CURL=1 -DHAVE_LIBZ=1 -DHAVE_FTRUNCATE=1 -DHAVE_LONGLONG=1 -DHAVE_SHMEM_SERVICES=1 -DHAVE_FMEMOPEN=1 -DHAVE_NET_SERVICES=1 -I.     -DPACKAGE_NAME=\"cfitsio\" -DPACKAGE_TARNAME=\"cfitsio\" -DPACKAGE_VERSION=\"4.6.2\" -DPACKAGE_STRING=\"cfitsio\ 4.6.2\" -DPACKAGE_BUGREPORT=\"\" -DPACKAGE_URL=\"\" -DPACKAGE=\"cfitsio\" -DVERSION=\"4.6.2\" -DHAVE_STDIO_H=1 -DHAVE_STDLIB_H=1 -DHAVE_STRING_H=1 -DHAVE_INTTYPES_H=1 -DHAVE_STDINT_H=1 -DHAVE_STRINGS_H=1 -DHAVE_SYS_STAT_H=1 -DHAVE_SYS_TYPES_H=1 -DHAVE_UNISTD_H=1 -DSTDC_HEADERS=1 -DHAVE_DLFCN_H=1 -DLT_OBJDIR=\".libs/\" -DHAVE_STDLIB_H=1 -DHAVE_STRING_H=1 -DHAVE_MATH_H=1 -DHAVE_LIMITS_H=1 -D_LARGEFILE_SOURCE=1 -D_FILE_OFFSET_BITS=64 -DCFITSIO_HAVE_CURL=1 -DHAVE_LIBZ=1 -DHAVE_FTRUNCATE=1 -DHAVE_LONGLONG=1 -DHAVE_SHMEM_SERVICES=1 -DHAVE_FMEMOPEN=1 -DHAVE_NET_SERVICES=1 -g -O2 -Dg77Fortran -MT libcfitsio_la-getcolsb.lo -MD -MP -MF .deps/libcfitsio_la-getcolsb.Tpo -c -o libcfitsio_la-getcolsb.lo `test -f 'getcolsb.c' || echo './'`getcolsb.c
/bin/sh ./libtool  --tag=CC   --mode=compile /share/home/apps/gcc/11.3.0/bin/gcc -m64 -DPACKAGE_NAME=\"cfitsio\" -DPACKAGE_TARNAME=\"cfitsio\" -DPACKAGE_VERSION=\"4.6.2\" -DPACKAGE_STRING=\"cfitsio\ 4.6.2\" -DPACKAGE_BUGREPORT=\"\" -DPACKAGE_URL=\"\" -DPACKAGE=\"cfitsio\" -DVERSION=\"4.6.2\" -DHAVE_STDIO_H=1 -DHAVE_STDLIB_H=1 -DHAVE_STRING_H=1 -DHAVE_INTTYPES_H=1 -DHAVE_STDINT_H=1 -DHAVE_STRINGS_H=1 -DHAVE_SYS_STAT_H=1 -DHAVE_SYS_TYPES_H=1 -DHAVE_UNISTD_H=1 -DSTDC_HEADERS=1 -DHAVE_DLFCN_H=1 -DLT_OBJDIR=\".libs/\" -DHAVE_STDLIB_H=1 -DHAVE_STRING_H=1 -DHAVE_MATH_H=1 -DHAVE_LIMITS_H=1 -D_LARGEFILE_SOURCE=1 -D_FILE_OFFSET_BITS=64 -DCFITSIO_HAVE_CURL=1 -DHAVE_LIBZ=1 -DHAVE_FTRUNCATE=1 -DHAVE_LONGLONG=1 -DHAVE_SHMEM_SERVICES=1 -DHAVE_FMEMOPEN=1 -DHAVE_NET_SERVICES=1 -I.     -DPACKAGE_NAME=\"cfitsio\" -DPACKAGE_TARNAME=\"cfitsio\" -DPACKAGE_VERSION=\"4.6.2\" -DPACKAGE_STRING=\"cfitsio\ 4.6.2\" -DPACKAGE_BUGREPORT=\"\" -DPACKAGE_URL=\"\" -DPACKAGE=\"cfitsio\" -DVERSION=\"4.6.2\" -DHAVE_STDIO_H=1 -DHAVE_STDLIB_H=1 -DHAVE_STRING_H=1 -DHAVE_INTTYPES_H=1 -DHAVE_STDINT_H=1 -DHAVE_STRINGS_H=1 -DHAVE_SYS_STAT_H=1 -DHAVE_SYS_TYPES_H=1 -DHAVE_UNISTD_H=1 -DSTDC_HEADERS=1 -DHAVE_DLFCN_H=1 -DLT_OBJDIR=\".libs/\" -DHAVE_STDLIB_H=1 -DHAVE_STRING_H=1 -DHAVE_MATH_H=1 -DHAVE_LIMITS_H=1 -D_LARGEFILE_SOURCE=1 -D_FILE_OFFSET_BITS=64 -DCFITSIO_HAVE_CURL=1 -DHAVE_LIBZ=1 -DHAVE_FTRUNCATE=1 -DHAVE_LONGLONG=1 -DHAVE_SHMEM_SERVICES=1 -DHAVE_FMEMOPEN=1 -DHAVE_NET_SERVICES=1 -g -O2 -Dg77Fortran -MT libcfitsio_la-getcoluk.lo -MD -MP -MF .deps/libcfitsio_la-getcoluk.Tpo -c -o libcfitsio_la-getcoluk.lo `test -f 'getcoluk.c' || echo './'`getcoluk.c
/bin/sh ./libtool  --tag=CC   --mode=compile /share/home/apps/gcc/11.3.0/bin/gcc -m64 -DPACKAGE_NAME=\"cfitsio\" -DPACKAGE_TARNAME=\"cfitsio\" -DPACKAGE_VERSION=\"4.6.2\" -DPACKAGE_STRING=\"cfitsio\ 4.6.2\" -DPACKAGE_BUGREPORT=\"\" -DPACKAGE_URL=\"\" -DPACKAGE=\"cfitsio\" -DVERSION=\"4.6.2\" -DHAVE_STDIO_H=1 -DHAVE_STDLIB_H=1 -DHAVE_STRING_H=1 -DHAVE_INTTYPES_H=1 -DHAVE_STDINT_H=1 -DHAVE_STRINGS_H=1 -DHAVE_SYS_STAT_H=1 -DHAVE_SYS_TYPES_H=1 -DHAVE_UNISTD_H=1 -DSTDC_HEADERS=1 -DHAVE_DLFCN_H=1 -DLT_OBJDIR=\".libs/\" -DHAVE_STDLIB_H=1 -DHAVE_STRING_H=1 -DHAVE_MATH_H=1 -DHAVE_LIMITS_H=1 -D_LARGEFILE_SOURCE=1 -D_FILE_OFFSET_BITS=64 -DCFITSIO_HAVE_CURL=1 -DHAVE_LIBZ=1 -DHAVE_FTRUNCATE=1 -DHAVE_LONGLONG=1 -DHAVE_SHMEM_SERVICES=1 -DHAVE_FMEMOPEN=1 -DHAVE_NET_SERVICES=1 -I.     -DPACKAGE_NAME=\"cfitsio\" -DPACKAGE_TARNAME=\"cfitsio\" -DPACKAGE_VERSION=\"4.6.2\" -DPACKAGE_STRING=\"cfitsio\ 4.6.2\" -DPACKAGE_BUGREPORT=\"\" -DPACKAGE_URL=\"\" -DPACKAGE=\"cfitsio\" -DVERSION=\"4.6.2\" -DHAVE_STDIO_H=1 -DHAVE_STDLIB_H=1 -DHAVE_STRING_H=1 -DHAVE_INTTYPES_H=1 -DHAVE_STDINT_H=1 -DHAVE_STRINGS_H=1 -DHAVE_SYS_STAT_H=1 -DHAVE_SYS_TYPES_H=1 -DHAVE_UNISTD_H=1 -DSTDC_HEADERS=1 -DHAVE_DLFCN_H=1 -DLT_OBJDIR=\".libs/\" -DHAVE_STDLIB_H=1 -DHAVE_STRING_H=1 -DHAVE_MATH_H=1 -DHAVE_LIMITS_H=1 -D_LARGEFILE_SOURCE=1 -D_FILE_OFFSET_BITS=64 -DCFITSIO_HAVE_CURL=1 -DHAVE_LIBZ=1 -DHAVE_FTRUNCATE=1 -DHAVE_LONGLONG=1 -DHAVE_SHMEM_SERVICES=1 -DHAVE_FMEMOPEN=1 -DHAVE_NET_SERVICES=1 -g -O2 -Dg77Fortran -MT libcfitsio_la-getcolui.lo -MD -MP -MF .deps/libcfitsio_la-getcolui.Tpo -c -o libcfitsio_la-getcolui.lo `test -f 'getcolui.c' || echo './'`getcolui.c
/bin/sh ./libtool  --tag=CC   --mode=compile /share/home/apps/gcc/11.3.0/bin/gcc -m64 -DPACKAGE_NAME=\"cfitsio\" -DPACKAGE_TARNAME=\"cfitsio\" -DPACKAGE_VERSION=\"4.6.2\" -DPACKAGE_STRING=\"cfitsio\ 4.6.2\" -DPACKAGE_BUGREPORT=\"\" -DPACKAGE_URL=\"\" -DPACKAGE=\"cfitsio\" -DVERSION=\"4.6.2\" -DHAVE_STDIO_H=1 -DHAVE_STDLIB_H=1 -DHAVE_STRING_H=1 -DHAVE_INTTYPES_H=1 -DHAVE_STDINT_H=1 -DHAVE_STRINGS_H=1 -DHAVE_SYS_STAT_H=1 -DHAVE_SYS_TYPES_H=1 -DHAVE_UNISTD_H=1 -DSTDC_HEADERS=1 -DHAVE_DLFCN_H=1 -DLT_OBJDIR=\".libs/\" -DHAVE_STDLIB_H=1 -DHAVE_STRING_H=1 -DHAVE_MATH_H=1 -DHAVE_LIMITS_H=1 -D_LARGEFILE_SOURCE=1 -D_FILE_OFFSET_BITS=64 -DCFITSIO_HAVE_CURL=1 -DHAVE_LIBZ=1 -DHAVE_FTRUNCATE=1 -DHAVE_LONGLONG=1 -DHAVE_SHMEM_SERVICES=1 -DHAVE_FMEMOPEN=1 -DHAVE_NET_SERVICES=1 -I.     -DPACKAGE_NAME=\"cfitsio\" -DPACKAGE_TARNAME=\"cfitsio\" -DPACKAGE_VERSION=\"4.6.2\" -DPACKAGE_STRING=\"cfitsio\ 4.6.2\" -DPACKAGE_BUGREPORT=\"\" -DPACKAGE_URL=\"\" -DPACKAGE=\"cfitsio\" -DVERSION=\"4.6.2\" -DHAVE_STDIO_H=1 -DHAVE_STDLIB_H=1 -DHAVE_STRING_H=1 -DHAVE_INTTYPES_H=1 -DHAVE_STDINT_H=1 -DHAVE_STRINGS_H=1 -DHAVE_SYS_STAT_H=1 -DHAVE_SYS_TYPES_H=1 -DHAVE_UNISTD_H=1 -DSTDC_HEADERS=1 -DHAVE_DLFCN_H=1 -DLT_OBJDIR=\".libs/\" -DHAVE_STDLIB_H=1 -DHAVE_STRING_H=1 -DHAVE_MATH_H=1 -DHAVE_LIMITS_H=1 -D_LARGEFILE_SOURCE=1 -D_FILE_OFFSET_BITS=64 -DCFITSIO_HAVE_CURL=1 -DHAVE_LIBZ=1 -DHAVE_FTRUNCATE=1 -DHAVE_LONGLONG=1 -DHAVE_SHMEM_SERVICES=1 -DHAVE_FMEMOPEN=1 -DHAVE_NET_SERVICES=1 -g -O2 -Dg77Fortran -MT libcfitsio_la-getcoluj.lo -MD -MP -MF .deps/libcfitsio_la-getcoluj.Tpo -c -o libcfitsio_la-getcoluj.lo `test -f 'getcoluj.c' || echo './'`getcoluj.c
/bin/sh ./libtool  --tag=CC   --mode=compile /share/home/apps/gcc/11.3.0/bin/gcc -m64 -DPACKAGE_NAME=\"cfitsio\" -DPACKAGE_TARNAME=\"cfitsio\" -DPACKAGE_VERSION=\"4.6.2\" -DPACKAGE_STRING=\"cfitsio\ 4.6.2\" -DPACKAGE_BUGREPORT=\"\" -DPACKAGE_URL=\"\" -DPACKAGE=\"cfitsio\" -DVERSION=\"4.6.2\" -DHAVE_STDIO_H=1 -DHAVE_STDLIB_H=1 -DHAVE_STRING_H=1 -DHAVE_INTTYPES_H=1 -DHAVE_STDINT_H=1 -DHAVE_STRINGS_H=1 -DHAVE_SYS_STAT_H=1 -DHAVE_SYS_TYPES_H=1 -DHAVE_UNISTD_H=1 -DSTDC_HEADERS=1 -DHAVE_DLFCN_H=1 -DLT_OBJDIR=\".libs/\" -DHAVE_STDLIB_H=1 -DHAVE_STRING_H=1 -DHAVE_MATH_H=1 -DHAVE_LIMITS_H=1 -D_LARGEFILE_SOURCE=1 -D_FILE_OFFSET_BITS=64 -DCFITSIO_HAVE_CURL=1 -DHAVE_LIBZ=1 -DHAVE_FTRUNCATE=1 -DHAVE_LONGLONG=1 -DHAVE_SHMEM_SERVICES=1 -DHAVE_FMEMOPEN=1 -DHAVE_NET_SERVICES=1 -I.     -DPACKAGE_NAME=\"cfitsio\" -DPACKAGE_TARNAME=\"cfitsio\" -DPACKAGE_VERSION=\"4.6.2\" -DPACKAGE_STRING=\"cfitsio\ 4.6.2\" -DPACKAGE_BUGREPORT=\"\" -DPACKAGE_URL=\"\" -DPACKAGE=\"cfitsio\" -DVERSION=\"4.6.2\" -DHAVE_STDIO_H=1 -DHAVE_STDLIB_H=1 -DHAVE_STRING_H=1 -DHAVE_INTTYPES_H=1 -DHAVE_STDINT_H=1 -DHAVE_STRINGS_H=1 -DHAVE_SYS_STAT_H=1 -DHAVE_SYS_TYPES_H=1 -DHAVE_UNISTD_H=1 -DSTDC_HEADERS=1 -DHAVE_DLFCN_H=1 -DLT_OBJDIR=\".libs/\" -DHAVE_STDLIB_H=1 -DHAVE_STRING_H=1 -DHAVE_MATH_H=1 -DHAVE_LIMITS_H=1 -D_LARGEFILE_SOURCE=1 -D_FILE_OFFSET_BITS=64 -DCFITSIO_HAVE_CURL=1 -DHAVE_LIBZ=1 -DHAVE_FTRUNCATE=1 -DHAVE_LONGLONG=1 -DHAVE_SHMEM_SERVICES=1 -DHAVE_FMEMOPEN=1 -DHAVE_NET_SERVICES=1 -g -O2 -Dg77Fortran -MT libcfitsio_la-getkey.lo -MD -MP -MF .deps/libcfitsio_la-getkey.Tpo -c -o libcfitsio_la-getkey.lo `test -f 'getkey.c' || echo './'`getkey.c
/bin/sh ./libtool  --tag=CC   --mode=compile /share/home/apps/gcc/11.3.0/bin/gcc -m64 -DPACKAGE_NAME=\"cfitsio\" -DPACKAGE_TARNAME=\"cfitsio\" -DPACKAGE_VERSION=\"4.6.2\" -DPACKAGE_STRING=\"cfitsio\ 4.6.2\" -DPACKAGE_BUGREPORT=\"\" -DPACKAGE_URL=\"\" -DPACKAGE=\"cfitsio\" -DVERSION=\"4.6.2\" -DHAVE_STDIO_H=1 -DHAVE_STDLIB_H=1 -DHAVE_STRING_H=1 -DHAVE_INTTYPES_H=1 -DHAVE_STDINT_H=1 -DHAVE_STRINGS_H=1 -DHAVE_SYS_STAT_H=1 -DHAVE_SYS_TYPES_H=1 -DHAVE_UNISTD_H=1 -DSTDC_HEADERS=1 -DHAVE_DLFCN_H=1 -DLT_OBJDIR=\".libs/\" -DHAVE_STDLIB_H=1 -DHAVE_STRING_H=1 -DHAVE_MATH_H=1 -DHAVE_LIMITS_H=1 -D_LARGEFILE_SOURCE=1 -D_FILE_OFFSET_BITS=64 -DCFITSIO_HAVE_CURL=1 -DHAVE_LIBZ=1 -DHAVE_FTRUNCATE=1 -DHAVE_LONGLONG=1 -DHAVE_SHMEM_SERVICES=1 -DHAVE_FMEMOPEN=1 -DHAVE_NET_SERVICES=1 -I.     -DPACKAGE_NAME=\"cfitsio\" -DPACKAGE_TARNAME=\"cfitsio\" -DPACKAGE_VERSION=\"4.6.2\" -DPACKAGE_STRING=\"cfitsio\ 4.6.2\" -DPACKAGE_BUGREPORT=\"\" -DPACKAGE_URL=\"\" -DPACKAGE=\"cfitsio\" -DVERSION=\"4.6.2\" -DHAVE_STDIO_H=1 -DHAVE_STDLIB_H=1 -DHAVE_STRING_H=1 -DHAVE_INTTYPES_H=1 -DHAVE_STDINT_H=1 -DHAVE_STRINGS_H=1 -DHAVE_SYS_STAT_H=1 -DHAVE_SYS_TYPES_H=1 -DHAVE_UNISTD_H=1 -DSTDC_HEADERS=1 -DHAVE_DLFCN_H=1 -DLT_OBJDIR=\".libs/\" -DHAVE_STDLIB_H=1 -DHAVE_STRING_H=1 -DHAVE_MATH_H=1 -DHAVE_LIMITS_H=1 -D_LARGEFILE_SOURCE=1 -D_FILE_OFFSET_BITS=64 -DCFITSIO_HAVE_CURL=1 -DHAVE_LIBZ=1 -DHAVE_FTRUNCATE=1 -DHAVE_LONGLONG=1 -DHAVE_SHMEM_SERVICES=1 -DHAVE_FMEMOPEN=1 -DHAVE_NET_SERVICES=1 -g -O2 -Dg77Fortran -MT libcfitsio_la-group.lo -MD -MP -MF .deps/libcfitsio_la-group.Tpo -c -o libcfitsio_la-group.lo `test -f 'group.c' || echo './'`group.c
/bin/sh ./libtool  --tag=CC   --mode=compile /share/home/apps/gcc/11.3.0/bin/gcc -m64 -DPACKAGE_NAME=\"cfitsio\" -DPACKAGE_TARNAME=\"cfitsio\" -DPACKAGE_VERSION=\"4.6.2\" -DPACKAGE_STRING=\"cfitsio\ 4.6.2\" -DPACKAGE_BUGREPORT=\"\" -DPACKAGE_URL=\"\" -DPACKAGE=\"cfitsio\" -DVERSION=\"4.6.2\" -DHAVE_STDIO_H=1 -DHAVE_STDLIB_H=1 -DHAVE_STRING_H=1 -DHAVE_INTTYPES_H=1 -DHAVE_STDINT_H=1 -DHAVE_STRINGS_H=1 -DHAVE_SYS_STAT_H=1 -DHAVE_SYS_TYPES_H=1 -DHAVE_UNISTD_H=1 -DSTDC_HEADERS=1 -DHAVE_DLFCN_H=1 -DLT_OBJDIR=\".libs/\" -DHAVE_STDLIB_H=1 -DHAVE_STRING_H=1 -DHAVE_MATH_H=1 -DHAVE_LIMITS_H=1 -D_LARGEFILE_SOURCE=1 -D_FILE_OFFSET_BITS=64 -DCFITSIO_HAVE_CURL=1 -DHAVE_LIBZ=1 -DHAVE_FTRUNCATE=1 -DHAVE_LONGLONG=1 -DHAVE_SHMEM_SERVICES=1 -DHAVE_FMEMOPEN=1 -DHAVE_NET_SERVICES=1 -I.     -DPACKAGE_NAME=\"cfitsio\" -DPACKAGE_TARNAME=\"cfitsio\" -DPACKAGE_VERSION=\"4.6.2\" -DPACKAGE_STRING=\"cfitsio\ 4.6.2\" -DPACKAGE_BUGREPORT=\"\" -DPACKAGE_URL=\"\" -DPACKAGE=\"cfitsio\" -DVERSION=\"4.6.2\" -DHAVE_STDIO_H=1 -DHAVE_STDLIB_H=1 -DHAVE_STRING_H=1 -DHAVE_INTTYPES_H=1 -DHAVE_STDINT_H=1 -DHAVE_STRINGS_H=1 -DHAVE_SYS_STAT_H=1 -DHAVE_SYS_TYPES_H=1 -DHAVE_UNISTD_H=1 -DSTDC_HEADERS=1 -DHAVE_DLFCN_H=1 -DLT_OBJDIR=\".libs/\" -DHAVE_STDLIB_H=1 -DHAVE_STRING_H=1 -DHAVE_MATH_H=1 -DHAVE_LIMITS_H=1 -D_LARGEFILE_SOURCE=1 -D_FILE_OFFSET_BITS=64 -DCFITSIO_HAVE_CURL=1 -DHAVE_LIBZ=1 -DHAVE_FTRUNCATE=1 -DHAVE_LONGLONG=1 -DHAVE_SHMEM_SERVICES=1 -DHAVE_FMEMOPEN=1 -DHAVE_NET_SERVICES=1 -g -O2 -Dg77Fortran -MT libcfitsio_la-grparser.lo -MD -MP -MF .deps/libcfitsio_la-grparser.Tpo -c -o libcfitsio_la-grparser.lo `test -f 'grparser.c' || echo './'`grparser.c
/bin/sh ./libtool  --tag=CC   --mode=compile /share/home/apps/gcc/11.3.0/bin/gcc -m64 -DPACKAGE_NAME=\"cfitsio\" -DPACKAGE_TARNAME=\"cfitsio\" -DPACKAGE_VERSION=\"4.6.2\" -DPACKAGE_STRING=\"cfitsio\ 4.6.2\" -DPACKAGE_BUGREPORT=\"\" -DPACKAGE_URL=\"\" -DPACKAGE=\"cfitsio\" -DVERSION=\"4.6.2\" -DHAVE_STDIO_H=1 -DHAVE_STDLIB_H=1 -DHAVE_STRING_H=1 -DHAVE_INTTYPES_H=1 -DHAVE_STDINT_H=1 -DHAVE_STRINGS_H=1 -DHAVE_SYS_STAT_H=1 -DHAVE_SYS_TYPES_H=1 -DHAVE_UNISTD_H=1 -DSTDC_HEADERS=1 -DHAVE_DLFCN_H=1 -DLT_OBJDIR=\".libs/\" -DHAVE_STDLIB_H=1 -DHAVE_STRING_H=1 -DHAVE_MATH_H=1 -DHAVE_LIMITS_H=1 -D_LARGEFILE_SOURCE=1 -D_FILE_OFFSET_BITS=64 -DCFITSIO_HAVE_CURL=1 -DHAVE_LIBZ=1 -DHAVE_FTRUNCATE=1 -DHAVE_LONGLONG=1 -DHAVE_SHMEM_SERVICES=1 -DHAVE_FMEMOPEN=1 -DHAVE_NET_SERVICES=1 -I.     -DPACKAGE_NAME=\"cfitsio\" -DPACKAGE_TARNAME=\"cfitsio\" -DPACKAGE_VERSION=\"4.6.2\" -DPACKAGE_STRING=\"cfitsio\ 4.6.2\" -DPACKAGE_BUGREPORT=\"\" -DPACKAGE_URL=\"\" -DPACKAGE=\"cfitsio\" -DVERSION=\"4.6.2\" -DHAVE_STDIO_H=1 -DHAVE_STDLIB_H=1 -DHAVE_STRING_H=1 -DHAVE_INTTYPES_H=1 -DHAVE_STDINT_H=1 -DHAVE_STRINGS_H=1 -DHAVE_SYS_STAT_H=1 -DHAVE_SYS_TYPES_H=1 -DHAVE_UNISTD_H=1 -DSTDC_HEADERS=1 -DHAVE_DLFCN_H=1 -DLT_OBJDIR=\".libs/\" -DHAVE_STDLIB_H=1 -DHAVE_STRING_H=1 -DHAVE_MATH_H=1 -DHAVE_LIMITS_H=1 -D_LARGEFILE_SOURCE=1 -D_FILE_OFFSET_BITS=64 -DCFITSIO_HAVE_CURL=1 -DHAVE_LIBZ=1 -DHAVE_FTRUNCATE=1 -DHAVE_LONGLONG=1 -DHAVE_SHMEM_SERVICES=1 -DHAVE_FMEMOPEN=1 -DHAVE_NET_SERVICES=1 -g -O2 -Dg77Fortran -MT libcfitsio_la-histo.lo -MD -MP -MF .deps/libcfitsio_la-histo.Tpo -c -o libcfitsio_la-histo.lo `test -f 'histo.c' || echo './'`histo.c
/bin/sh ./libtool  --tag=CC   --mode=compile /share/home/apps/gcc/11.3.0/bin/gcc -m64 -DPACKAGE_NAME=\"cfitsio\" -DPACKAGE_TARNAME=\"cfitsio\" -DPACKAGE_VERSION=\"4.6.2\" -DPACKAGE_STRING=\"cfitsio\ 4.6.2\" -DPACKAGE_BUGREPORT=\"\" -DPACKAGE_URL=\"\" -DPACKAGE=\"cfitsio\" -DVERSION=\"4.6.2\" -DHAVE_STDIO_H=1 -DHAVE_STDLIB_H=1 -DHAVE_STRING_H=1 -DHAVE_INTTYPES_H=1 -DHAVE_STDINT_H=1 -DHAVE_STRINGS_H=1 -DHAVE_SYS_STAT_H=1 -DHAVE_SYS_TYPES_H=1 -DHAVE_UNISTD_H=1 -DSTDC_HEADERS=1 -DHAVE_DLFCN_H=1 -DLT_OBJDIR=\".libs/\" -DHAVE_STDLIB_H=1 -DHAVE_STRING_H=1 -DHAVE_MATH_H=1 -DHAVE_LIMITS_H=1 -D_LARGEFILE_SOURCE=1 -D_FILE_OFFSET_BITS=64 -DCFITSIO_HAVE_CURL=1 -DHAVE_LIBZ=1 -DHAVE_FTRUNCATE=1 -DHAVE_LONGLONG=1 -DHAVE_SHMEM_SERVICES=1 -DHAVE_FMEMOPEN=1 -DHAVE_NET_SERVICES=1 -I.     -DPACKAGE_NAME=\"cfitsio\" -DPACKAGE_TARNAME=\"cfitsio\" -DPACKAGE_VERSION=\"4.6.2\" -DPACKAGE_STRING=\"cfitsio\ 4.6.2\" -DPACKAGE_BUGREPORT=\"\" -DPACKAGE_URL=\"\" -DPACKAGE=\"cfitsio\" -DVERSION=\"4.6.2\" -DHAVE_STDIO_H=1 -DHAVE_STDLIB_H=1 -DHAVE_STRING_H=1 -DHAVE_INTTYPES_H=1 -DHAVE_STDINT_H=1 -DHAVE_STRINGS_H=1 -DHAVE_SYS_STAT_H=1 -DHAVE_SYS_TYPES_H=1 -DHAVE_UNISTD_H=1 -DSTDC_HEADERS=1 -DHAVE_DLFCN_H=1 -DLT_OBJDIR=\".libs/\" -DHAVE_STDLIB_H=1 -DHAVE_STRING_H=1 -DHAVE_MATH_H=1 -DHAVE_LIMITS_H=1 -D_LARGEFILE_SOURCE=1 -D_FILE_OFFSET_BITS=64 -DCFITSIO_HAVE_CURL=1 -DHAVE_LIBZ=1 -DHAVE_FTRUNCATE=1 -DHAVE_LONGLONG=1 -DHAVE_SHMEM_SERVICES=1 -DHAVE_FMEMOPEN=1 -DHAVE_NET_SERVICES=1 -g -O2 -Dg77Fortran -MT libcfitsio_la-iraffits.lo -MD -MP -MF .deps/libcfitsio_la-iraffits.Tpo -c -o libcfitsio_la-iraffits.lo `test -f 'iraffits.c' || echo './'`iraffits.c
/bin/sh ./libtool  --tag=CC   --mode=compile /share/home/apps/gcc/11.3.0/bin/gcc -m64 -DPACKAGE_NAME=\"cfitsio\" -DPACKAGE_TARNAME=\"cfitsio\" -DPACKAGE_VERSION=\"4.6.2\" -DPACKAGE_STRING=\"cfitsio\ 4.6.2\" -DPACKAGE_BUGREPORT=\"\" -DPACKAGE_URL=\"\" -DPACKAGE=\"cfitsio\" -DVERSION=\"4.6.2\" -DHAVE_STDIO_H=1 -DHAVE_STDLIB_H=1 -DHAVE_STRING_H=1 -DHAVE_INTTYPES_H=1 -DHAVE_STDINT_H=1 -DHAVE_STRINGS_H=1 -DHAVE_SYS_STAT_H=1 -DHAVE_SYS_TYPES_H=1 -DHAVE_UNISTD_H=1 -DSTDC_HEADERS=1 -DHAVE_DLFCN_H=1 -DLT_OBJDIR=\".libs/\" -DHAVE_STDLIB_H=1 -DHAVE_STRING_H=1 -DHAVE_MATH_H=1 -DHAVE_LIMITS_H=1 -D_LARGEFILE_SOURCE=1 -D_FILE_OFFSET_BITS=64 -DCFITSIO_HAVE_CURL=1 -DHAVE_LIBZ=1 -DHAVE_FTRUNCATE=1 -DHAVE_LONGLONG=1 -DHAVE_SHMEM_SERVICES=1 -DHAVE_FMEMOPEN=1 -DHAVE_NET_SERVICES=1 -I.     -DPACKAGE_NAME=\"cfitsio\" -DPACKAGE_TARNAME=\"cfitsio\" -DPACKAGE_VERSION=\"4.6.2\" -DPACKAGE_STRING=\"cfitsio\ 4.6.2\" -DPACKAGE_BUGREPORT=\"\" -DPACKAGE_URL=\"\" -DPACKAGE=\"cfitsio\" -DVERSION=\"4.6.2\" -DHAVE_STDIO_H=1 -DHAVE_STDLIB_H=1 -DHAVE_STRING_H=1 -DHAVE_INTTYPES_H=1 -DHAVE_STDINT_H=1 -DHAVE_STRINGS_H=1 -DHAVE_SYS_STAT_H=1 -DHAVE_SYS_TYPES_H=1 -DHAVE_UNISTD_H=1 -DSTDC_HEADERS=1 -DHAVE_DLFCN_H=1 -DLT_OBJDIR=\".libs/\" -DHAVE_STDLIB_H=1 -DHAVE_STRING_H=1 -DHAVE_MATH_H=1 -DHAVE_LIMITS_H=1 -D_LARGEFILE_SOURCE=1 -D_FILE_OFFSET_BITS=64 -DCFITSIO_HAVE_CURL=1 -DHAVE_LIBZ=1 -DHAVE_FTRUNCATE=1 -DHAVE_LONGLONG=1 -DHAVE_SHMEM_SERVICES=1 -DHAVE_FMEMOPEN=1 -DHAVE_NET_SERVICES=1 -g -O2 -Dg77Fortran -MT libcfitsio_la-modkey.lo -MD -MP -MF .deps/libcfitsio_la-modkey.Tpo -c -o libcfitsio_la-modkey.lo `test -f 'modkey.c' || echo './'`modkey.c
/bin/sh ./libtool  --tag=CC   --mode=compile /share/home/apps/gcc/11.3.0/bin/gcc -m64 -DPACKAGE_NAME=\"cfitsio\" -DPACKAGE_TARNAME=\"cfitsio\" -DPACKAGE_VERSION=\"4.6.2\" -DPACKAGE_STRING=\"cfitsio\ 4.6.2\" -DPACKAGE_BUGREPORT=\"\" -DPACKAGE_URL=\"\" -DPACKAGE=\"cfitsio\" -DVERSION=\"4.6.2\" -DHAVE_STDIO_H=1 -DHAVE_STDLIB_H=1 -DHAVE_STRING_H=1 -DHAVE_INTTYPES_H=1 -DHAVE_STDINT_H=1 -DHAVE_STRINGS_H=1 -DHAVE_SYS_STAT_H=1 -DHAVE_SYS_TYPES_H=1 -DHAVE_UNISTD_H=1 -DSTDC_HEADERS=1 -DHAVE_DLFCN_H=1 -DLT_OBJDIR=\".libs/\" -DHAVE_STDLIB_H=1 -DHAVE_STRING_H=1 -DHAVE_MATH_H=1 -DHAVE_LIMITS_H=1 -D_LARGEFILE_SOURCE=1 -D_FILE_OFFSET_BITS=64 -DCFITSIO_HAVE_CURL=1 -DHAVE_LIBZ=1 -DHAVE_FTRUNCATE=1 -DHAVE_LONGLONG=1 -DHAVE_SHMEM_SERVICES=1 -DHAVE_FMEMOPEN=1 -DHAVE_NET_SERVICES=1 -I.     -DPACKAGE_NAME=\"cfitsio\" -DPACKAGE_TARNAME=\"cfitsio\" -DPACKAGE_VERSION=\"4.6.2\" -DPACKAGE_STRING=\"cfitsio\ 4.6.2\" -DPACKAGE_BUGREPORT=\"\" -DPACKAGE_URL=\"\" -DPACKAGE=\"cfitsio\" -DVERSION=\"4.6.2\" -DHAVE_STDIO_H=1 -DHAVE_STDLIB_H=1 -DHAVE_STRING_H=1 -DHAVE_INTTYPES_H=1 -DHAVE_STDINT_H=1 -DHAVE_STRINGS_H=1 -DHAVE_SYS_STAT_H=1 -DHAVE_SYS_TYPES_H=1 -DHAVE_UNISTD_H=1 -DSTDC_HEADERS=1 -DHAVE_DLFCN_H=1 -DLT_OBJDIR=\".libs/\" -DHAVE_STDLIB_H=1 -DHAVE_STRING_H=1 -DHAVE_MATH_H=1 -DHAVE_LIMITS_H=1 -D_LARGEFILE_SOURCE=1 -D_FILE_OFFSET_BITS=64 -DCFITSIO_HAVE_CURL=1 -DHAVE_LIBZ=1 -DHAVE_FTRUNCATE=1 -DHAVE_LONGLONG=1 -DHAVE_SHMEM_SERVICES=1 -DHAVE_FMEMOPEN=1 -DHAVE_NET_SERVICES=1 -g -O2 -Dg77Fortran -MT libcfitsio_la-putcol.lo -MD -MP -MF .deps/libcfitsio_la-putcol.Tpo -c -o libcfitsio_la-putcol.lo `test -f 'putcol.c' || echo './'`putcol.c
/bin/sh ./libtool  --tag=CC   --mode=compile /share/home/apps/gcc/11.3.0/bin/gcc -m64 -DPACKAGE_NAME=\"cfitsio\" -DPACKAGE_TARNAME=\"cfitsio\" -DPACKAGE_VERSION=\"4.6.2\" -DPACKAGE_STRING=\"cfitsio\ 4.6.2\" -DPACKAGE_BUGREPORT=\"\" -DPACKAGE_URL=\"\" -DPACKAGE=\"cfitsio\" -DVERSION=\"4.6.2\" -DHAVE_STDIO_H=1 -DHAVE_STDLIB_H=1 -DHAVE_STRING_H=1 -DHAVE_INTTYPES_H=1 -DHAVE_STDINT_H=1 -DHAVE_STRINGS_H=1 -DHAVE_SYS_STAT_H=1 -DHAVE_SYS_TYPES_H=1 -DHAVE_UNISTD_H=1 -DSTDC_HEADERS=1 -DHAVE_DLFCN_H=1 -DLT_OBJDIR=\".libs/\" -DHAVE_STDLIB_H=1 -DHAVE_STRING_H=1 -DHAVE_MATH_H=1 -DHAVE_LIMITS_H=1 -D_LARGEFILE_SOURCE=1 -D_FILE_OFFSET_BITS=64 -DCFITSIO_HAVE_CURL=1 -DHAVE_LIBZ=1 -DHAVE_FTRUNCATE=1 -DHAVE_LONGLONG=1 -DHAVE_SHMEM_SERVICES=1 -DHAVE_FMEMOPEN=1 -DHAVE_NET_SERVICES=1 -I.     -DPACKAGE_NAME=\"cfitsio\" -DPACKAGE_TARNAME=\"cfitsio\" -DPACKAGE_VERSION=\"4.6.2\" -DPACKAGE_STRING=\"cfitsio\ 4.6.2\" -DPACKAGE_BUGREPORT=\"\" -DPACKAGE_URL=\"\" -DPACKAGE=\"cfitsio\" -DVERSION=\"4.6.2\" -DHAVE_STDIO_H=1 -DHAVE_STDLIB_H=1 -DHAVE_STRING_H=1 -DHAVE_INTTYPES_H=1 -DHAVE_STDINT_H=1 -DHAVE_STRINGS_H=1 -DHAVE_SYS_STAT_H=1 -DHAVE_SYS_TYPES_H=1 -DHAVE_UNISTD_H=1 -DSTDC_HEADERS=1 -DHAVE_DLFCN_H=1 -DLT_OBJDIR=\".libs/\" -DHAVE_STDLIB_H=1 -DHAVE_STRING_H=1 -DHAVE_MATH_H=1 -DHAVE_LIMITS_H=1 -D_LARGEFILE_SOURCE=1 -D_FILE_OFFSET_BITS=64 -DCFITSIO_HAVE_CURL=1 -DHAVE_LIBZ=1 -DHAVE_FTRUNCATE=1 -DHAVE_LONGLONG=1 -DHAVE_SHMEM_SERVICES=1 -DHAVE_FMEMOPEN=1 -DHAVE_NET_SERVICES=1 -g -O2 -Dg77Fortran -MT libcfitsio_la-putcolb.lo -MD -MP -MF .deps/libcfitsio_la-putcolb.Tpo -c -o libcfitsio_la-putcolb.lo `test -f 'putcolb.c' || echo './'`putcolb.c
/bin/sh ./libtool  --tag=CC   --mode=compile /share/home/apps/gcc/11.3.0/bin/gcc -m64 -DPACKAGE_NAME=\"cfitsio\" -DPACKAGE_TARNAME=\"cfitsio\" -DPACKAGE_VERSION=\"4.6.2\" -DPACKAGE_STRING=\"cfitsio\ 4.6.2\" -DPACKAGE_BUGREPORT=\"\" -DPACKAGE_URL=\"\" -DPACKAGE=\"cfitsio\" -DVERSION=\"4.6.2\" -DHAVE_STDIO_H=1 -DHAVE_STDLIB_H=1 -DHAVE_STRING_H=1 -DHAVE_INTTYPES_H=1 -DHAVE_STDINT_H=1 -DHAVE_STRINGS_H=1 -DHAVE_SYS_STAT_H=1 -DHAVE_SYS_TYPES_H=1 -DHAVE_UNISTD_H=1 -DSTDC_HEADERS=1 -DHAVE_DLFCN_H=1 -DLT_OBJDIR=\".libs/\" -DHAVE_STDLIB_H=1 -DHAVE_STRING_H=1 -DHAVE_MATH_H=1 -DHAVE_LIMITS_H=1 -D_LARGEFILE_SOURCE=1 -D_FILE_OFFSET_BITS=64 -DCFITSIO_HAVE_CURL=1 -DHAVE_LIBZ=1 -DHAVE_FTRUNCATE=1 -DHAVE_LONGLONG=1 -DHAVE_SHMEM_SERVICES=1 -DHAVE_FMEMOPEN=1 -DHAVE_NET_SERVICES=1 -I.     -DPACKAGE_NAME=\"cfitsio\" -DPACKAGE_TARNAME=\"cfitsio\" -DPACKAGE_VERSION=\"4.6.2\" -DPACKAGE_STRING=\"cfitsio\ 4.6.2\" -DPACKAGE_BUGREPORT=\"\" -DPACKAGE_URL=\"\" -DPACKAGE=\"cfitsio\" -DVERSION=\"4.6.2\" -DHAVE_STDIO_H=1 -DHAVE_STDLIB_H=1 -DHAVE_STRING_H=1 -DHAVE_INTTYPES_H=1 -DHAVE_STDINT_H=1 -DHAVE_STRINGS_H=1 -DHAVE_SYS_STAT_H=1 -DHAVE_SYS_TYPES_H=1 -DHAVE_UNISTD_H=1 -DSTDC_HEADERS=1 -DHAVE_DLFCN_H=1 -DLT_OBJDIR=\".libs/\" -DHAVE_STDLIB_H=1 -DHAVE_STRING_H=1 -DHAVE_MATH_H=1 -DHAVE_LIMITS_H=1 -D_LARGEFILE_SOURCE=1 -D_FILE_OFFSET_BITS=64 -DCFITSIO_HAVE_CURL=1 -DHAVE_LIBZ=1 -DHAVE_FTRUNCATE=1 -DHAVE_LONGLONG=1 -DHAVE_SHMEM_SERVICES=1 -DHAVE_FMEMOPEN=1 -DHAVE_NET_SERVICES=1 -g -O2 -Dg77Fortran -MT libcfitsio_la-putcold.lo -MD -MP -MF .deps/libcfitsio_la-putcold.Tpo -c -o libcfitsio_la-putcold.lo `test -f 'putcold.c' || echo './'`putcold.c
/bin/sh ./libtool  --tag=CC   --mode=compile /share/home/apps/gcc/11.3.0/bin/gcc -m64 -DPACKAGE_NAME=\"cfitsio\" -DPACKAGE_TARNAME=\"cfitsio\" -DPACKAGE_VERSION=\"4.6.2\" -DPACKAGE_STRING=\"cfitsio\ 4.6.2\" -DPACKAGE_BUGREPORT=\"\" -DPACKAGE_URL=\"\" -DPACKAGE=\"cfitsio\" -DVERSION=\"4.6.2\" -DHAVE_STDIO_H=1 -DHAVE_STDLIB_H=1 -DHAVE_STRING_H=1 -DHAVE_INTTYPES_H=1 -DHAVE_STDINT_H=1 -DHAVE_STRINGS_H=1 -DHAVE_SYS_STAT_H=1 -DHAVE_SYS_TYPES_H=1 -DHAVE_UNISTD_H=1 -DSTDC_HEADERS=1 -DHAVE_DLFCN_H=1 -DLT_OBJDIR=\".libs/\" -DHAVE_STDLIB_H=1 -DHAVE_STRING_H=1 -DHAVE_MATH_H=1 -DHAVE_LIMITS_H=1 -D_LARGEFILE_SOURCE=1 -D_FILE_OFFSET_BITS=64 -DCFITSIO_HAVE_CURL=1 -DHAVE_LIBZ=1 -DHAVE_FTRUNCATE=1 -DHAVE_LONGLONG=1 -DHAVE_SHMEM_SERVICES=1 -DHAVE_FMEMOPEN=1 -DHAVE_NET_SERVICES=1 -I.     -DPACKAGE_NAME=\"cfitsio\" -DPACKAGE_TARNAME=\"cfitsio\" -DPACKAGE_VERSION=\"4.6.2\" -DPACKAGE_STRING=\"cfitsio\ 4.6.2\" -DPACKAGE_BUGREPORT=\"\" -DPACKAGE_URL=\"\" -DPACKAGE=\"cfitsio\" -DVERSION=\"4.6.2\" -DHAVE_STDIO_H=1 -DHAVE_STDLIB_H=1 -DHAVE_STRING_H=1 -DHAVE_INTTYPES_H=1 -DHAVE_STDINT_H=1 -DHAVE_STRINGS_H=1 -DHAVE_SYS_STAT_H=1 -DHAVE_SYS_TYPES_H=1 -DHAVE_UNISTD_H=1 -DSTDC_HEADERS=1 -DHAVE_DLFCN_H=1 -DLT_OBJDIR=\".libs/\" -DHAVE_STDLIB_H=1 -DHAVE_STRING_H=1 -DHAVE_MATH_H=1 -DHAVE_LIMITS_H=1 -D_LARGEFILE_SOURCE=1 -D_FILE_OFFSET_BITS=64 -DCFITSIO_HAVE_CURL=1 -DHAVE_LIBZ=1 -DHAVE_FTRUNCATE=1 -DHAVE_LONGLONG=1 -DHAVE_SHMEM_SERVICES=1 -DHAVE_FMEMOPEN=1 -DHAVE_NET_SERVICES=1 -g -O2 -Dg77Fortran -MT libcfitsio_la-putcole.lo -MD -MP -MF .deps/libcfitsio_la-putcole.Tpo -c -o libcfitsio_la-putcole.lo `test -f 'putcole.c' || echo './'`putcole.c
/bin/sh ./libtool  --tag=CC   --mode=compile /share/home/apps/gcc/11.3.0/bin/gcc -m64 -DPACKAGE_NAME=\"cfitsio\" -DPACKAGE_TARNAME=\"cfitsio\" -DPACKAGE_VERSION=\"4.6.2\" -DPACKAGE_STRING=\"cfitsio\ 4.6.2\" -DPACKAGE_BUGREPORT=\"\" -DPACKAGE_URL=\"\" -DPACKAGE=\"cfitsio\" -DVERSION=\"4.6.2\" -DHAVE_STDIO_H=1 -DHAVE_STDLIB_H=1 -DHAVE_STRING_H=1 -DHAVE_INTTYPES_H=1 -DHAVE_STDINT_H=1 -DHAVE_STRINGS_H=1 -DHAVE_SYS_STAT_H=1 -DHAVE_SYS_TYPES_H=1 -DHAVE_UNISTD_H=1 -DSTDC_HEADERS=1 -DHAVE_DLFCN_H=1 -DLT_OBJDIR=\".libs/\" -DHAVE_STDLIB_H=1 -DHAVE_STRING_H=1 -DHAVE_MATH_H=1 -DHAVE_LIMITS_H=1 -D_LARGEFILE_SOURCE=1 -D_FILE_OFFSET_BITS=64 -DCFITSIO_HAVE_CURL=1 -DHAVE_LIBZ=1 -DHAVE_FTRUNCATE=1 -DHAVE_LONGLONG=1 -DHAVE_SHMEM_SERVICES=1 -DHAVE_FMEMOPEN=1 -DHAVE_NET_SERVICES=1 -I.     -DPACKAGE_NAME=\"cfitsio\" -DPACKAGE_TARNAME=\"cfitsio\" -DPACKAGE_VERSION=\"4.6.2\" -DPACKAGE_STRING=\"cfitsio\ 4.6.2\" -DPACKAGE_BUGREPORT=\"\" -DPACKAGE_URL=\"\" -DPACKAGE=\"cfitsio\" -DVERSION=\"4.6.2\" -DHAVE_STDIO_H=1 -DHAVE_STDLIB_H=1 -DHAVE_STRING_H=1 -DHAVE_INTTYPES_H=1 -DHAVE_STDINT_H=1 -DHAVE_STRINGS_H=1 -DHAVE_SYS_STAT_H=1 -DHAVE_SYS_TYPES_H=1 -DHAVE_UNISTD_H=1 -DSTDC_HEADERS=1 -DHAVE_DLFCN_H=1 -DLT_OBJDIR=\".libs/\" -DHAVE_STDLIB_H=1 -DHAVE_STRING_H=1 -DHAVE_MATH_H=1 -DHAVE_LIMITS_H=1 -D_LARGEFILE_SOURCE=1 -D_FILE_OFFSET_BITS=64 -DCFITSIO_HAVE_CURL=1 -DHAVE_LIBZ=1 -DHAVE_FTRUNCATE=1 -DHAVE_LONGLONG=1 -DHAVE_SHMEM_SERVICES=1 -DHAVE_FMEMOPEN=1 -DHAVE_NET_SERVICES=1 -g -O2 -Dg77Fortran -MT libcfitsio_la-putcoli.lo -MD -MP -MF .deps/libcfitsio_la-putcoli.Tpo -c -o libcfitsio_la-putcoli.lo `test -f 'putcoli.c' || echo './'`putcoli.c
/bin/sh ./libtool  --tag=CC   --mode=compile /share/home/apps/gcc/11.3.0/bin/gcc -m64 -DPACKAGE_NAME=\"cfitsio\" -DPACKAGE_TARNAME=\"cfitsio\" -DPACKAGE_VERSION=\"4.6.2\" -DPACKAGE_STRING=\"cfitsio\ 4.6.2\" -DPACKAGE_BUGREPORT=\"\" -DPACKAGE_URL=\"\" -DPACKAGE=\"cfitsio\" -DVERSION=\"4.6.2\" -DHAVE_STDIO_H=1 -DHAVE_STDLIB_H=1 -DHAVE_STRING_H=1 -DHAVE_INTTYPES_H=1 -DHAVE_STDINT_H=1 -DHAVE_STRINGS_H=1 -DHAVE_SYS_STAT_H=1 -DHAVE_SYS_TYPES_H=1 -DHAVE_UNISTD_H=1 -DSTDC_HEADERS=1 -DHAVE_DLFCN_H=1 -DLT_OBJDIR=\".libs/\" -DHAVE_STDLIB_H=1 -DHAVE_STRING_H=1 -DHAVE_MATH_H=1 -DHAVE_LIMITS_H=1 -D_LARGEFILE_SOURCE=1 -D_FILE_OFFSET_BITS=64 -DCFITSIO_HAVE_CURL=1 -DHAVE_LIBZ=1 -DHAVE_FTRUNCATE=1 -DHAVE_LONGLONG=1 -DHAVE_SHMEM_SERVICES=1 -DHAVE_FMEMOPEN=1 -DHAVE_NET_SERVICES=1 -I.     -DPACKAGE_NAME=\"cfitsio\" -DPACKAGE_TARNAME=\"cfitsio\" -DPACKAGE_VERSION=\"4.6.2\" -DPACKAGE_STRING=\"cfitsio\ 4.6.2\" -DPACKAGE_BUGREPORT=\"\" -DPACKAGE_URL=\"\" -DPACKAGE=\"cfitsio\" -DVERSION=\"4.6.2\" -DHAVE_STDIO_H=1 -DHAVE_STDLIB_H=1 -DHAVE_STRING_H=1 -DHAVE_INTTYPES_H=1 -DHAVE_STDINT_H=1 -DHAVE_STRINGS_H=1 -DHAVE_SYS_STAT_H=1 -DHAVE_SYS_TYPES_H=1 -DHAVE_UNISTD_H=1 -DSTDC_HEADERS=1 -DHAVE_DLFCN_H=1 -DLT_OBJDIR=\".libs/\" -DHAVE_STDLIB_H=1 -DHAVE_STRING_H=1 -DHAVE_MATH_H=1 -DHAVE_LIMITS_H=1 -D_LARGEFILE_SOURCE=1 -D_FILE_OFFSET_BITS=64 -DCFITSIO_HAVE_CURL=1 -DHAVE_LIBZ=1 -DHAVE_FTRUNCATE=1 -DHAVE_LONGLONG=1 -DHAVE_SHMEM_SERVICES=1 -DHAVE_FMEMOPEN=1 -DHAVE_NET_SERVICES=1 -g -O2 -Dg77Fortran -MT libcfitsio_la-putcolj.lo -MD -MP -MF .deps/libcfitsio_la-putcolj.Tpo -c -o libcfitsio_la-putcolj.lo `test -f 'putcolj.c' || echo './'`putcolj.c
/bin/sh ./libtool  --tag=CC   --mode=compile /share/home/apps/gcc/11.3.0/bin/gcc -m64 -DPACKAGE_NAME=\"cfitsio\" -DPACKAGE_TARNAME=\"cfitsio\" -DPACKAGE_VERSION=\"4.6.2\" -DPACKAGE_STRING=\"cfitsio\ 4.6.2\" -DPACKAGE_BUGREPORT=\"\" -DPACKAGE_URL=\"\" -DPACKAGE=\"cfitsio\" -DVERSION=\"4.6.2\" -DHAVE_STDIO_H=1 -DHAVE_STDLIB_H=1 -DHAVE_STRING_H=1 -DHAVE_INTTYPES_H=1 -DHAVE_STDINT_H=1 -DHAVE_STRINGS_H=1 -DHAVE_SYS_STAT_H=1 -DHAVE_SYS_TYPES_H=1 -DHAVE_UNISTD_H=1 -DSTDC_HEADERS=1 -DHAVE_DLFCN_H=1 -DLT_OBJDIR=\".libs/\" -DHAVE_STDLIB_H=1 -DHAVE_STRING_H=1 -DHAVE_MATH_H=1 -DHAVE_LIMITS_H=1 -D_LARGEFILE_SOURCE=1 -D_FILE_OFFSET_BITS=64 -DCFITSIO_HAVE_CURL=1 -DHAVE_LIBZ=1 -DHAVE_FTRUNCATE=1 -DHAVE_LONGLONG=1 -DHAVE_SHMEM_SERVICES=1 -DHAVE_FMEMOPEN=1 -DHAVE_NET_SERVICES=1 -I.     -DPACKAGE_NAME=\"cfitsio\" -DPACKAGE_TARNAME=\"cfitsio\" -DPACKAGE_VERSION=\"4.6.2\" -DPACKAGE_STRING=\"cfitsio\ 4.6.2\" -DPACKAGE_BUGREPORT=\"\" -DPACKAGE_URL=\"\" -DPACKAGE=\"cfitsio\" -DVERSION=\"4.6.2\" -DHAVE_STDIO_H=1 -DHAVE_STDLIB_H=1 -DHAVE_STRING_H=1 -DHAVE_INTTYPES_H=1 -DHAVE_STDINT_H=1 -DHAVE_STRINGS_H=1 -DHAVE_SYS_STAT_H=1 -DHAVE_SYS_TYPES_H=1 -DHAVE_UNISTD_H=1 -DSTDC_HEADERS=1 -DHAVE_DLFCN_H=1 -DLT_OBJDIR=\".libs/\" -DHAVE_STDLIB_H=1 -DHAVE_STRING_H=1 -DHAVE_MATH_H=1 -DHAVE_LIMITS_H=1 -D_LARGEFILE_SOURCE=1 -D_FILE_OFFSET_BITS=64 -DCFITSIO_HAVE_CURL=1 -DHAVE_LIBZ=1 -DHAVE_FTRUNCATE=1 -DHAVE_LONGLONG=1 -DHAVE_SHMEM_SERVICES=1 -DHAVE_FMEMOPEN=1 -DHAVE_NET_SERVICES=1 -g -O2 -Dg77Fortran -MT libcfitsio_la-putcolk.lo -MD -MP -MF .deps/libcfitsio_la-putcolk.Tpo -c -o libcfitsio_la-putcolk.lo `test -f 'putcolk.c' || echo './'`putcolk.c
/bin/sh ./libtool  --tag=CC   --mode=compile /share/home/apps/gcc/11.3.0/bin/gcc -m64 -DPACKAGE_NAME=\"cfitsio\" -DPACKAGE_TARNAME=\"cfitsio\" -DPACKAGE_VERSION=\"4.6.2\" -DPACKAGE_STRING=\"cfitsio\ 4.6.2\" -DPACKAGE_BUGREPORT=\"\" -DPACKAGE_URL=\"\" -DPACKAGE=\"cfitsio\" -DVERSION=\"4.6.2\" -DHAVE_STDIO_H=1 -DHAVE_STDLIB_H=1 -DHAVE_STRING_H=1 -DHAVE_INTTYPES_H=1 -DHAVE_STDINT_H=1 -DHAVE_STRINGS_H=1 -DHAVE_SYS_STAT_H=1 -DHAVE_SYS_TYPES_H=1 -DHAVE_UNISTD_H=1 -DSTDC_HEADERS=1 -DHAVE_DLFCN_H=1 -DLT_OBJDIR=\".libs/\" -DHAVE_STDLIB_H=1 -DHAVE_STRING_H=1 -DHAVE_MATH_H=1 -DHAVE_LIMITS_H=1 -D_LARGEFILE_SOURCE=1 -D_FILE_OFFSET_BITS=64 -DCFITSIO_HAVE_CURL=1 -DHAVE_LIBZ=1 -DHAVE_FTRUNCATE=1 -DHAVE_LONGLONG=1 -DHAVE_SHMEM_SERVICES=1 -DHAVE_FMEMOPEN=1 -DHAVE_NET_SERVICES=1 -I.     -DPACKAGE_NAME=\"cfitsio\" -DPACKAGE_TARNAME=\"cfitsio\" -DPACKAGE_VERSION=\"4.6.2\" -DPACKAGE_STRING=\"cfitsio\ 4.6.2\" -DPACKAGE_BUGREPORT=\"\" -DPACKAGE_URL=\"\" -DPACKAGE=\"cfitsio\" -DVERSION=\"4.6.2\" -DHAVE_STDIO_H=1 -DHAVE_STDLIB_H=1 -DHAVE_STRING_H=1 -DHAVE_INTTYPES_H=1 -DHAVE_STDINT_H=1 -DHAVE_STRINGS_H=1 -DHAVE_SYS_STAT_H=1 -DHAVE_SYS_TYPES_H=1 -DHAVE_UNISTD_H=1 -DSTDC_HEADERS=1 -DHAVE_DLFCN_H=1 -DLT_OBJDIR=\".libs/\" -DHAVE_STDLIB_H=1 -DHAVE_STRING_H=1 -DHAVE_MATH_H=1 -DHAVE_LIMITS_H=1 -D_LARGEFILE_SOURCE=1 -D_FILE_OFFSET_BITS=64 -DCFITSIO_HAVE_CURL=1 -DHAVE_LIBZ=1 -DHAVE_FTRUNCATE=1 -DHAVE_LONGLONG=1 -DHAVE_SHMEM_SERVICES=1 -DHAVE_FMEMOPEN=1 -DHAVE_NET_SERVICES=1 -g -O2 -Dg77Fortran -MT libcfitsio_la-putcoluk.lo -MD -MP -MF .deps/libcfitsio_la-putcoluk.Tpo -c -o libcfitsio_la-putcoluk.lo `test -f 'putcoluk.c' || echo './'`putcoluk.c
/bin/sh ./libtool  --tag=CC   --mode=compile /share/home/apps/gcc/11.3.0/bin/gcc -m64 -DPACKAGE_NAME=\"cfitsio\" -DPACKAGE_TARNAME=\"cfitsio\" -DPACKAGE_VERSION=\"4.6.2\" -DPACKAGE_STRING=\"cfitsio\ 4.6.2\" -DPACKAGE_BUGREPORT=\"\" -DPACKAGE_URL=\"\" -DPACKAGE=\"cfitsio\" -DVERSION=\"4.6.2\" -DHAVE_STDIO_H=1 -DHAVE_STDLIB_H=1 -DHAVE_STRING_H=1 -DHAVE_INTTYPES_H=1 -DHAVE_STDINT_H=1 -DHAVE_STRINGS_H=1 -DHAVE_SYS_STAT_H=1 -DHAVE_SYS_TYPES_H=1 -DHAVE_UNISTD_H=1 -DSTDC_HEADERS=1 -DHAVE_DLFCN_H=1 -DLT_OBJDIR=\".libs/\" -DHAVE_STDLIB_H=1 -DHAVE_STRING_H=1 -DHAVE_MATH_H=1 -DHAVE_LIMITS_H=1 -D_LARGEFILE_SOURCE=1 -D_FILE_OFFSET_BITS=64 -DCFITSIO_HAVE_CURL=1 -DHAVE_LIBZ=1 -DHAVE_FTRUNCATE=1 -DHAVE_LONGLONG=1 -DHAVE_SHMEM_SERVICES=1 -DHAVE_FMEMOPEN=1 -DHAVE_NET_SERVICES=1 -I.     -DPACKAGE_NAME=\"cfitsio\" -DPACKAGE_TARNAME=\"cfitsio\" -DPACKAGE_VERSION=\"4.6.2\" -DPACKAGE_STRING=\"cfitsio\ 4.6.2\" -DPACKAGE_BUGREPORT=\"\" -DPACKAGE_URL=\"\" -DPACKAGE=\"cfitsio\" -DVERSION=\"4.6.2\" -DHAVE_STDIO_H=1 -DHAVE_STDLIB_H=1 -DHAVE_STRING_H=1 -DHAVE_INTTYPES_H=1 -DHAVE_STDINT_H=1 -DHAVE_STRINGS_H=1 -DHAVE_SYS_STAT_H=1 -DHAVE_SYS_TYPES_H=1 -DHAVE_UNISTD_H=1 -DSTDC_HEADERS=1 -DHAVE_DLFCN_H=1 -DLT_OBJDIR=\".libs/\" -DHAVE_STDLIB_H=1 -DHAVE_STRING_H=1 -DHAVE_MATH_H=1 -DHAVE_LIMITS_H=1 -D_LARGEFILE_SOURCE=1 -D_FILE_OFFSET_BITS=64 -DCFITSIO_HAVE_CURL=1 -DHAVE_LIBZ=1 -DHAVE_FTRUNCATE=1 -DHAVE_LONGLONG=1 -DHAVE_SHMEM_SERVICES=1 -DHAVE_FMEMOPEN=1 -DHAVE_NET_SERVICES=1 -g -O2 -Dg77Fortran -MT libcfitsio_la-putcoll.lo -MD -MP -MF .deps/libcfitsio_la-putcoll.Tpo -c -o libcfitsio_la-putcoll.lo `test -f 'putcoll.c' || echo './'`putcoll.c
/bin/sh ./libtool  --tag=CC   --mode=compile /share/home/apps/gcc/11.3.0/bin/gcc -m64 -DPACKAGE_NAME=\"cfitsio\" -DPACKAGE_TARNAME=\"cfitsio\" -DPACKAGE_VERSION=\"4.6.2\" -DPACKAGE_STRING=\"cfitsio\ 4.6.2\" -DPACKAGE_BUGREPORT=\"\" -DPACKAGE_URL=\"\" -DPACKAGE=\"cfitsio\" -DVERSION=\"4.6.2\" -DHAVE_STDIO_H=1 -DHAVE_STDLIB_H=1 -DHAVE_STRING_H=1 -DHAVE_INTTYPES_H=1 -DHAVE_STDINT_H=1 -DHAVE_STRINGS_H=1 -DHAVE_SYS_STAT_H=1 -DHAVE_SYS_TYPES_H=1 -DHAVE_UNISTD_H=1 -DSTDC_HEADERS=1 -DHAVE_DLFCN_H=1 -DLT_OBJDIR=\".libs/\" -DHAVE_STDLIB_H=1 -DHAVE_STRING_H=1 -DHAVE_MATH_H=1 -DHAVE_LIMITS_H=1 -D_LARGEFILE_SOURCE=1 -D_FILE_OFFSET_BITS=64 -DCFITSIO_HAVE_CURL=1 -DHAVE_LIBZ=1 -DHAVE_FTRUNCATE=1 -DHAVE_LONGLONG=1 -DHAVE_SHMEM_SERVICES=1 -DHAVE_FMEMOPEN=1 -DHAVE_NET_SERVICES=1 -I.     -DPACKAGE_NAME=\"cfitsio\" -DPACKAGE_TARNAME=\"cfitsio\" -DPACKAGE_VERSION=\"4.6.2\" -DPACKAGE_STRING=\"cfitsio\ 4.6.2\" -DPACKAGE_BUGREPORT=\"\" -DPACKAGE_URL=\"\" -DPACKAGE=\"cfitsio\" -DVERSION=\"4.6.2\" -DHAVE_STDIO_H=1 -DHAVE_STDLIB_H=1 -DHAVE_STRING_H=1 -DHAVE_INTTYPES_H=1 -DHAVE_STDINT_H=1 -DHAVE_STRINGS_H=1 -DHAVE_SYS_STAT_H=1 -DHAVE_SYS_TYPES_H=1 -DHAVE_UNISTD_H=1 -DSTDC_HEADERS=1 -DHAVE_DLFCN_H=1 -DLT_OBJDIR=\".libs/\" -DHAVE_STDLIB_H=1 -DHAVE_STRING_H=1 -DHAVE_MATH_H=1 -DHAVE_LIMITS_H=1 -D_LARGEFILE_SOURCE=1 -D_FILE_OFFSET_BITS=64 -DCFITSIO_HAVE_CURL=1 -DHAVE_LIBZ=1 -DHAVE_FTRUNCATE=1 -DHAVE_LONGLONG=1 -DHAVE_SHMEM_SERVICES=1 -DHAVE_FMEMOPEN=1 -DHAVE_NET_SERVICES=1 -g -O2 -Dg77Fortran -MT libcfitsio_la-putcols.lo -MD -MP -MF .deps/libcfitsio_la-putcols.Tpo -c -o libcfitsio_la-putcols.lo `test -f 'putcols.c' || echo './'`putcols.c
/bin/sh ./libtool  --tag=CC   --mode=compile /share/home/apps/gcc/11.3.0/bin/gcc -m64 -DPACKAGE_NAME=\"cfitsio\" -DPACKAGE_TARNAME=\"cfitsio\" -DPACKAGE_VERSION=\"4.6.2\" -DPACKAGE_STRING=\"cfitsio\ 4.6.2\" -DPACKAGE_BUGREPORT=\"\" -DPACKAGE_URL=\"\" -DPACKAGE=\"cfitsio\" -DVERSION=\"4.6.2\" -DHAVE_STDIO_H=1 -DHAVE_STDLIB_H=1 -DHAVE_STRING_H=1 -DHAVE_INTTYPES_H=1 -DHAVE_STDINT_H=1 -DHAVE_STRINGS_H=1 -DHAVE_SYS_STAT_H=1 -DHAVE_SYS_TYPES_H=1 -DHAVE_UNISTD_H=1 -DSTDC_HEADERS=1 -DHAVE_DLFCN_H=1 -DLT_OBJDIR=\".libs/\" -DHAVE_STDLIB_H=1 -DHAVE_STRING_H=1 -DHAVE_MATH_H=1 -DHAVE_LIMITS_H=1 -D_LARGEFILE_SOURCE=1 -D_FILE_OFFSET_BITS=64 -DCFITSIO_HAVE_CURL=1 -DHAVE_LIBZ=1 -DHAVE_FTRUNCATE=1 -DHAVE_LONGLONG=1 -DHAVE_SHMEM_SERVICES=1 -DHAVE_FMEMOPEN=1 -DHAVE_NET_SERVICES=1 -I.     -DPACKAGE_NAME=\"cfitsio\" -DPACKAGE_TARNAME=\"cfitsio\" -DPACKAGE_VERSION=\"4.6.2\" -DPACKAGE_STRING=\"cfitsio\ 4.6.2\" -DPACKAGE_BUGREPORT=\"\" -DPACKAGE_URL=\"\" -DPACKAGE=\"cfitsio\" -DVERSION=\"4.6.2\" -DHAVE_STDIO_H=1 -DHAVE_STDLIB_H=1 -DHAVE_STRING_H=1 -DHAVE_INTTYPES_H=1 -DHAVE_STDINT_H=1 -DHAVE_STRINGS_H=1 -DHAVE_SYS_STAT_H=1 -DHAVE_SYS_TYPES_H=1 -DHAVE_UNISTD_H=1 -DSTDC_HEADERS=1 -DHAVE_DLFCN_H=1 -DLT_OBJDIR=\".libs/\" -DHAVE_STDLIB_H=1 -DHAVE_STRING_H=1 -DHAVE_MATH_H=1 -DHAVE_LIMITS_H=1 -D_LARGEFILE_SOURCE=1 -D_FILE_OFFSET_BITS=64 -DCFITSIO_HAVE_CURL=1 -DHAVE_LIBZ=1 -DHAVE_FTRUNCATE=1 -DHAVE_LONGLONG=1 -DHAVE_SHMEM_SERVICES=1 -DHAVE_FMEMOPEN=1 -DHAVE_NET_SERVICES=1 -g -O2 -Dg77Fortran -MT libcfitsio_la-putcolsb.lo -MD -MP -MF .deps/libcfitsio_la-putcolsb.Tpo -c -o libcfitsio_la-putcolsb.lo `test -f 'putcolsb.c' || echo './'`putcolsb.c
/bin/sh ./libtool  --tag=CC   --mode=compile /share/home/apps/gcc/11.3.0/bin/gcc -m64 -DPACKAGE_NAME=\"cfitsio\" -DPACKAGE_TARNAME=\"cfitsio\" -DPACKAGE_VERSION=\"4.6.2\" -DPACKAGE_STRING=\"cfitsio\ 4.6.2\" -DPACKAGE_BUGREPORT=\"\" -DPACKAGE_URL=\"\" -DPACKAGE=\"cfitsio\" -DVERSION=\"4.6.2\" -DHAVE_STDIO_H=1 -DHAVE_STDLIB_H=1 -DHAVE_STRING_H=1 -DHAVE_INTTYPES_H=1 -DHAVE_STDINT_H=1 -DHAVE_STRINGS_H=1 -DHAVE_SYS_STAT_H=1 -DHAVE_SYS_TYPES_H=1 -DHAVE_UNISTD_H=1 -DSTDC_HEADERS=1 -DHAVE_DLFCN_H=1 -DLT_OBJDIR=\".libs/\" -DHAVE_STDLIB_H=1 -DHAVE_STRING_H=1 -DHAVE_MATH_H=1 -DHAVE_LIMITS_H=1 -D_LARGEFILE_SOURCE=1 -D_FILE_OFFSET_BITS=64 -DCFITSIO_HAVE_CURL=1 -DHAVE_LIBZ=1 -DHAVE_FTRUNCATE=1 -DHAVE_LONGLONG=1 -DHAVE_SHMEM_SERVICES=1 -DHAVE_FMEMOPEN=1 -DHAVE_NET_SERVICES=1 -I.     -DPACKAGE_NAME=\"cfitsio\" -DPACKAGE_TARNAME=\"cfitsio\" -DPACKAGE_VERSION=\"4.6.2\" -DPACKAGE_STRING=\"cfitsio\ 4.6.2\" -DPACKAGE_BUGREPORT=\"\" -DPACKAGE_URL=\"\" -DPACKAGE=\"cfitsio\" -DVERSION=\"4.6.2\" -DHAVE_STDIO_H=1 -DHAVE_STDLIB_H=1 -DHAVE_STRING_H=1 -DHAVE_INTTYPES_H=1 -DHAVE_STDINT_H=1 -DHAVE_STRINGS_H=1 -DHAVE_SYS_STAT_H=1 -DHAVE_SYS_TYPES_H=1 -DHAVE_UNISTD_H=1 -DSTDC_HEADERS=1 -DHAVE_DLFCN_H=1 -DLT_OBJDIR=\".libs/\" -DHAVE_STDLIB_H=1 -DHAVE_STRING_H=1 -DHAVE_MATH_H=1 -DHAVE_LIMITS_H=1 -D_LARGEFILE_SOURCE=1 -D_FILE_OFFSET_BITS=64 -DCFITSIO_HAVE_CURL=1 -DHAVE_LIBZ=1 -DHAVE_FTRUNCATE=1 -DHAVE_LONGLONG=1 -DHAVE_SHMEM_SERVICES=1 -DHAVE_FMEMOPEN=1 -DHAVE_NET_SERVICES=1 -g -O2 -Dg77Fortran -MT libcfitsio_la-putcolu.lo -MD -MP -MF .deps/libcfitsio_la-putcolu.Tpo -c -o libcfitsio_la-putcolu.lo `test -f 'putcolu.c' || echo './'`putcolu.c
/bin/sh ./libtool  --tag=CC   --mode=compile /share/home/apps/gcc/11.3.0/bin/gcc -m64 -DPACKAGE_NAME=\"cfitsio\" -DPACKAGE_TARNAME=\"cfitsio\" -DPACKAGE_VERSION=\"4.6.2\" -DPACKAGE_STRING=\"cfitsio\ 4.6.2\" -DPACKAGE_BUGREPORT=\"\" -DPACKAGE_URL=\"\" -DPACKAGE=\"cfitsio\" -DVERSION=\"4.6.2\" -DHAVE_STDIO_H=1 -DHAVE_STDLIB_H=1 -DHAVE_STRING_H=1 -DHAVE_INTTYPES_H=1 -DHAVE_STDINT_H=1 -DHAVE_STRINGS_H=1 -DHAVE_SYS_STAT_H=1 -DHAVE_SYS_TYPES_H=1 -DHAVE_UNISTD_H=1 -DSTDC_HEADERS=1 -DHAVE_DLFCN_H=1 -DLT_OBJDIR=\".libs/\" -DHAVE_STDLIB_H=1 -DHAVE_STRING_H=1 -DHAVE_MATH_H=1 -DHAVE_LIMITS_H=1 -D_LARGEFILE_SOURCE=1 -D_FILE_OFFSET_BITS=64 -DCFITSIO_HAVE_CURL=1 -DHAVE_LIBZ=1 -DHAVE_FTRUNCATE=1 -DHAVE_LONGLONG=1 -DHAVE_SHMEM_SERVICES=1 -DHAVE_FMEMOPEN=1 -DHAVE_NET_SERVICES=1 -I.     -DPACKAGE_NAME=\"cfitsio\" -DPACKAGE_TARNAME=\"cfitsio\" -DPACKAGE_VERSION=\"4.6.2\" -DPACKAGE_STRING=\"cfitsio\ 4.6.2\" -DPACKAGE_BUGREPORT=\"\" -DPACKAGE_URL=\"\" -DPACKAGE=\"cfitsio\" -DVERSION=\"4.6.2\" -DHAVE_STDIO_H=1 -DHAVE_STDLIB_H=1 -DHAVE_STRING_H=1 -DHAVE_INTTYPES_H=1 -DHAVE_STDINT_H=1 -DHAVE_STRINGS_H=1 -DHAVE_SYS_STAT_H=1 -DHAVE_SYS_TYPES_H=1 -DHAVE_UNISTD_H=1 -DSTDC_HEADERS=1 -DHAVE_DLFCN_H=1 -DLT_OBJDIR=\".libs/\" -DHAVE_STDLIB_H=1 -DHAVE_STRING_H=1 -DHAVE_MATH_H=1 -DHAVE_LIMITS_H=1 -D_LARGEFILE_SOURCE=1 -D_FILE_OFFSET_BITS=64 -DCFITSIO_HAVE_CURL=1 -DHAVE_LIBZ=1 -DHAVE_FTRUNCATE=1 -DHAVE_LONGLONG=1 -DHAVE_SHMEM_SERVICES=1 -DHAVE_FMEMOPEN=1 -DHAVE_NET_SERVICES=1 -g -O2 -Dg77Fortran -MT libcfitsio_la-putcolui.lo -MD -MP -MF .deps/libcfitsio_la-putcolui.Tpo -c -o libcfitsio_la-putcolui.lo `test -f 'putcolui.c' || echo './'`putcolui.c
/bin/sh ./libtool  --tag=CC   --mode=compile /share/home/apps/gcc/11.3.0/bin/gcc -m64 -DPACKAGE_NAME=\"cfitsio\" -DPACKAGE_TARNAME=\"cfitsio\" -DPACKAGE_VERSION=\"4.6.2\" -DPACKAGE_STRING=\"cfitsio\ 4.6.2\" -DPACKAGE_BUGREPORT=\"\" -DPACKAGE_URL=\"\" -DPACKAGE=\"cfitsio\" -DVERSION=\"4.6.2\" -DHAVE_STDIO_H=1 -DHAVE_STDLIB_H=1 -DHAVE_STRING_H=1 -DHAVE_INTTYPES_H=1 -DHAVE_STDINT_H=1 -DHAVE_STRINGS_H=1 -DHAVE_SYS_STAT_H=1 -DHAVE_SYS_TYPES_H=1 -DHAVE_UNISTD_H=1 -DSTDC_HEADERS=1 -DHAVE_DLFCN_H=1 -DLT_OBJDIR=\".libs/\" -DHAVE_STDLIB_H=1 -DHAVE_STRING_H=1 -DHAVE_MATH_H=1 -DHAVE_LIMITS_H=1 -D_LARGEFILE_SOURCE=1 -D_FILE_OFFSET_BITS=64 -DCFITSIO_HAVE_CURL=1 -DHAVE_LIBZ=1 -DHAVE_FTRUNCATE=1 -DHAVE_LONGLONG=1 -DHAVE_SHMEM_SERVICES=1 -DHAVE_FMEMOPEN=1 -DHAVE_NET_SERVICES=1 -I.     -DPACKAGE_NAME=\"cfitsio\" -DPACKAGE_TARNAME=\"cfitsio\" -DPACKAGE_VERSION=\"4.6.2\" -DPACKAGE_STRING=\"cfitsio\ 4.6.2\" -DPACKAGE_BUGREPORT=\"\" -DPACKAGE_URL=\"\" -DPACKAGE=\"cfitsio\" -DVERSION=\"4.6.2\" -DHAVE_STDIO_H=1 -DHAVE_STDLIB_H=1 -DHAVE_STRING_H=1 -DHAVE_INTTYPES_H=1 -DHAVE_STDINT_H=1 -DHAVE_STRINGS_H=1 -DHAVE_SYS_STAT_H=1 -DHAVE_SYS_TYPES_H=1 -DHAVE_UNISTD_H=1 -DSTDC_HEADERS=1 -DHAVE_DLFCN_H=1 -DLT_OBJDIR=\".libs/\" -DHAVE_STDLIB_H=1 -DHAVE_STRING_H=1 -DHAVE_MATH_H=1 -DHAVE_LIMITS_H=1 -D_LARGEFILE_SOURCE=1 -D_FILE_OFFSET_BITS=64 -DCFITSIO_HAVE_CURL=1 -DHAVE_LIBZ=1 -DHAVE_FTRUNCATE=1 -DHAVE_LONGLONG=1 -DHAVE_SHMEM_SERVICES=1 -DHAVE_FMEMOPEN=1 -DHAVE_NET_SERVICES=1 -g -O2 -Dg77Fortran -MT libcfitsio_la-putcoluj.lo -MD -MP -MF .deps/libcfitsio_la-putcoluj.Tpo -c -o libcfitsio_la-putcoluj.lo `test -f 'putcoluj.c' || echo './'`putcoluj.c
/bin/sh ./libtool  --tag=CC   --mode=compile /share/home/apps/gcc/11.3.0/bin/gcc -m64 -DPACKAGE_NAME=\"cfitsio\" -DPACKAGE_TARNAME=\"cfitsio\" -DPACKAGE_VERSION=\"4.6.2\" -DPACKAGE_STRING=\"cfitsio\ 4.6.2\" -DPACKAGE_BUGREPORT=\"\" -DPACKAGE_URL=\"\" -DPACKAGE=\"cfitsio\" -DVERSION=\"4.6.2\" -DHAVE_STDIO_H=1 -DHAVE_STDLIB_H=1 -DHAVE_STRING_H=1 -DHAVE_INTTYPES_H=1 -DHAVE_STDINT_H=1 -DHAVE_STRINGS_H=1 -DHAVE_SYS_STAT_H=1 -DHAVE_SYS_TYPES_H=1 -DHAVE_UNISTD_H=1 -DSTDC_HEADERS=1 -DHAVE_DLFCN_H=1 -DLT_OBJDIR=\".libs/\" -DHAVE_STDLIB_H=1 -DHAVE_STRING_H=1 -DHAVE_MATH_H=1 -DHAVE_LIMITS_H=1 -D_LARGEFILE_SOURCE=1 -D_FILE_OFFSET_BITS=64 -DCFITSIO_HAVE_CURL=1 -DHAVE_LIBZ=1 -DHAVE_FTRUNCATE=1 -DHAVE_LONGLONG=1 -DHAVE_SHMEM_SERVICES=1 -DHAVE_FMEMOPEN=1 -DHAVE_NET_SERVICES=1 -I.     -DPACKAGE_NAME=\"cfitsio\" -DPACKAGE_TARNAME=\"cfitsio\" -DPACKAGE_VERSION=\"4.6.2\" -DPACKAGE_STRING=\"cfitsio\ 4.6.2\" -DPACKAGE_BUGREPORT=\"\" -DPACKAGE_URL=\"\" -DPACKAGE=\"cfitsio\" -DVERSION=\"4.6.2\" -DHAVE_STDIO_H=1 -DHAVE_STDLIB_H=1 -DHAVE_STRING_H=1 -DHAVE_INTTYPES_H=1 -DHAVE_STDINT_H=1 -DHAVE_STRINGS_H=1 -DHAVE_SYS_STAT_H=1 -DHAVE_SYS_TYPES_H=1 -DHAVE_UNISTD_H=1 -DSTDC_HEADERS=1 -DHAVE_DLFCN_H=1 -DLT_OBJDIR=\".libs/\" -DHAVE_STDLIB_H=1 -DHAVE_STRING_H=1 -DHAVE_MATH_H=1 -DHAVE_LIMITS_H=1 -D_LARGEFILE_SOURCE=1 -D_FILE_OFFSET_BITS=64 -DCFITSIO_HAVE_CURL=1 -DHAVE_LIBZ=1 -DHAVE_FTRUNCATE=1 -DHAVE_LONGLONG=1 -DHAVE_SHMEM_SERVICES=1 -DHAVE_FMEMOPEN=1 -DHAVE_NET_SERVICES=1 -g -O2 -Dg77Fortran -MT libcfitsio_la-putkey.lo -MD -MP -MF .deps/libcfitsio_la-putkey.Tpo -c -o libcfitsio_la-putkey.lo `test -f 'putkey.c' || echo './'`putkey.c
/bin/sh ./libtool  --tag=CC   --mode=compile /share/home/apps/gcc/11.3.0/bin/gcc -m64 -DPACKAGE_NAME=\"cfitsio\" -DPACKAGE_TARNAME=\"cfitsio\" -DPACKAGE_VERSION=\"4.6.2\" -DPACKAGE_STRING=\"cfitsio\ 4.6.2\" -DPACKAGE_BUGREPORT=\"\" -DPACKAGE_URL=\"\" -DPACKAGE=\"cfitsio\" -DVERSION=\"4.6.2\" -DHAVE_STDIO_H=1 -DHAVE_STDLIB_H=1 -DHAVE_STRING_H=1 -DHAVE_INTTYPES_H=1 -DHAVE_STDINT_H=1 -DHAVE_STRINGS_H=1 -DHAVE_SYS_STAT_H=1 -DHAVE_SYS_TYPES_H=1 -DHAVE_UNISTD_H=1 -DSTDC_HEADERS=1 -DHAVE_DLFCN_H=1 -DLT_OBJDIR=\".libs/\" -DHAVE_STDLIB_H=1 -DHAVE_STRING_H=1 -DHAVE_MATH_H=1 -DHAVE_LIMITS_H=1 -D_LARGEFILE_SOURCE=1 -D_FILE_OFFSET_BITS=64 -DCFITSIO_HAVE_CURL=1 -DHAVE_LIBZ=1 -DHAVE_FTRUNCATE=1 -DHAVE_LONGLONG=1 -DHAVE_SHMEM_SERVICES=1 -DHAVE_FMEMOPEN=1 -DHAVE_NET_SERVICES=1 -I.     -DPACKAGE_NAME=\"cfitsio\" -DPACKAGE_TARNAME=\"cfitsio\" -DPACKAGE_VERSION=\"4.6.2\" -DPACKAGE_STRING=\"cfitsio\ 4.6.2\" -DPACKAGE_BUGREPORT=\"\" -DPACKAGE_URL=\"\" -DPACKAGE=\"cfitsio\" -DVERSION=\"4.6.2\" -DHAVE_STDIO_H=1 -DHAVE_STDLIB_H=1 -DHAVE_STRING_H=1 -DHAVE_INTTYPES_H=1 -DHAVE_STDINT_H=1 -DHAVE_STRINGS_H=1 -DHAVE_SYS_STAT_H=1 -DHAVE_SYS_TYPES_H=1 -DHAVE_UNISTD_H=1 -DSTDC_HEADERS=1 -DHAVE_DLFCN_H=1 -DLT_OBJDIR=\".libs/\" -DHAVE_STDLIB_H=1 -DHAVE_STRING_H=1 -DHAVE_MATH_H=1 -DHAVE_LIMITS_H=1 -D_LARGEFILE_SOURCE=1 -D_FILE_OFFSET_BITS=64 -DCFITSIO_HAVE_CURL=1 -DHAVE_LIBZ=1 -DHAVE_FTRUNCATE=1 -DHAVE_LONGLONG=1 -DHAVE_SHMEM_SERVICES=1 -DHAVE_FMEMOPEN=1 -DHAVE_NET_SERVICES=1 -g -O2 -Dg77Fortran -MT libcfitsio_la-region.lo -MD -MP -MF .deps/libcfitsio_la-region.Tpo -c -o libcfitsio_la-region.lo `test -f 'region.c' || echo './'`region.c
/bin/sh ./libtool  --tag=CC   --mode=compile /share/home/apps/gcc/11.3.0/bin/gcc -m64 -DPACKAGE_NAME=\"cfitsio\" -DPACKAGE_TARNAME=\"cfitsio\" -DPACKAGE_VERSION=\"4.6.2\" -DPACKAGE_STRING=\"cfitsio\ 4.6.2\" -DPACKAGE_BUGREPORT=\"\" -DPACKAGE_URL=\"\" -DPACKAGE=\"cfitsio\" -DVERSION=\"4.6.2\" -DHAVE_STDIO_H=1 -DHAVE_STDLIB_H=1 -DHAVE_STRING_H=1 -DHAVE_INTTYPES_H=1 -DHAVE_STDINT_H=1 -DHAVE_STRINGS_H=1 -DHAVE_SYS_STAT_H=1 -DHAVE_SYS_TYPES_H=1 -DHAVE_UNISTD_H=1 -DSTDC_HEADERS=1 -DHAVE_DLFCN_H=1 -DLT_OBJDIR=\".libs/\" -DHAVE_STDLIB_H=1 -DHAVE_STRING_H=1 -DHAVE_MATH_H=1 -DHAVE_LIMITS_H=1 -D_LARGEFILE_SOURCE=1 -D_FILE_OFFSET_BITS=64 -DCFITSIO_HAVE_CURL=1 -DHAVE_LIBZ=1 -DHAVE_FTRUNCATE=1 -DHAVE_LONGLONG=1 -DHAVE_SHMEM_SERVICES=1 -DHAVE_FMEMOPEN=1 -DHAVE_NET_SERVICES=1 -I.     -DPACKAGE_NAME=\"cfitsio\" -DPACKAGE_TARNAME=\"cfitsio\" -DPACKAGE_VERSION=\"4.6.2\" -DPACKAGE_STRING=\"cfitsio\ 4.6.2\" -DPACKAGE_BUGREPORT=\"\" -DPACKAGE_URL=\"\" -DPACKAGE=\"cfitsio\" -DVERSION=\"4.6.2\" -DHAVE_STDIO_H=1 -DHAVE_STDLIB_H=1 -DHAVE_STRING_H=1 -DHAVE_INTTYPES_H=1 -DHAVE_STDINT_H=1 -DHAVE_STRINGS_H=1 -DHAVE_SYS_STAT_H=1 -DHAVE_SYS_TYPES_H=1 -DHAVE_UNISTD_H=1 -DSTDC_HEADERS=1 -DHAVE_DLFCN_H=1 -DLT_OBJDIR=\".libs/\" -DHAVE_STDLIB_H=1 -DHAVE_STRING_H=1 -DHAVE_MATH_H=1 -DHAVE_LIMITS_H=1 -D_LARGEFILE_SOURCE=1 -D_FILE_OFFSET_BITS=64 -DCFITSIO_HAVE_CURL=1 -DHAVE_LIBZ=1 -DHAVE_FTRUNCATE=1 -DHAVE_LONGLONG=1 -DHAVE_SHMEM_SERVICES=1 -DHAVE_FMEMOPEN=1 -DHAVE_NET_SERVICES=1 -g -O2 -Dg77Fortran -MT libcfitsio_la-scalnull.lo -MD -MP -MF .deps/libcfitsio_la-scalnull.Tpo -c -o libcfitsio_la-scalnull.lo `test -f 'scalnull.c' || echo './'`scalnull.c
/bin/sh ./libtool  --tag=CC   --mode=compile /share/home/apps/gcc/11.3.0/bin/gcc -m64 -DPACKAGE_NAME=\"cfitsio\" -DPACKAGE_TARNAME=\"cfitsio\" -DPACKAGE_VERSION=\"4.6.2\" -DPACKAGE_STRING=\"cfitsio\ 4.6.2\" -DPACKAGE_BUGREPORT=\"\" -DPACKAGE_URL=\"\" -DPACKAGE=\"cfitsio\" -DVERSION=\"4.6.2\" -DHAVE_STDIO_H=1 -DHAVE_STDLIB_H=1 -DHAVE_STRING_H=1 -DHAVE_INTTYPES_H=1 -DHAVE_STDINT_H=1 -DHAVE_STRINGS_H=1 -DHAVE_SYS_STAT_H=1 -DHAVE_SYS_TYPES_H=1 -DHAVE_UNISTD_H=1 -DSTDC_HEADERS=1 -DHAVE_DLFCN_H=1 -DLT_OBJDIR=\".libs/\" -DHAVE_STDLIB_H=1 -DHAVE_STRING_H=1 -DHAVE_MATH_H=1 -DHAVE_LIMITS_H=1 -D_LARGEFILE_SOURCE=1 -D_FILE_OFFSET_BITS=64 -DCFITSIO_HAVE_CURL=1 -DHAVE_LIBZ=1 -DHAVE_FTRUNCATE=1 -DHAVE_LONGLONG=1 -DHAVE_SHMEM_SERVICES=1 -DHAVE_FMEMOPEN=1 -DHAVE_NET_SERVICES=1 -I.     -DPACKAGE_NAME=\"cfitsio\" -DPACKAGE_TARNAME=\"cfitsio\" -DPACKAGE_VERSION=\"4.6.2\" -DPACKAGE_STRING=\"cfitsio\ 4.6.2\" -DPACKAGE_BUGREPORT=\"\" -DPACKAGE_URL=\"\" -DPACKAGE=\"cfitsio\" -DVERSION=\"4.6.2\" -DHAVE_STDIO_H=1 -DHAVE_STDLIB_H=1 -DHAVE_STRING_H=1 -DHAVE_INTTYPES_H=1 -DHAVE_STDINT_H=1 -DHAVE_STRINGS_H=1 -DHAVE_SYS_STAT_H=1 -DHAVE_SYS_TYPES_H=1 -DHAVE_UNISTD_H=1 -DSTDC_HEADERS=1 -DHAVE_DLFCN_H=1 -DLT_OBJDIR=\".libs/\" -DHAVE_STDLIB_H=1 -DHAVE_STRING_H=1 -DHAVE_MATH_H=1 -DHAVE_LIMITS_H=1 -D_LARGEFILE_SOURCE=1 -D_FILE_OFFSET_BITS=64 -DCFITSIO_HAVE_CURL=1 -DHAVE_LIBZ=1 -DHAVE_FTRUNCATE=1 -DHAVE_LONGLONG=1 -DHAVE_SHMEM_SERVICES=1 -DHAVE_FMEMOPEN=1 -DHAVE_NET_SERVICES=1 -g -O2 -Dg77Fortran -MT libcfitsio_la-swapproc.lo -MD -MP -MF .deps/libcfitsio_la-swapproc.Tpo -c -o libcfitsio_la-swapproc.lo `test -f 'swapproc.c' || echo './'`swapproc.c
/bin/sh ./libtool  --tag=CC   --mode=compile /share/home/apps/gcc/11.3.0/bin/gcc -m64 -DPACKAGE_NAME=\"cfitsio\" -DPACKAGE_TARNAME=\"cfitsio\" -DPACKAGE_VERSION=\"4.6.2\" -DPACKAGE_STRING=\"cfitsio\ 4.6.2\" -DPACKAGE_BUGREPORT=\"\" -DPACKAGE_URL=\"\" -DPACKAGE=\"cfitsio\" -DVERSION=\"4.6.2\" -DHAVE_STDIO_H=1 -DHAVE_STDLIB_H=1 -DHAVE_STRING_H=1 -DHAVE_INTTYPES_H=1 -DHAVE_STDINT_H=1 -DHAVE_STRINGS_H=1 -DHAVE_SYS_STAT_H=1 -DHAVE_SYS_TYPES_H=1 -DHAVE_UNISTD_H=1 -DSTDC_HEADERS=1 -DHAVE_DLFCN_H=1 -DLT_OBJDIR=\".libs/\" -DHAVE_STDLIB_H=1 -DHAVE_STRING_H=1 -DHAVE_MATH_H=1 -DHAVE_LIMITS_H=1 -D_LARGEFILE_SOURCE=1 -D_FILE_OFFSET_BITS=64 -DCFITSIO_HAVE_CURL=1 -DHAVE_LIBZ=1 -DHAVE_FTRUNCATE=1 -DHAVE_LONGLONG=1 -DHAVE_SHMEM_SERVICES=1 -DHAVE_FMEMOPEN=1 -DHAVE_NET_SERVICES=1 -I.     -DPACKAGE_NAME=\"cfitsio\" -DPACKAGE_TARNAME=\"cfitsio\" -DPACKAGE_VERSION=\"4.6.2\" -DPACKAGE_STRING=\"cfitsio\ 4.6.2\" -DPACKAGE_BUGREPORT=\"\" -DPACKAGE_URL=\"\" -DPACKAGE=\"cfitsio\" -DVERSION=\"4.6.2\" -DHAVE_STDIO_H=1 -DHAVE_STDLIB_H=1 -DHAVE_STRING_H=1 -DHAVE_INTTYPES_H=1 -DHAVE_STDINT_H=1 -DHAVE_STRINGS_H=1 -DHAVE_SYS_STAT_H=1 -DHAVE_SYS_TYPES_H=1 -DHAVE_UNISTD_H=1 -DSTDC_HEADERS=1 -DHAVE_DLFCN_H=1 -DLT_OBJDIR=\".libs/\" -DHAVE_STDLIB_H=1 -DHAVE_STRING_H=1 -DHAVE_MATH_H=1 -DHAVE_LIMITS_H=1 -D_LARGEFILE_SOURCE=1 -D_FILE_OFFSET_BITS=64 -DCFITSIO_HAVE_CURL=1 -DHAVE_LIBZ=1 -DHAVE_FTRUNCATE=1 -DHAVE_LONGLONG=1 -DHAVE_SHMEM_SERVICES=1 -DHAVE_FMEMOPEN=1 -DHAVE_NET_SERVICES=1 -g -O2 -Dg77Fortran -MT libcfitsio_la-wcssub.lo -MD -MP -MF .deps/libcfitsio_la-wcssub.Tpo -c -o libcfitsio_la-wcssub.lo `test -f 'wcssub.c' || echo './'`wcssub.c
/bin/sh ./libtool  --tag=CC   --mode=compile /share/home/apps/gcc/11.3.0/bin/gcc -m64 -DPACKAGE_NAME=\"cfitsio\" -DPACKAGE_TARNAME=\"cfitsio\" -DPACKAGE_VERSION=\"4.6.2\" -DPACKAGE_STRING=\"cfitsio\ 4.6.2\" -DPACKAGE_BUGREPORT=\"\" -DPACKAGE_URL=\"\" -DPACKAGE=\"cfitsio\" -DVERSION=\"4.6.2\" -DHAVE_STDIO_H=1 -DHAVE_STDLIB_H=1 -DHAVE_STRING_H=1 -DHAVE_INTTYPES_H=1 -DHAVE_STDINT_H=1 -DHAVE_STRINGS_H=1 -DHAVE_SYS_STAT_H=1 -DHAVE_SYS_TYPES_H=1 -DHAVE_UNISTD_H=1 -DSTDC_HEADERS=1 -DHAVE_DLFCN_H=1 -DLT_OBJDIR=\".libs/\" -DHAVE_STDLIB_H=1 -DHAVE_STRING_H=1 -DHAVE_MATH_H=1 -DHAVE_LIMITS_H=1 -D_LARGEFILE_SOURCE=1 -D_FILE_OFFSET_BITS=64 -DCFITSIO_HAVE_CURL=1 -DHAVE_LIBZ=1 -DHAVE_FTRUNCATE=1 -DHAVE_LONGLONG=1 -DHAVE_SHMEM_SERVICES=1 -DHAVE_FMEMOPEN=1 -DHAVE_NET_SERVICES=1 -I.     -DPACKAGE_NAME=\"cfitsio\" -DPACKAGE_TARNAME=\"cfitsio\" -DPACKAGE_VERSION=\"4.6.2\" -DPACKAGE_STRING=\"cfitsio\ 4.6.2\" -DPACKAGE_BUGREPORT=\"\" -DPACKAGE_URL=\"\" -DPACKAGE=\"cfitsio\" -DVERSION=\"4.6.2\" -DHAVE_STDIO_H=1 -DHAVE_STDLIB_H=1 -DHAVE_STRING_H=1 -DHAVE_INTTYPES_H=1 -DHAVE_STDINT_H=1 -DHAVE_STRINGS_H=1 -DHAVE_SYS_STAT_H=1 -DHAVE_SYS_TYPES_H=1 -DHAVE_UNISTD_H=1 -DSTDC_HEADERS=1 -DHAVE_DLFCN_H=1 -DLT_OBJDIR=\".libs/\" -DHAVE_STDLIB_H=1 -DHAVE_STRING_H=1 -DHAVE_MATH_H=1 -DHAVE_LIMITS_H=1 -D_LARGEFILE_SOURCE=1 -D_FILE_OFFSET_BITS=64 -DCFITSIO_HAVE_CURL=1 -DHAVE_LIBZ=1 -DHAVE_FTRUNCATE=1 -DHAVE_LONGLONG=1 -DHAVE_SHMEM_SERVICES=1 -DHAVE_FMEMOPEN=1 -DHAVE_NET_SERVICES=1 -g -O2 -Dg77Fortran -MT libcfitsio_la-wcsutil.lo -MD -MP -MF .deps/libcfitsio_la-wcsutil.Tpo -c -o libcfitsio_la-wcsutil.lo `test -f 'wcsutil.c' || echo './'`wcsutil.c
/bin/sh ./libtool  --tag=CC   --mode=compile /share/home/apps/gcc/11.3.0/bin/gcc -m64 -DPACKAGE_NAME=\"cfitsio\" -DPACKAGE_TARNAME=\"cfitsio\" -DPACKAGE_VERSION=\"4.6.2\" -DPACKAGE_STRING=\"cfitsio\ 4.6.2\" -DPACKAGE_BUGREPORT=\"\" -DPACKAGE_URL=\"\" -DPACKAGE=\"cfitsio\" -DVERSION=\"4.6.2\" -DHAVE_STDIO_H=1 -DHAVE_STDLIB_H=1 -DHAVE_STRING_H=1 -DHAVE_INTTYPES_H=1 -DHAVE_STDINT_H=1 -DHAVE_STRINGS_H=1 -DHAVE_SYS_STAT_H=1 -DHAVE_SYS_TYPES_H=1 -DHAVE_UNISTD_H=1 -DSTDC_HEADERS=1 -DHAVE_DLFCN_H=1 -DLT_OBJDIR=\".libs/\" -DHAVE_STDLIB_H=1 -DHAVE_STRING_H=1 -DHAVE_MATH_H=1 -DHAVE_LIMITS_H=1 -D_LARGEFILE_SOURCE=1 -D_FILE_OFFSET_BITS=64 -DCFITSIO_HAVE_CURL=1 -DHAVE_LIBZ=1 -DHAVE_FTRUNCATE=1 -DHAVE_LONGLONG=1 -DHAVE_SHMEM_SERVICES=1 -DHAVE_FMEMOPEN=1 -DHAVE_NET_SERVICES=1 -I.     -DPACKAGE_NAME=\"cfitsio\" -DPACKAGE_TARNAME=\"cfitsio\" -DPACKAGE_VERSION=\"4.6.2\" -DPACKAGE_STRING=\"cfitsio\ 4.6.2\" -DPACKAGE_BUGREPORT=\"\" -DPACKAGE_URL=\"\" -DPACKAGE=\"cfitsio\" -DVERSION=\"4.6.2\" -DHAVE_STDIO_H=1 -DHAVE_STDLIB_H=1 -DHAVE_STRING_H=1 -DHAVE_INTTYPES_H=1 -DHAVE_STDINT_H=1 -DHAVE_STRINGS_H=1 -DHAVE_SYS_STAT_H=1 -DHAVE_SYS_TYPES_H=1 -DHAVE_UNISTD_H=1 -DSTDC_HEADERS=1 -DHAVE_DLFCN_H=1 -DLT_OBJDIR=\".libs/\" -DHAVE_STDLIB_H=1 -DHAVE_STRING_H=1 -DHAVE_MATH_H=1 -DHAVE_LIMITS_H=1 -D_LARGEFILE_SOURCE=1 -D_FILE_OFFSET_BITS=64 -DCFITSIO_HAVE_CURL=1 -DHAVE_LIBZ=1 -DHAVE_FTRUNCATE=1 -DHAVE_LONGLONG=1 -DHAVE_SHMEM_SERVICES=1 -DHAVE_FMEMOPEN=1 -DHAVE_NET_SERVICES=1 -g -O2 -Dg77Fortran -MT libcfitsio_la-imcompress.lo -MD -MP -MF .deps/libcfitsio_la-imcompress.Tpo -c -o libcfitsio_la-imcompress.lo `test -f 'imcompress.c' || echo './'`imcompress.c
/bin/sh ./libtool  --tag=CC   --mode=compile /share/home/apps/gcc/11.3.0/bin/gcc -m64 -DPACKAGE_NAME=\"cfitsio\" -DPACKAGE_TARNAME=\"cfitsio\" -DPACKAGE_VERSION=\"4.6.2\" -DPACKAGE_STRING=\"cfitsio\ 4.6.2\" -DPACKAGE_BUGREPORT=\"\" -DPACKAGE_URL=\"\" -DPACKAGE=\"cfitsio\" -DVERSION=\"4.6.2\" -DHAVE_STDIO_H=1 -DHAVE_STDLIB_H=1 -DHAVE_STRING_H=1 -DHAVE_INTTYPES_H=1 -DHAVE_STDINT_H=1 -DHAVE_STRINGS_H=1 -DHAVE_SYS_STAT_H=1 -DHAVE_SYS_TYPES_H=1 -DHAVE_UNISTD_H=1 -DSTDC_HEADERS=1 -DHAVE_DLFCN_H=1 -DLT_OBJDIR=\".libs/\" -DHAVE_STDLIB_H=1 -DHAVE_STRING_H=1 -DHAVE_MATH_H=1 -DHAVE_LIMITS_H=1 -D_LARGEFILE_SOURCE=1 -D_FILE_OFFSET_BITS=64 -DCFITSIO_HAVE_CURL=1 -DHAVE_LIBZ=1 -DHAVE_FTRUNCATE=1 -DHAVE_LONGLONG=1 -DHAVE_SHMEM_SERVICES=1 -DHAVE_FMEMOPEN=1 -DHAVE_NET_SERVICES=1 -I.     -DPACKAGE_NAME=\"cfitsio\" -DPACKAGE_TARNAME=\"cfitsio\" -DPACKAGE_VERSION=\"4.6.2\" -DPACKAGE_STRING=\"cfitsio\ 4.6.2\" -DPACKAGE_BUGREPORT=\"\" -DPACKAGE_URL=\"\" -DPACKAGE=\"cfitsio\" -DVERSION=\"4.6.2\" -DHAVE_STDIO_H=1 -DHAVE_STDLIB_H=1 -DHAVE_STRING_H=1 -DHAVE_INTTYPES_H=1 -DHAVE_STDINT_H=1 -DHAVE_STRINGS_H=1 -DHAVE_SYS_STAT_H=1 -DHAVE_SYS_TYPES_H=1 -DHAVE_UNISTD_H=1 -DSTDC_HEADERS=1 -DHAVE_DLFCN_H=1 -DLT_OBJDIR=\".libs/\" -DHAVE_STDLIB_H=1 -DHAVE_STRING_H=1 -DHAVE_MATH_H=1 -DHAVE_LIMITS_H=1 -D_LARGEFILE_SOURCE=1 -D_FILE_OFFSET_BITS=64 -DCFITSIO_HAVE_CURL=1 -DHAVE_LIBZ=1 -DHAVE_FTRUNCATE=1 -DHAVE_LONGLONG=1 -DHAVE_SHMEM_SERVICES=1 -DHAVE_FMEMOPEN=1 -DHAVE_NET_SERVICES=1 -g -O2 -Dg77Fortran -MT libcfitsio_la-quantize.lo -MD -MP -MF .deps/libcfitsio_la-quantize.Tpo -c -o libcfitsio_la-quantize.lo `test -f 'quantize.c' || echo './'`quantize.c
/bin/sh ./libtool  --tag=CC   --mode=compile /share/home/apps/gcc/11.3.0/bin/gcc -m64 -DPACKAGE_NAME=\"cfitsio\" -DPACKAGE_TARNAME=\"cfitsio\" -DPACKAGE_VERSION=\"4.6.2\" -DPACKAGE_STRING=\"cfitsio\ 4.6.2\" -DPACKAGE_BUGREPORT=\"\" -DPACKAGE_URL=\"\" -DPACKAGE=\"cfitsio\" -DVERSION=\"4.6.2\" -DHAVE_STDIO_H=1 -DHAVE_STDLIB_H=1 -DHAVE_STRING_H=1 -DHAVE_INTTYPES_H=1 -DHAVE_STDINT_H=1 -DHAVE_STRINGS_H=1 -DHAVE_SYS_STAT_H=1 -DHAVE_SYS_TYPES_H=1 -DHAVE_UNISTD_H=1 -DSTDC_HEADERS=1 -DHAVE_DLFCN_H=1 -DLT_OBJDIR=\".libs/\" -DHAVE_STDLIB_H=1 -DHAVE_STRING_H=1 -DHAVE_MATH_H=1 -DHAVE_LIMITS_H=1 -D_LARGEFILE_SOURCE=1 -D_FILE_OFFSET_BITS=64 -DCFITSIO_HAVE_CURL=1 -DHAVE_LIBZ=1 -DHAVE_FTRUNCATE=1 -DHAVE_LONGLONG=1 -DHAVE_SHMEM_SERVICES=1 -DHAVE_FMEMOPEN=1 -DHAVE_NET_SERVICES=1 -I.     -DPACKAGE_NAME=\"cfitsio\" -DPACKAGE_TARNAME=\"cfitsio\" -DPACKAGE_VERSION=\"4.6.2\" -DPACKAGE_STRING=\"cfitsio\ 4.6.2\" -DPACKAGE_BUGREPORT=\"\" -DPACKAGE_URL=\"\" -DPACKAGE=\"cfitsio\" -DVERSION=\"4.6.2\" -DHAVE_STDIO_H=1 -DHAVE_STDLIB_H=1 -DHAVE_STRING_H=1 -DHAVE_INTTYPES_H=1 -DHAVE_STDINT_H=1 -DHAVE_STRINGS_H=1 -DHAVE_SYS_STAT_H=1 -DHAVE_SYS_TYPES_H=1 -DHAVE_UNISTD_H=1 -DSTDC_HEADERS=1 -DHAVE_DLFCN_H=1 -DLT_OBJDIR=\".libs/\" -DHAVE_STDLIB_H=1 -DHAVE_STRING_H=1 -DHAVE_MATH_H=1 -DHAVE_LIMITS_H=1 -D_LARGEFILE_SOURCE=1 -D_FILE_OFFSET_BITS=64 -DCFITSIO_HAVE_CURL=1 -DHAVE_LIBZ=1 -DHAVE_FTRUNCATE=1 -DHAVE_LONGLONG=1 -DHAVE_SHMEM_SERVICES=1 -DHAVE_FMEMOPEN=1 -DHAVE_NET_SERVICES=1 -g -O2 -Dg77Fortran -MT libcfitsio_la-ricecomp.lo -MD -MP -MF .deps/libcfitsio_la-ricecomp.Tpo -c -o libcfitsio_la-ricecomp.lo `test -f 'ricecomp.c' || echo './'`ricecomp.c
/bin/sh ./libtool  --tag=CC   --mode=compile /share/home/apps/gcc/11.3.0/bin/gcc -m64 -DPACKAGE_NAME=\"cfitsio\" -DPACKAGE_TARNAME=\"cfitsio\" -DPACKAGE_VERSION=\"4.6.2\" -DPACKAGE_STRING=\"cfitsio\ 4.6.2\" -DPACKAGE_BUGREPORT=\"\" -DPACKAGE_URL=\"\" -DPACKAGE=\"cfitsio\" -DVERSION=\"4.6.2\" -DHAVE_STDIO_H=1 -DHAVE_STDLIB_H=1 -DHAVE_STRING_H=1 -DHAVE_INTTYPES_H=1 -DHAVE_STDINT_H=1 -DHAVE_STRINGS_H=1 -DHAVE_SYS_STAT_H=1 -DHAVE_SYS_TYPES_H=1 -DHAVE_UNISTD_H=1 -DSTDC_HEADERS=1 -DHAVE_DLFCN_H=1 -DLT_OBJDIR=\".libs/\" -DHAVE_STDLIB_H=1 -DHAVE_STRING_H=1 -DHAVE_MATH_H=1 -DHAVE_LIMITS_H=1 -D_LARGEFILE_SOURCE=1 -D_FILE_OFFSET_BITS=64 -DCFITSIO_HAVE_CURL=1 -DHAVE_LIBZ=1 -DHAVE_FTRUNCATE=1 -DHAVE_LONGLONG=1 -DHAVE_SHMEM_SERVICES=1 -DHAVE_FMEMOPEN=1 -DHAVE_NET_SERVICES=1 -I.     -DPACKAGE_NAME=\"cfitsio\" -DPACKAGE_TARNAME=\"cfitsio\" -DPACKAGE_VERSION=\"4.6.2\" -DPACKAGE_STRING=\"cfitsio\ 4.6.2\" -DPACKAGE_BUGREPORT=\"\" -DPACKAGE_URL=\"\" -DPACKAGE=\"cfitsio\" -DVERSION=\"4.6.2\" -DHAVE_STDIO_H=1 -DHAVE_STDLIB_H=1 -DHAVE_STRING_H=1 -DHAVE_INTTYPES_H=1 -DHAVE_STDINT_H=1 -DHAVE_STRINGS_H=1 -DHAVE_SYS_STAT_H=1 -DHAVE_SYS_TYPES_H=1 -DHAVE_UNISTD_H=1 -DSTDC_HEADERS=1 -DHAVE_DLFCN_H=1 -DLT_OBJDIR=\".libs/\" -DHAVE_STDLIB_H=1 -DHAVE_STRING_H=1 -DHAVE_MATH_H=1 -DHAVE_LIMITS_H=1 -D_LARGEFILE_SOURCE=1 -D_FILE_OFFSET_BITS=64 -DCFITSIO_HAVE_CURL=1 -DHAVE_LIBZ=1 -DHAVE_FTRUNCATE=1 -DHAVE_LONGLONG=1 -DHAVE_SHMEM_SERVICES=1 -DHAVE_FMEMOPEN=1 -DHAVE_NET_SERVICES=1 -g -O2 -Dg77Fortran -MT libcfitsio_la-pliocomp.lo -MD -MP -MF .deps/libcfitsio_la-pliocomp.Tpo -c -o libcfitsio_la-pliocomp.lo `test -f 'pliocomp.c' || echo './'`pliocomp.c
/bin/sh ./libtool  --tag=CC   --mode=compile /share/home/apps/gcc/11.3.0/bin/gcc -m64 -DPACKAGE_NAME=\"cfitsio\" -DPACKAGE_TARNAME=\"cfitsio\" -DPACKAGE_VERSION=\"4.6.2\" -DPACKAGE_STRING=\"cfitsio\ 4.6.2\" -DPACKAGE_BUGREPORT=\"\" -DPACKAGE_URL=\"\" -DPACKAGE=\"cfitsio\" -DVERSION=\"4.6.2\" -DHAVE_STDIO_H=1 -DHAVE_STDLIB_H=1 -DHAVE_STRING_H=1 -DHAVE_INTTYPES_H=1 -DHAVE_STDINT_H=1 -DHAVE_STRINGS_H=1 -DHAVE_SYS_STAT_H=1 -DHAVE_SYS_TYPES_H=1 -DHAVE_UNISTD_H=1 -DSTDC_HEADERS=1 -DHAVE_DLFCN_H=1 -DLT_OBJDIR=\".libs/\" -DHAVE_STDLIB_H=1 -DHAVE_STRING_H=1 -DHAVE_MATH_H=1 -DHAVE_LIMITS_H=1 -D_LARGEFILE_SOURCE=1 -D_FILE_OFFSET_BITS=64 -DCFITSIO_HAVE_CURL=1 -DHAVE_LIBZ=1 -DHAVE_FTRUNCATE=1 -DHAVE_LONGLONG=1 -DHAVE_SHMEM_SERVICES=1 -DHAVE_FMEMOPEN=1 -DHAVE_NET_SERVICES=1 -I.     -DPACKAGE_NAME=\"cfitsio\" -DPACKAGE_TARNAME=\"cfitsio\" -DPACKAGE_VERSION=\"4.6.2\" -DPACKAGE_STRING=\"cfitsio\ 4.6.2\" -DPACKAGE_BUGREPORT=\"\" -DPACKAGE_URL=\"\" -DPACKAGE=\"cfitsio\" -DVERSION=\"4.6.2\" -DHAVE_STDIO_H=1 -DHAVE_STDLIB_H=1 -DHAVE_STRING_H=1 -DHAVE_INTTYPES_H=1 -DHAVE_STDINT_H=1 -DHAVE_STRINGS_H=1 -DHAVE_SYS_STAT_H=1 -DHAVE_SYS_TYPES_H=1 -DHAVE_UNISTD_H=1 -DSTDC_HEADERS=1 -DHAVE_DLFCN_H=1 -DLT_OBJDIR=\".libs/\" -DHAVE_STDLIB_H=1 -DHAVE_STRING_H=1 -DHAVE_MATH_H=1 -DHAVE_LIMITS_H=1 -D_LARGEFILE_SOURCE=1 -D_FILE_OFFSET_BITS=64 -DCFITSIO_HAVE_CURL=1 -DHAVE_LIBZ=1 -DHAVE_FTRUNCATE=1 -DHAVE_LONGLONG=1 -DHAVE_SHMEM_SERVICES=1 -DHAVE_FMEMOPEN=1 -DHAVE_NET_SERVICES=1 -g -O2 -Dg77Fortran -MT libcfitsio_la-fits_hcompress.lo -MD -MP -MF .deps/libcfitsio_la-fits_hcompress.Tpo -c -o libcfitsio_la-fits_hcompress.lo `test -f 'fits_hcompress.c' || echo './'`fits_hcompress.c
/bin/sh ./libtool  --tag=CC   --mode=compile /share/home/apps/gcc/11.3.0/bin/gcc -m64 -DPACKAGE_NAME=\"cfitsio\" -DPACKAGE_TARNAME=\"cfitsio\" -DPACKAGE_VERSION=\"4.6.2\" -DPACKAGE_STRING=\"cfitsio\ 4.6.2\" -DPACKAGE_BUGREPORT=\"\" -DPACKAGE_URL=\"\" -DPACKAGE=\"cfitsio\" -DVERSION=\"4.6.2\" -DHAVE_STDIO_H=1 -DHAVE_STDLIB_H=1 -DHAVE_STRING_H=1 -DHAVE_INTTYPES_H=1 -DHAVE_STDINT_H=1 -DHAVE_STRINGS_H=1 -DHAVE_SYS_STAT_H=1 -DHAVE_SYS_TYPES_H=1 -DHAVE_UNISTD_H=1 -DSTDC_HEADERS=1 -DHAVE_DLFCN_H=1 -DLT_OBJDIR=\".libs/\" -DHAVE_STDLIB_H=1 -DHAVE_STRING_H=1 -DHAVE_MATH_H=1 -DHAVE_LIMITS_H=1 -D_LARGEFILE_SOURCE=1 -D_FILE_OFFSET_BITS=64 -DCFITSIO_HAVE_CURL=1 -DHAVE_LIBZ=1 -DHAVE_FTRUNCATE=1 -DHAVE_LONGLONG=1 -DHAVE_SHMEM_SERVICES=1 -DHAVE_FMEMOPEN=1 -DHAVE_NET_SERVICES=1 -I.     -DPACKAGE_NAME=\"cfitsio\" -DPACKAGE_TARNAME=\"cfitsio\" -DPACKAGE_VERSION=\"4.6.2\" -DPACKAGE_STRING=\"cfitsio\ 4.6.2\" -DPACKAGE_BUGREPORT=\"\" -DPACKAGE_URL=\"\" -DPACKAGE=\"cfitsio\" -DVERSION=\"4.6.2\" -DHAVE_STDIO_H=1 -DHAVE_STDLIB_H=1 -DHAVE_STRING_H=1 -DHAVE_INTTYPES_H=1 -DHAVE_STDINT_H=1 -DHAVE_STRINGS_H=1 -DHAVE_SYS_STAT_H=1 -DHAVE_SYS_TYPES_H=1 -DHAVE_UNISTD_H=1 -DSTDC_HEADERS=1 -DHAVE_DLFCN_H=1 -DLT_OBJDIR=\".libs/\" -DHAVE_STDLIB_H=1 -DHAVE_STRING_H=1 -DHAVE_MATH_H=1 -DHAVE_LIMITS_H=1 -D_LARGEFILE_SOURCE=1 -D_FILE_OFFSET_BITS=64 -DCFITSIO_HAVE_CURL=1 -DHAVE_LIBZ=1 -DHAVE_FTRUNCATE=1 -DHAVE_LONGLONG=1 -DHAVE_SHMEM_SERVICES=1 -DHAVE_FMEMOPEN=1 -DHAVE_NET_SERVICES=1 -g -O2 -Dg77Fortran -MT libcfitsio_la-fits_hdecompress.lo -MD -MP -MF .deps/libcfitsio_la-fits_hdecompress.Tpo -c -o libcfitsio_la-fits_hdecompress.lo `test -f 'fits_hdecompress.c' || echo './'`fits_hdecompress.c
/bin/sh ./libtool  --tag=CC   --mode=compile /share/home/apps/gcc/11.3.0/bin/gcc -m64 -DPACKAGE_NAME=\"cfitsio\" -DPACKAGE_TARNAME=\"cfitsio\" -DPACKAGE_VERSION=\"4.6.2\" -DPACKAGE_STRING=\"cfitsio\ 4.6.2\" -DPACKAGE_BUGREPORT=\"\" -DPACKAGE_URL=\"\" -DPACKAGE=\"cfitsio\" -DVERSION=\"4.6.2\" -DHAVE_STDIO_H=1 -DHAVE_STDLIB_H=1 -DHAVE_STRING_H=1 -DHAVE_INTTYPES_H=1 -DHAVE_STDINT_H=1 -DHAVE_STRINGS_H=1 -DHAVE_SYS_STAT_H=1 -DHAVE_SYS_TYPES_H=1 -DHAVE_UNISTD_H=1 -DSTDC_HEADERS=1 -DHAVE_DLFCN_H=1 -DLT_OBJDIR=\".libs/\" -DHAVE_STDLIB_H=1 -DHAVE_STRING_H=1 -DHAVE_MATH_H=1 -DHAVE_LIMITS_H=1 -D_LARGEFILE_SOURCE=1 -D_FILE_OFFSET_BITS=64 -DCFITSIO_HAVE_CURL=1 -DHAVE_LIBZ=1 -DHAVE_FTRUNCATE=1 -DHAVE_LONGLONG=1 -DHAVE_SHMEM_SERVICES=1 -DHAVE_FMEMOPEN=1 -DHAVE_NET_SERVICES=1 -I.     -DPACKAGE_NAME=\"cfitsio\" -DPACKAGE_TARNAME=\"cfitsio\" -DPACKAGE_VERSION=\"4.6.2\" -DPACKAGE_STRING=\"cfitsio\ 4.6.2\" -DPACKAGE_BUGREPORT=\"\" -DPACKAGE_URL=\"\" -DPACKAGE=\"cfitsio\" -DVERSION=\"4.6.2\" -DHAVE_STDIO_H=1 -DHAVE_STDLIB_H=1 -DHAVE_STRING_H=1 -DHAVE_INTTYPES_H=1 -DHAVE_STDINT_H=1 -DHAVE_STRINGS_H=1 -DHAVE_SYS_STAT_H=1 -DHAVE_SYS_TYPES_H=1 -DHAVE_UNISTD_H=1 -DSTDC_HEADERS=1 -DHAVE_DLFCN_H=1 -DLT_OBJDIR=\".libs/\" -DHAVE_STDLIB_H=1 -DHAVE_STRING_H=1 -DHAVE_MATH_H=1 -DHAVE_LIMITS_H=1 -D_LARGEFILE_SOURCE=1 -D_FILE_OFFSET_BITS=64 -DCFITSIO_HAVE_CURL=1 -DHAVE_LIBZ=1 -DHAVE_FTRUNCATE=1 -DHAVE_LONGLONG=1 -DHAVE_SHMEM_SERVICES=1 -DHAVE_FMEMOPEN=1 -DHAVE_NET_SERVICES=1 -g -O2 -Dg77Fortran -MT libcfitsio_la-simplerng.lo -MD -MP -MF .deps/libcfitsio_la-simplerng.Tpo -c -o libcfitsio_la-simplerng.lo `test -f 'simplerng.c' || echo './'`simplerng.c
/bin/sh ./libtool  --tag=CC   --mode=compile /share/home/apps/gcc/11.3.0/bin/gcc -m64 -DPACKAGE_NAME=\"cfitsio\" -DPACKAGE_TARNAME=\"cfitsio\" -DPACKAGE_VERSION=\"4.6.2\" -DPACKAGE_STRING=\"cfitsio\ 4.6.2\" -DPACKAGE_BUGREPORT=\"\" -DPACKAGE_URL=\"\" -DPACKAGE=\"cfitsio\" -DVERSION=\"4.6.2\" -DHAVE_STDIO_H=1 -DHAVE_STDLIB_H=1 -DHAVE_STRING_H=1 -DHAVE_INTTYPES_H=1 -DHAVE_STDINT_H=1 -DHAVE_STRINGS_H=1 -DHAVE_SYS_STAT_H=1 -DHAVE_SYS_TYPES_H=1 -DHAVE_UNISTD_H=1 -DSTDC_HEADERS=1 -DHAVE_DLFCN_H=1 -DLT_OBJDIR=\".libs/\" -DHAVE_STDLIB_H=1 -DHAVE_STRING_H=1 -DHAVE_MATH_H=1 -DHAVE_LIMITS_H=1 -D_LARGEFILE_SOURCE=1 -D_FILE_OFFSET_BITS=64 -DCFITSIO_HAVE_CURL=1 -DHAVE_LIBZ=1 -DHAVE_FTRUNCATE=1 -DHAVE_LONGLONG=1 -DHAVE_SHMEM_SERVICES=1 -DHAVE_FMEMOPEN=1 -DHAVE_NET_SERVICES=1 -I.     -DPACKAGE_NAME=\"cfitsio\" -DPACKAGE_TARNAME=\"cfitsio\" -DPACKAGE_VERSION=\"4.6.2\" -DPACKAGE_STRING=\"cfitsio\ 4.6.2\" -DPACKAGE_BUGREPORT=\"\" -DPACKAGE_URL=\"\" -DPACKAGE=\"cfitsio\" -DVERSION=\"4.6.2\" -DHAVE_STDIO_H=1 -DHAVE_STDLIB_H=1 -DHAVE_STRING_H=1 -DHAVE_INTTYPES_H=1 -DHAVE_STDINT_H=1 -DHAVE_STRINGS_H=1 -DHAVE_SYS_STAT_H=1 -DHAVE_SYS_TYPES_H=1 -DHAVE_UNISTD_H=1 -DSTDC_HEADERS=1 -DHAVE_DLFCN_H=1 -DLT_OBJDIR=\".libs/\" -DHAVE_STDLIB_H=1 -DHAVE_STRING_H=1 -DHAVE_MATH_H=1 -DHAVE_LIMITS_H=1 -D_LARGEFILE_SOURCE=1 -D_FILE_OFFSET_BITS=64 -DCFITSIO_HAVE_CURL=1 -DHAVE_LIBZ=1 -DHAVE_FTRUNCATE=1 -DHAVE_LONGLONG=1 -DHAVE_SHMEM_SERVICES=1 -DHAVE_FMEMOPEN=1 -DHAVE_NET_SERVICES=1 -g -O2 -Dg77Fortran -MT libcfitsio_la-zcompress.lo -MD -MP -MF .deps/libcfitsio_la-zcompress.Tpo -c -o libcfitsio_la-zcompress.lo `test -f 'zcompress.c' || echo './'`zcompress.c
/bin/sh ./libtool  --tag=CC   --mode=compile /share/home/apps/gcc/11.3.0/bin/gcc -m64 -DPACKAGE_NAME=\"cfitsio\" -DPACKAGE_TARNAME=\"cfitsio\" -DPACKAGE_VERSION=\"4.6.2\" -DPACKAGE_STRING=\"cfitsio\ 4.6.2\" -DPACKAGE_BUGREPORT=\"\" -DPACKAGE_URL=\"\" -DPACKAGE=\"cfitsio\" -DVERSION=\"4.6.2\" -DHAVE_STDIO_H=1 -DHAVE_STDLIB_H=1 -DHAVE_STRING_H=1 -DHAVE_INTTYPES_H=1 -DHAVE_STDINT_H=1 -DHAVE_STRINGS_H=1 -DHAVE_SYS_STAT_H=1 -DHAVE_SYS_TYPES_H=1 -DHAVE_UNISTD_H=1 -DSTDC_HEADERS=1 -DHAVE_DLFCN_H=1 -DLT_OBJDIR=\".libs/\" -DHAVE_STDLIB_H=1 -DHAVE_STRING_H=1 -DHAVE_MATH_H=1 -DHAVE_LIMITS_H=1 -D_LARGEFILE_SOURCE=1 -D_FILE_OFFSET_BITS=64 -DCFITSIO_HAVE_CURL=1 -DHAVE_LIBZ=1 -DHAVE_FTRUNCATE=1 -DHAVE_LONGLONG=1 -DHAVE_SHMEM_SERVICES=1 -DHAVE_FMEMOPEN=1 -DHAVE_NET_SERVICES=1 -I.     -DPACKAGE_NAME=\"cfitsio\" -DPACKAGE_TARNAME=\"cfitsio\" -DPACKAGE_VERSION=\"4.6.2\" -DPACKAGE_STRING=\"cfitsio\ 4.6.2\" -DPACKAGE_BUGREPORT=\"\" -DPACKAGE_URL=\"\" -DPACKAGE=\"cfitsio\" -DVERSION=\"4.6.2\" -DHAVE_STDIO_H=1 -DHAVE_STDLIB_H=1 -DHAVE_STRING_H=1 -DHAVE_INTTYPES_H=1 -DHAVE_STDINT_H=1 -DHAVE_STRINGS_H=1 -DHAVE_SYS_STAT_H=1 -DHAVE_SYS_TYPES_H=1 -DHAVE_UNISTD_H=1 -DSTDC_HEADERS=1 -DHAVE_DLFCN_H=1 -DLT_OBJDIR=\".libs/\" -DHAVE_STDLIB_H=1 -DHAVE_STRING_H=1 -DHAVE_MATH_H=1 -DHAVE_LIMITS_H=1 -D_LARGEFILE_SOURCE=1 -D_FILE_OFFSET_BITS=64 -DCFITSIO_HAVE_CURL=1 -DHAVE_LIBZ=1 -DHAVE_FTRUNCATE=1 -DHAVE_LONGLONG=1 -DHAVE_SHMEM_SERVICES=1 -DHAVE_FMEMOPEN=1 -DHAVE_NET_SERVICES=1 -g -O2 -Dg77Fortran -MT libcfitsio_la-zuncompress.lo -MD -MP -MF .deps/libcfitsio_la-zuncompress.Tpo -c -o libcfitsio_la-zuncompress.lo `test -f 'zuncompress.c' || echo './'`zuncompress.c
/bin/sh ./libtool  --tag=CC   --mode=compile /share/home/apps/gcc/11.3.0/bin/gcc -m64 -DPACKAGE_NAME=\"cfitsio\" -DPACKAGE_TARNAME=\"cfitsio\" -DPACKAGE_VERSION=\"4.6.2\" -DPACKAGE_STRING=\"cfitsio\ 4.6.2\" -DPACKAGE_BUGREPORT=\"\" -DPACKAGE_URL=\"\" -DPACKAGE=\"cfitsio\" -DVERSION=\"4.6.2\" -DHAVE_STDIO_H=1 -DHAVE_STDLIB_H=1 -DHAVE_STRING_H=1 -DHAVE_INTTYPES_H=1 -DHAVE_STDINT_H=1 -DHAVE_STRINGS_H=1 -DHAVE_SYS_STAT_H=1 -DHAVE_SYS_TYPES_H=1 -DHAVE_UNISTD_H=1 -DSTDC_HEADERS=1 -DHAVE_DLFCN_H=1 -DLT_OBJDIR=\".libs/\" -DHAVE_STDLIB_H=1 -DHAVE_STRING_H=1 -DHAVE_MATH_H=1 -DHAVE_LIMITS_H=1 -D_LARGEFILE_SOURCE=1 -D_FILE_OFFSET_BITS=64 -DCFITSIO_HAVE_CURL=1 -DHAVE_LIBZ=1 -DHAVE_FTRUNCATE=1 -DHAVE_LONGLONG=1 -DHAVE_SHMEM_SERVICES=1 -DHAVE_FMEMOPEN=1 -DHAVE_NET_SERVICES=1 -I.     -DPACKAGE_NAME=\"cfitsio\" -DPACKAGE_TARNAME=\"cfitsio\" -DPACKAGE_VERSION=\"4.6.2\" -DPACKAGE_STRING=\"cfitsio\ 4.6.2\" -DPACKAGE_BUGREPORT=\"\" -DPACKAGE_URL=\"\" -DPACKAGE=\"cfitsio\" -DVERSION=\"4.6.2\" -DHAVE_STDIO_H=1 -DHAVE_STDLIB_H=1 -DHAVE_STRING_H=1 -DHAVE_INTTYPES_H=1 -DHAVE_STDINT_H=1 -DHAVE_STRINGS_H=1 -DHAVE_SYS_STAT_H=1 -DHAVE_SYS_TYPES_H=1 -DHAVE_UNISTD_H=1 -DSTDC_HEADERS=1 -DHAVE_DLFCN_H=1 -DLT_OBJDIR=\".libs/\" -DHAVE_STDLIB_H=1 -DHAVE_STRING_H=1 -DHAVE_MATH_H=1 -DHAVE_LIMITS_H=1 -D_LARGEFILE_SOURCE=1 -D_FILE_OFFSET_BITS=64 -DCFITSIO_HAVE_CURL=1 -DHAVE_LIBZ=1 -DHAVE_FTRUNCATE=1 -DHAVE_LONGLONG=1 -DHAVE_SHMEM_SERVICES=1 -DHAVE_FMEMOPEN=1 -DHAVE_NET_SERVICES=1 -g -O2 -Dg77Fortran -MT libcfitsio_la-f77_wrap1.lo -MD -MP -MF .deps/libcfitsio_la-f77_wrap1.Tpo -c -o libcfitsio_la-f77_wrap1.lo `test -f 'f77_wrap1.c' || echo './'`f77_wrap1.c
/bin/sh ./libtool  --tag=CC   --mode=compile /share/home/apps/gcc/11.3.0/bin/gcc -m64 -DPACKAGE_NAME=\"cfitsio\" -DPACKAGE_TARNAME=\"cfitsio\" -DPACKAGE_VERSION=\"4.6.2\" -DPACKAGE_STRING=\"cfitsio\ 4.6.2\" -DPACKAGE_BUGREPORT=\"\" -DPACKAGE_URL=\"\" -DPACKAGE=\"cfitsio\" -DVERSION=\"4.6.2\" -DHAVE_STDIO_H=1 -DHAVE_STDLIB_H=1 -DHAVE_STRING_H=1 -DHAVE_INTTYPES_H=1 -DHAVE_STDINT_H=1 -DHAVE_STRINGS_H=1 -DHAVE_SYS_STAT_H=1 -DHAVE_SYS_TYPES_H=1 -DHAVE_UNISTD_H=1 -DSTDC_HEADERS=1 -DHAVE_DLFCN_H=1 -DLT_OBJDIR=\".libs/\" -DHAVE_STDLIB_H=1 -DHAVE_STRING_H=1 -DHAVE_MATH_H=1 -DHAVE_LIMITS_H=1 -D_LARGEFILE_SOURCE=1 -D_FILE_OFFSET_BITS=64 -DCFITSIO_HAVE_CURL=1 -DHAVE_LIBZ=1 -DHAVE_FTRUNCATE=1 -DHAVE_LONGLONG=1 -DHAVE_SHMEM_SERVICES=1 -DHAVE_FMEMOPEN=1 -DHAVE_NET_SERVICES=1 -I.     -DPACKAGE_NAME=\"cfitsio\" -DPACKAGE_TARNAME=\"cfitsio\" -DPACKAGE_VERSION=\"4.6.2\" -DPACKAGE_STRING=\"cfitsio\ 4.6.2\" -DPACKAGE_BUGREPORT=\"\" -DPACKAGE_URL=\"\" -DPACKAGE=\"cfitsio\" -DVERSION=\"4.6.2\" -DHAVE_STDIO_H=1 -DHAVE_STDLIB_H=1 -DHAVE_STRING_H=1 -DHAVE_INTTYPES_H=1 -DHAVE_STDINT_H=1 -DHAVE_STRINGS_H=1 -DHAVE_SYS_STAT_H=1 -DHAVE_SYS_TYPES_H=1 -DHAVE_UNISTD_H=1 -DSTDC_HEADERS=1 -DHAVE_DLFCN_H=1 -DLT_OBJDIR=\".libs/\" -DHAVE_STDLIB_H=1 -DHAVE_STRING_H=1 -DHAVE_MATH_H=1 -DHAVE_LIMITS_H=1 -D_LARGEFILE_SOURCE=1 -D_FILE_OFFSET_BITS=64 -DCFITSIO_HAVE_CURL=1 -DHAVE_LIBZ=1 -DHAVE_FTRUNCATE=1 -DHAVE_LONGLONG=1 -DHAVE_SHMEM_SERVICES=1 -DHAVE_FMEMOPEN=1 -DHAVE_NET_SERVICES=1 -g -O2 -Dg77Fortran -MT libcfitsio_la-f77_wrap2.lo -MD -MP -MF .deps/libcfitsio_la-f77_wrap2.Tpo -c -o libcfitsio_la-f77_wrap2.lo `test -f 'f77_wrap2.c' || echo './'`f77_wrap2.c
/bin/sh ./libtool  --tag=CC   --mode=compile /share/home/apps/gcc/11.3.0/bin/gcc -m64 -DPACKAGE_NAME=\"cfitsio\" -DPACKAGE_TARNAME=\"cfitsio\" -DPACKAGE_VERSION=\"4.6.2\" -DPACKAGE_STRING=\"cfitsio\ 4.6.2\" -DPACKAGE_BUGREPORT=\"\" -DPACKAGE_URL=\"\" -DPACKAGE=\"cfitsio\" -DVERSION=\"4.6.2\" -DHAVE_STDIO_H=1 -DHAVE_STDLIB_H=1 -DHAVE_STRING_H=1 -DHAVE_INTTYPES_H=1 -DHAVE_STDINT_H=1 -DHAVE_STRINGS_H=1 -DHAVE_SYS_STAT_H=1 -DHAVE_SYS_TYPES_H=1 -DHAVE_UNISTD_H=1 -DSTDC_HEADERS=1 -DHAVE_DLFCN_H=1 -DLT_OBJDIR=\".libs/\" -DHAVE_STDLIB_H=1 -DHAVE_STRING_H=1 -DHAVE_MATH_H=1 -DHAVE_LIMITS_H=1 -D_LARGEFILE_SOURCE=1 -D_FILE_OFFSET_BITS=64 -DCFITSIO_HAVE_CURL=1 -DHAVE_LIBZ=1 -DHAVE_FTRUNCATE=1 -DHAVE_LONGLONG=1 -DHAVE_SHMEM_SERVICES=1 -DHAVE_FMEMOPEN=1 -DHAVE_NET_SERVICES=1 -I.     -DPACKAGE_NAME=\"cfitsio\" -DPACKAGE_TARNAME=\"cfitsio\" -DPACKAGE_VERSION=\"4.6.2\" -DPACKAGE_STRING=\"cfitsio\ 4.6.2\" -DPACKAGE_BUGREPORT=\"\" -DPACKAGE_URL=\"\" -DPACKAGE=\"cfitsio\" -DVERSION=\"4.6.2\" -DHAVE_STDIO_H=1 -DHAVE_STDLIB_H=1 -DHAVE_STRING_H=1 -DHAVE_INTTYPES_H=1 -DHAVE_STDINT_H=1 -DHAVE_STRINGS_H=1 -DHAVE_SYS_STAT_H=1 -DHAVE_SYS_TYPES_H=1 -DHAVE_UNISTD_H=1 -DSTDC_HEADERS=1 -DHAVE_DLFCN_H=1 -DLT_OBJDIR=\".libs/\" -DHAVE_STDLIB_H=1 -DHAVE_STRING_H=1 -DHAVE_MATH_H=1 -DHAVE_LIMITS_H=1 -D_LARGEFILE_SOURCE=1 -D_FILE_OFFSET_BITS=64 -DCFITSIO_HAVE_CURL=1 -DHAVE_LIBZ=1 -DHAVE_FTRUNCATE=1 -DHAVE_LONGLONG=1 -DHAVE_SHMEM_SERVICES=1 -DHAVE_FMEMOPEN=1 -DHAVE_NET_SERVICES=1 -g -O2 -Dg77Fortran -MT libcfitsio_la-f77_wrap3.lo -MD -MP -MF .deps/libcfitsio_la-f77_wrap3.Tpo -c -o libcfitsio_la-f77_wrap3.lo `test -f 'f77_wrap3.c' || echo './'`f77_wrap3.c
/bin/sh ./libtool  --tag=CC   --mode=compile /share/home/apps/gcc/11.3.0/bin/gcc -m64 -DPACKAGE_NAME=\"cfitsio\" -DPACKAGE_TARNAME=\"cfitsio\" -DPACKAGE_VERSION=\"4.6.2\" -DPACKAGE_STRING=\"cfitsio\ 4.6.2\" -DPACKAGE_BUGREPORT=\"\" -DPACKAGE_URL=\"\" -DPACKAGE=\"cfitsio\" -DVERSION=\"4.6.2\" -DHAVE_STDIO_H=1 -DHAVE_STDLIB_H=1 -DHAVE_STRING_H=1 -DHAVE_INTTYPES_H=1 -DHAVE_STDINT_H=1 -DHAVE_STRINGS_H=1 -DHAVE_SYS_STAT_H=1 -DHAVE_SYS_TYPES_H=1 -DHAVE_UNISTD_H=1 -DSTDC_HEADERS=1 -DHAVE_DLFCN_H=1 -DLT_OBJDIR=\".libs/\" -DHAVE_STDLIB_H=1 -DHAVE_STRING_H=1 -DHAVE_MATH_H=1 -DHAVE_LIMITS_H=1 -D_LARGEFILE_SOURCE=1 -D_FILE_OFFSET_BITS=64 -DCFITSIO_HAVE_CURL=1 -DHAVE_LIBZ=1 -DHAVE_FTRUNCATE=1 -DHAVE_LONGLONG=1 -DHAVE_SHMEM_SERVICES=1 -DHAVE_FMEMOPEN=1 -DHAVE_NET_SERVICES=1 -I.     -DPACKAGE_NAME=\"cfitsio\" -DPACKAGE_TARNAME=\"cfitsio\" -DPACKAGE_VERSION=\"4.6.2\" -DPACKAGE_STRING=\"cfitsio\ 4.6.2\" -DPACKAGE_BUGREPORT=\"\" -DPACKAGE_URL=\"\" -DPACKAGE=\"cfitsio\" -DVERSION=\"4.6.2\" -DHAVE_STDIO_H=1 -DHAVE_STDLIB_H=1 -DHAVE_STRING_H=1 -DHAVE_INTTYPES_H=1 -DHAVE_STDINT_H=1 -DHAVE_STRINGS_H=1 -DHAVE_SYS_STAT_H=1 -DHAVE_SYS_TYPES_H=1 -DHAVE_UNISTD_H=1 -DSTDC_HEADERS=1 -DHAVE_DLFCN_H=1 -DLT_OBJDIR=\".libs/\" -DHAVE_STDLIB_H=1 -DHAVE_STRING_H=1 -DHAVE_MATH_H=1 -DHAVE_LIMITS_H=1 -D_LARGEFILE_SOURCE=1 -D_FILE_OFFSET_BITS=64 -DCFITSIO_HAVE_CURL=1 -DHAVE_LIBZ=1 -DHAVE_FTRUNCATE=1 -DHAVE_LONGLONG=1 -DHAVE_SHMEM_SERVICES=1 -DHAVE_FMEMOPEN=1 -DHAVE_NET_SERVICES=1 -g -O2 -Dg77Fortran -MT libcfitsio_la-f77_wrap4.lo -MD -MP -MF .deps/libcfitsio_la-f77_wrap4.Tpo -c -o libcfitsio_la-f77_wrap4.lo `test -f 'f77_wrap4.c' || echo './'`f77_wrap4.c
depbase=`echo utilities/fitscopy.o | sed 's|[^/]*$|.deps/&|;s|\.o$||'`;\
/share/home/apps/gcc/11.3.0/bin/gcc -m64 -DPACKAGE_NAME=\"cfitsio\" -DPACKAGE_TARNAME=\"cfitsio\" -DPACKAGE_VERSION=\"4.6.2\" -DPACKAGE_STRING=\"cfitsio\ 4.6.2\" -DPACKAGE_BUGREPORT=\"\" -DPACKAGE_URL=\"\" -DPACKAGE=\"cfitsio\" -DVERSION=\"4.6.2\" -DHAVE_STDIO_H=1 -DHAVE_STDLIB_H=1 -DHAVE_STRING_H=1 -DHAVE_INTTYPES_H=1 -DHAVE_STDINT_H=1 -DHAVE_STRINGS_H=1 -DHAVE_SYS_STAT_H=1 -DHAVE_SYS_TYPES_H=1 -DHAVE_UNISTD_H=1 -DSTDC_HEADERS=1 -DHAVE_DLFCN_H=1 -DLT_OBJDIR=\".libs/\" -DHAVE_STDLIB_H=1 -DHAVE_STRING_H=1 -DHAVE_MATH_H=1 -DHAVE_LIMITS_H=1 -D_LARGEFILE_SOURCE=1 -D_FILE_OFFSET_BITS=64 -DCFITSIO_HAVE_CURL=1 -DHAVE_LIBZ=1 -DHAVE_FTRUNCATE=1 -DHAVE_LONGLONG=1 -DHAVE_SHMEM_SERVICES=1 -DHAVE_FMEMOPEN=1 -DHAVE_NET_SERVICES=1 -I.     -g -O2 -Dg77Fortran -MT utilities/fitscopy.o -MD -MP -MF $depbase.Tpo -c -o utilities/fitscopy.o utilities/fitscopy.c &&\
mv -f $depbase.Tpo $depbase.Po
/share/home/apps/gcc/11.3.0/bin/gcc -m64 -DPACKAGE_NAME=\"cfitsio\" -DPACKAGE_TARNAME=\"cfitsio\" -DPACKAGE_VERSION=\"4.6.2\" -DPACKAGE_STRING=\"cfitsio\ 4.6.2\" -DPACKAGE_BUGREPORT=\"\" -DPACKAGE_URL=\"\" -DPACKAGE=\"cfitsio\" -DVERSION=\"4.6.2\" -DHAVE_STDIO_H=1 -DHAVE_STDLIB_H=1 -DHAVE_STRING_H=1 -DHAVE_INTTYPES_H=1 -DHAVE_STDINT_H=1 -DHAVE_STRINGS_H=1 -DHAVE_SYS_STAT_H=1 -DHAVE_SYS_TYPES_H=1 -DHAVE_UNISTD_H=1 -DSTDC_HEADERS=1 -DHAVE_DLFCN_H=1 -DLT_OBJDIR=\".libs/\" -DHAVE_STDLIB_H=1 -DHAVE_STRING_H=1 -DHAVE_MATH_H=1 -DHAVE_LIMITS_H=1 -D_LARGEFILE_SOURCE=1 -D_FILE_OFFSET_BITS=64 -DCFITSIO_HAVE_CURL=1 -DHAVE_LIBZ=1 -DHAVE_FTRUNCATE=1 -DHAVE_LONGLONG=1 -DHAVE_SHMEM_SERVICES=1 -DHAVE_FMEMOPEN=1 -DHAVE_NET_SERVICES=1 -I.    -DSTANDALONE -g -O2 -Dg77Fortran -MT utilities/fitsverify-ftverify.o -MD -MP -MF utilities/.deps/fitsverify-ftverify.Tpo -c -o utilities/fitsverify-ftverify.o `test -f 'utilities/ftverify.c' || echo './'`utilities/ftverify.c
/share/home/apps/gcc/11.3.0/bin/gcc -m64 -DPACKAGE_NAME=\"cfitsio\" -DPACKAGE_TARNAME=\"cfitsio\" -DPACKAGE_VERSION=\"4.6.2\" -DPACKAGE_STRING=\"cfitsio\ 4.6.2\" -DPACKAGE_BUGREPORT=\"\" -DPACKAGE_URL=\"\" -DPACKAGE=\"cfitsio\" -DVERSION=\"4.6.2\" -DHAVE_STDIO_H=1 -DHAVE_STDLIB_H=1 -DHAVE_STRING_H=1 -DHAVE_INTTYPES_H=1 -DHAVE_STDINT_H=1 -DHAVE_STRINGS_H=1 -DHAVE_SYS_STAT_H=1 -DHAVE_SYS_TYPES_H=1 -DHAVE_UNISTD_H=1 -DSTDC_HEADERS=1 -DHAVE_DLFCN_H=1 -DLT_OBJDIR=\".libs/\" -DHAVE_STDLIB_H=1 -DHAVE_STRING_H=1 -DHAVE_MATH_H=1 -DHAVE_LIMITS_H=1 -D_LARGEFILE_SOURCE=1 -D_FILE_OFFSET_BITS=64 -DCFITSIO_HAVE_CURL=1 -DHAVE_LIBZ=1 -DHAVE_FTRUNCATE=1 -DHAVE_LONGLONG=1 -DHAVE_SHMEM_SERVICES=1 -DHAVE_FMEMOPEN=1 -DHAVE_NET_SERVICES=1 -I.    -DSTANDALONE -g -O2 -Dg77Fortran -MT utilities/fitsverify-fvrf_data.o -MD -MP -MF utilities/.deps/fitsverify-fvrf_data.Tpo -c -o utilities/fitsverify-fvrf_data.o `test -f 'utilities/fvrf_data.c' || echo './'`utilities/fvrf_data.c
/share/home/apps/gcc/11.3.0/bin/gcc -m64 -DPACKAGE_NAME=\"cfitsio\" -DPACKAGE_TARNAME=\"cfitsio\" -DPACKAGE_VERSION=\"4.6.2\" -DPACKAGE_STRING=\"cfitsio\ 4.6.2\" -DPACKAGE_BUGREPORT=\"\" -DPACKAGE_URL=\"\" -DPACKAGE=\"cfitsio\" -DVERSION=\"4.6.2\" -DHAVE_STDIO_H=1 -DHAVE_STDLIB_H=1 -DHAVE_STRING_H=1 -DHAVE_INTTYPES_H=1 -DHAVE_STDINT_H=1 -DHAVE_STRINGS_H=1 -DHAVE_SYS_STAT_H=1 -DHAVE_SYS_TYPES_H=1 -DHAVE_UNISTD_H=1 -DSTDC_HEADERS=1 -DHAVE_DLFCN_H=1 -DLT_OBJDIR=\".libs/\" -DHAVE_STDLIB_H=1 -DHAVE_STRING_H=1 -DHAVE_MATH_H=1 -DHAVE_LIMITS_H=1 -D_LARGEFILE_SOURCE=1 -D_FILE_OFFSET_BITS=64 -DCFITSIO_HAVE_CURL=1 -DHAVE_LIBZ=1 -DHAVE_FTRUNCATE=1 -DHAVE_LONGLONG=1 -DHAVE_SHMEM_SERVICES=1 -DHAVE_FMEMOPEN=1 -DHAVE_NET_SERVICES=1 -I.    -DSTANDALONE -g -O2 -Dg77Fortran -MT utilities/fitsverify-fvrf_file.o -MD -MP -MF utilities/.deps/fitsverify-fvrf_file.Tpo -c -o utilities/fitsverify-fvrf_file.o `test -f 'utilities/fvrf_file.c' || echo './'`utilities/fvrf_file.c
/share/home/apps/gcc/11.3.0/bin/gcc -m64 -DPACKAGE_NAME=\"cfitsio\" -DPACKAGE_TARNAME=\"cfitsio\" -DPACKAGE_VERSION=\"4.6.2\" -DPACKAGE_STRING=\"cfitsio\ 4.6.2\" -DPACKAGE_BUGREPORT=\"\" -DPACKAGE_URL=\"\" -DPACKAGE=\"cfitsio\" -DVERSION=\"4.6.2\" -DHAVE_STDIO_H=1 -DHAVE_STDLIB_H=1 -DHAVE_STRING_H=1 -DHAVE_INTTYPES_H=1 -DHAVE_STDINT_H=1 -DHAVE_STRINGS_H=1 -DHAVE_SYS_STAT_H=1 -DHAVE_SYS_TYPES_H=1 -DHAVE_UNISTD_H=1 -DSTDC_HEADERS=1 -DHAVE_DLFCN_H=1 -DLT_OBJDIR=\".libs/\" -DHAVE_STDLIB_H=1 -DHAVE_STRING_H=1 -DHAVE_MATH_H=1 -DHAVE_LIMITS_H=1 -D_LARGEFILE_SOURCE=1 -D_FILE_OFFSET_BITS=64 -DCFITSIO_HAVE_CURL=1 -DHAVE_LIBZ=1 -DHAVE_FTRUNCATE=1 -DHAVE_LONGLONG=1 -DHAVE_SHMEM_SERVICES=1 -DHAVE_FMEMOPEN=1 -DHAVE_NET_SERVICES=1 -I.    -DSTANDALONE -g -O2 -Dg77Fortran -MT utilities/fitsverify-fvrf_head.o -MD -MP -MF utilities/.deps/fitsverify-fvrf_head.Tpo -c -o utilities/fitsverify-fvrf_head.o `test -f 'utilities/fvrf_head.c' || echo './'`utilities/fvrf_head.c
/share/home/apps/gcc/11.3.0/bin/gcc -m64 -DPACKAGE_NAME=\"cfitsio\" -DPACKAGE_TARNAME=\"cfitsio\" -DPACKAGE_VERSION=\"4.6.2\" -DPACKAGE_STRING=\"cfitsio\ 4.6.2\" -DPACKAGE_BUGREPORT=\"\" -DPACKAGE_URL=\"\" -DPACKAGE=\"cfitsio\" -DVERSION=\"4.6.2\" -DHAVE_STDIO_H=1 -DHAVE_STDLIB_H=1 -DHAVE_STRING_H=1 -DHAVE_INTTYPES_H=1 -DHAVE_STDINT_H=1 -DHAVE_STRINGS_H=1 -DHAVE_SYS_STAT_H=1 -DHAVE_SYS_TYPES_H=1 -DHAVE_UNISTD_H=1 -DSTDC_HEADERS=1 -DHAVE_DLFCN_H=1 -DLT_OBJDIR=\".libs/\" -DHAVE_STDLIB_H=1 -DHAVE_STRING_H=1 -DHAVE_MATH_H=1 -DHAVE_LIMITS_H=1 -D_LARGEFILE_SOURCE=1 -D_FILE_OFFSET_BITS=64 -DCFITSIO_HAVE_CURL=1 -DHAVE_LIBZ=1 -DHAVE_FTRUNCATE=1 -DHAVE_LONGLONG=1 -DHAVE_SHMEM_SERVICES=1 -DHAVE_FMEMOPEN=1 -DHAVE_NET_SERVICES=1 -I.    -DSTANDALONE -g -O2 -Dg77Fortran -MT utilities/fitsverify-fvrf_key.o -MD -MP -MF utilities/.deps/fitsverify-fvrf_key.Tpo -c -o utilities/fitsverify-fvrf_key.o `test -f 'utilities/fvrf_key.c' || echo './'`utilities/fvrf_key.c
/share/home/apps/gcc/11.3.0/bin/gcc -m64 -DPACKAGE_NAME=\"cfitsio\" -DPACKAGE_TARNAME=\"cfitsio\" -DPACKAGE_VERSION=\"4.6.2\" -DPACKAGE_STRING=\"cfitsio\ 4.6.2\" -DPACKAGE_BUGREPORT=\"\" -DPACKAGE_URL=\"\" -DPACKAGE=\"cfitsio\" -DVERSION=\"4.6.2\" -DHAVE_STDIO_H=1 -DHAVE_STDLIB_H=1 -DHAVE_STRING_H=1 -DHAVE_INTTYPES_H=1 -DHAVE_STDINT_H=1 -DHAVE_STRINGS_H=1 -DHAVE_SYS_STAT_H=1 -DHAVE_SYS_TYPES_H=1 -DHAVE_UNISTD_H=1 -DSTDC_HEADERS=1 -DHAVE_DLFCN_H=1 -DLT_OBJDIR=\".libs/\" -DHAVE_STDLIB_H=1 -DHAVE_STRING_H=1 -DHAVE_MATH_H=1 -DHAVE_LIMITS_H=1 -D_LARGEFILE_SOURCE=1 -D_FILE_OFFSET_BITS=64 -DCFITSIO_HAVE_CURL=1 -DHAVE_LIBZ=1 -DHAVE_FTRUNCATE=1 -DHAVE_LONGLONG=1 -DHAVE_SHMEM_SERVICES=1 -DHAVE_FMEMOPEN=1 -DHAVE_NET_SERVICES=1 -I.    -DSTANDALONE -g -O2 -Dg77Fortran -MT utilities/fitsverify-fvrf_misc.o -MD -MP -MF utilities/.deps/fitsverify-fvrf_misc.Tpo -c -o utilities/fitsverify-fvrf_misc.o `test -f 'utilities/fvrf_misc.c' || echo './'`utilities/fvrf_misc.c
depbase=`echo utilities/fpack.o | sed 's|[^/]*$|.deps/&|;s|\.o$||'`;\
/share/home/apps/gcc/11.3.0/bin/gcc -m64 -DPACKAGE_NAME=\"cfitsio\" -DPACKAGE_TARNAME=\"cfitsio\" -DPACKAGE_VERSION=\"4.6.2\" -DPACKAGE_STRING=\"cfitsio\ 4.6.2\" -DPACKAGE_BUGREPORT=\"\" -DPACKAGE_URL=\"\" -DPACKAGE=\"cfitsio\" -DVERSION=\"4.6.2\" -DHAVE_STDIO_H=1 -DHAVE_STDLIB_H=1 -DHAVE_STRING_H=1 -DHAVE_INTTYPES_H=1 -DHAVE_STDINT_H=1 -DHAVE_STRINGS_H=1 -DHAVE_SYS_STAT_H=1 -DHAVE_SYS_TYPES_H=1 -DHAVE_UNISTD_H=1 -DSTDC_HEADERS=1 -DHAVE_DLFCN_H=1 -DLT_OBJDIR=\".libs/\" -DHAVE_STDLIB_H=1 -DHAVE_STRING_H=1 -DHAVE_MATH_H=1 -DHAVE_LIMITS_H=1 -D_LARGEFILE_SOURCE=1 -D_FILE_OFFSET_BITS=64 -DCFITSIO_HAVE_CURL=1 -DHAVE_LIBZ=1 -DHAVE_FTRUNCATE=1 -DHAVE_LONGLONG=1 -DHAVE_SHMEM_SERVICES=1 -DHAVE_FMEMOPEN=1 -DHAVE_NET_SERVICES=1 -I.     -g -O2 -Dg77Fortran -MT utilities/fpack.o -MD -MP -MF $depbase.Tpo -c -o utilities/fpack.o utilities/fpack.c &&\
mv -f $depbase.Tpo $depbase.Po
depbase=`echo utilities/fpackutil.o | sed 's|[^/]*$|.deps/&|;s|\.o$||'`;\
/share/home/apps/gcc/11.3.0/bin/gcc -m64 -DPACKAGE_NAME=\"cfitsio\" -DPACKAGE_TARNAME=\"cfitsio\" -DPACKAGE_VERSION=\"4.6.2\" -DPACKAGE_STRING=\"cfitsio\ 4.6.2\" -DPACKAGE_BUGREPORT=\"\" -DPACKAGE_URL=\"\" -DPACKAGE=\"cfitsio\" -DVERSION=\"4.6.2\" -DHAVE_STDIO_H=1 -DHAVE_STDLIB_H=1 -DHAVE_STRING_H=1 -DHAVE_INTTYPES_H=1 -DHAVE_STDINT_H=1 -DHAVE_STRINGS_H=1 -DHAVE_SYS_STAT_H=1 -DHAVE_SYS_TYPES_H=1 -DHAVE_UNISTD_H=1 -DSTDC_HEADERS=1 -DHAVE_DLFCN_H=1 -DLT_OBJDIR=\".libs/\" -DHAVE_STDLIB_H=1 -DHAVE_STRING_H=1 -DHAVE_MATH_H=1 -DHAVE_LIMITS_H=1 -D_LARGEFILE_SOURCE=1 -D_FILE_OFFSET_BITS=64 -DCFITSIO_HAVE_CURL=1 -DHAVE_LIBZ=1 -DHAVE_FTRUNCATE=1 -DHAVE_LONGLONG=1 -DHAVE_SHMEM_SERVICES=1 -DHAVE_FMEMOPEN=1 -DHAVE_NET_SERVICES=1 -I.     -g -O2 -Dg77Fortran -MT utilities/fpackutil.o -MD -MP -MF $depbase.Tpo -c -o utilities/fpackutil.o utilities/fpackutil.c &&\
mv -f $depbase.Tpo $depbase.Po
depbase=`echo utilities/funpack.o | sed 's|[^/]*$|.deps/&|;s|\.o$||'`;\
/share/home/apps/gcc/11.3.0/bin/gcc -m64 -DPACKAGE_NAME=\"cfitsio\" -DPACKAGE_TARNAME=\"cfitsio\" -DPACKAGE_VERSION=\"4.6.2\" -DPACKAGE_STRING=\"cfitsio\ 4.6.2\" -DPACKAGE_BUGREPORT=\"\" -DPACKAGE_URL=\"\" -DPACKAGE=\"cfitsio\" -DVERSION=\"4.6.2\" -DHAVE_STDIO_H=1 -DHAVE_STDLIB_H=1 -DHAVE_STRING_H=1 -DHAVE_INTTYPES_H=1 -DHAVE_STDINT_H=1 -DHAVE_STRINGS_H=1 -DHAVE_SYS_STAT_H=1 -DHAVE_SYS_TYPES_H=1 -DHAVE_UNISTD_H=1 -DSTDC_HEADERS=1 -DHAVE_DLFCN_H=1 -DLT_OBJDIR=\".libs/\" -DHAVE_STDLIB_H=1 -DHAVE_STRING_H=1 -DHAVE_MATH_H=1 -DHAVE_LIMITS_H=1 -D_LARGEFILE_SOURCE=1 -D_FILE_OFFSET_BITS=64 -DCFITSIO_HAVE_CURL=1 -DHAVE_LIBZ=1 -DHAVE_FTRUNCATE=1 -DHAVE_LONGLONG=1 -DHAVE_SHMEM_SERVICES=1 -DHAVE_FMEMOPEN=1 -DHAVE_NET_SERVICES=1 -I.     -g -O2 -Dg77Fortran -MT utilities/funpack.o -MD -MP -MF $depbase.Tpo -c -o utilities/funpack.o utilities/funpack.c &&\
mv -f $depbase.Tpo $depbase.Po
depbase=`echo utilities/imcopy.o | sed 's|[^/]*$|.deps/&|;s|\.o$||'`;\
/share/home/apps/gcc/11.3.0/bin/gcc -m64 -DPACKAGE_NAME=\"cfitsio\" -DPACKAGE_TARNAME=\"cfitsio\" -DPACKAGE_VERSION=\"4.6.2\" -DPACKAGE_STRING=\"cfitsio\ 4.6.2\" -DPACKAGE_BUGREPORT=\"\" -DPACKAGE_URL=\"\" -DPACKAGE=\"cfitsio\" -DVERSION=\"4.6.2\" -DHAVE_STDIO_H=1 -DHAVE_STDLIB_H=1 -DHAVE_STRING_H=1 -DHAVE_INTTYPES_H=1 -DHAVE_STDINT_H=1 -DHAVE_STRINGS_H=1 -DHAVE_SYS_STAT_H=1 -DHAVE_SYS_TYPES_H=1 -DHAVE_UNISTD_H=1 -DSTDC_HEADERS=1 -DHAVE_DLFCN_H=1 -DLT_OBJDIR=\".libs/\" -DHAVE_STDLIB_H=1 -DHAVE_STRING_H=1 -DHAVE_MATH_H=1 -DHAVE_LIMITS_H=1 -D_LARGEFILE_SOURCE=1 -D_FILE_OFFSET_BITS=64 -DCFITSIO_HAVE_CURL=1 -DHAVE_LIBZ=1 -DHAVE_FTRUNCATE=1 -DHAVE_LONGLONG=1 -DHAVE_SHMEM_SERVICES=1 -DHAVE_FMEMOPEN=1 -DHAVE_NET_SERVICES=1 -I.     -g -O2 -Dg77Fortran -MT utilities/imcopy.o -MD -MP -MF $depbase.Tpo -c -o utilities/imcopy.o utilities/imcopy.c &&\
mv -f $depbase.Tpo $depbase.Po
depbase=`echo utilities/smem.o | sed 's|[^/]*$|.deps/&|;s|\.o$||'`;\
/share/home/apps/gcc/11.3.0/bin/gcc -m64 -DPACKAGE_NAME=\"cfitsio\" -DPACKAGE_TARNAME=\"cfitsio\" -DPACKAGE_VERSION=\"4.6.2\" -DPACKAGE_STRING=\"cfitsio\ 4.6.2\" -DPACKAGE_BUGREPORT=\"\" -DPACKAGE_URL=\"\" -DPACKAGE=\"cfitsio\" -DVERSION=\"4.6.2\" -DHAVE_STDIO_H=1 -DHAVE_STDLIB_H=1 -DHAVE_STRING_H=1 -DHAVE_INTTYPES_H=1 -DHAVE_STDINT_H=1 -DHAVE_STRINGS_H=1 -DHAVE_SYS_STAT_H=1 -DHAVE_SYS_TYPES_H=1 -DHAVE_UNISTD_H=1 -DSTDC_HEADERS=1 -DHAVE_DLFCN_H=1 -DLT_OBJDIR=\".libs/\" -DHAVE_STDLIB_H=1 -DHAVE_STRING_H=1 -DHAVE_MATH_H=1 -DHAVE_LIMITS_H=1 -D_LARGEFILE_SOURCE=1 -D_FILE_OFFSET_BITS=64 -DCFITSIO_HAVE_CURL=1 -DHAVE_LIBZ=1 -DHAVE_FTRUNCATE=1 -DHAVE_LONGLONG=1 -DHAVE_SHMEM_SERVICES=1 -DHAVE_FMEMOPEN=1 -DHAVE_NET_SERVICES=1 -I.     -g -O2 -Dg77Fortran -MT utilities/smem.o -MD -MP -MF $depbase.Tpo -c -o utilities/smem.o utilities/smem.c &&\
mv -f $depbase.Tpo $depbase.Po
depbase=`echo utilities/speed.o | sed 's|[^/]*$|.deps/&|;s|\.o$||'`;\
/share/home/apps/gcc/11.3.0/bin/gcc -m64 -DPACKAGE_NAME=\"cfitsio\" -DPACKAGE_TARNAME=\"cfitsio\" -DPACKAGE_VERSION=\"4.6.2\" -DPACKAGE_STRING=\"cfitsio\ 4.6.2\" -DPACKAGE_BUGREPORT=\"\" -DPACKAGE_URL=\"\" -DPACKAGE=\"cfitsio\" -DVERSION=\"4.6.2\" -DHAVE_STDIO_H=1 -DHAVE_STDLIB_H=1 -DHAVE_STRING_H=1 -DHAVE_INTTYPES_H=1 -DHAVE_STDINT_H=1 -DHAVE_STRINGS_H=1 -DHAVE_SYS_STAT_H=1 -DHAVE_SYS_TYPES_H=1 -DHAVE_UNISTD_H=1 -DSTDC_HEADERS=1 -DHAVE_DLFCN_H=1 -DLT_OBJDIR=\".libs/\" -DHAVE_STDLIB_H=1 -DHAVE_STRING_H=1 -DHAVE_MATH_H=1 -DHAVE_LIMITS_H=1 -D_LARGEFILE_SOURCE=1 -D_FILE_OFFSET_BITS=64 -DCFITSIO_HAVE_CURL=1 -DHAVE_LIBZ=1 -DHAVE_FTRUNCATE=1 -DHAVE_LONGLONG=1 -DHAVE_SHMEM_SERVICES=1 -DHAVE_FMEMOPEN=1 -DHAVE_NET_SERVICES=1 -I.     -g -O2 -Dg77Fortran -MT utilities/speed.o -MD -MP -MF $depbase.Tpo -c -o utilities/speed.o utilities/speed.c &&\
mv -f $depbase.Tpo $depbase.Po
depbase=`echo utilities/testprog.o | sed 's|[^/]*$|.deps/&|;s|\.o$||'`;\
/share/home/apps/gcc/11.3.0/bin/gcc -m64 -DPACKAGE_NAME=\"cfitsio\" -DPACKAGE_TARNAME=\"cfitsio\" -DPACKAGE_VERSION=\"4.6.2\" -DPACKAGE_STRING=\"cfitsio\ 4.6.2\" -DPACKAGE_BUGREPORT=\"\" -DPACKAGE_URL=\"\" -DPACKAGE=\"cfitsio\" -DVERSION=\"4.6.2\" -DHAVE_STDIO_H=1 -DHAVE_STDLIB_H=1 -DHAVE_STRING_H=1 -DHAVE_INTTYPES_H=1 -DHAVE_STDINT_H=1 -DHAVE_STRINGS_H=1 -DHAVE_SYS_STAT_H=1 -DHAVE_SYS_TYPES_H=1 -DHAVE_UNISTD_H=1 -DSTDC_HEADERS=1 -DHAVE_DLFCN_H=1 -DLT_OBJDIR=\".libs/\" -DHAVE_STDLIB_H=1 -DHAVE_STRING_H=1 -DHAVE_MATH_H=1 -DHAVE_LIMITS_H=1 -D_LARGEFILE_SOURCE=1 -D_FILE_OFFSET_BITS=64 -DCFITSIO_HAVE_CURL=1 -DHAVE_LIBZ=1 -DHAVE_FTRUNCATE=1 -DHAVE_LONGLONG=1 -DHAVE_SHMEM_SERVICES=1 -DHAVE_FMEMOPEN=1 -DHAVE_NET_SERVICES=1 -I.     -g -O2 -Dg77Fortran -MT utilities/testprog.o -MD -MP -MF $depbase.Tpo -c -o utilities/testprog.o utilities/testprog.c &&\
mv -f $depbase.Tpo $depbase.Po
gfortran  -g -O2 -c -o utilities/testf77.o utilities/testf77.f
libtool: compile:  /share/home/apps/gcc/11.3.0/bin/gcc -m64 -DPACKAGE_NAME=\"cfitsio\" -DPACKAGE_TARNAME=\"cfitsio\" -DPACKAGE_VERSION=\"4.6.2\" "-DPACKAGE_STRING=\"cfitsio 4.6.2\"" -DPACKAGE_BUGREPORT=\"\" -DPACKAGE_URL=\"\" -DPACKAGE=\"cfitsio\" -DVERSION=\"4.6.2\" -DHAVE_STDIO_H=1 -DHAVE_STDLIB_H=1 -DHAVE_STRING_H=1 -DHAVE_INTTYPES_H=1 -DHAVE_STDINT_H=1 -DHAVE_STRINGS_H=1 -DHAVE_SYS_STAT_H=1 -DHAVE_SYS_TYPES_H=1 -DHAVE_UNISTD_H=1 -DSTDC_HEADERS=1 -DHAVE_DLFCN_H=1 -DLT_OBJDIR=\".libs/\" -DHAVE_STDLIB_H=1 -DHAVE_STRING_H=1 -DHAVE_MATH_H=1 -DHAVE_LIMITS_H=1 -D_LARGEFILE_SOURCE=1 -D_FILE_OFFSET_BITS=64 -DCFITSIO_HAVE_CURL=1 -DHAVE_LIBZ=1 -DHAVE_FTRUNCATE=1 -DHAVE_LONGLONG=1 -DHAVE_SHMEM_SERVICES=1 -DHAVE_FMEMOPEN=1 -DHAVE_NET_SERVICES=1 -I. -DPACKAGE_NAME=\"cfitsio\" -DPACKAGE_TARNAME=\"cfitsio\" -DPACKAGE_VERSION=\"4.6.2\" "-DPACKAGE_STRING=\"cfitsio 4.6.2\"" -DPACKAGE_BUGREPORT=\"\" -DPACKAGE_URL=\"\" -DPACKAGE=\"cfitsio\" -DVERSION=\"4.6.2\" -DHAVE_STDIO_H=1 -DHAVE_STDLIB_H=1 -DHAVE_STRING_H=1 -DHAVE_INTTYPES_H=1 -DHAVE_STDINT_H=1 -DHAVE_STRINGS_H=1 -DHAVE_SYS_STAT_H=1 -DHAVE_SYS_TYPES_H=1 -DHAVE_UNISTD_H=1 -DSTDC_HEADERS=1 -DHAVE_DLFCN_H=1 -DLT_OBJDIR=\".libs/\" -DHAVE_STDLIB_H=1 -DHAVE_STRING_H=1 -DHAVE_MATH_H=1 -DHAVE_LIMITS_H=1 -D_LARGEFILE_SOURCE=1 -D_FILE_OFFSET_BITS=64 -DCFITSIO_HAVE_CURL=1 -DHAVE_LIBZ=1 -DHAVE_FTRUNCATE=1 -DHAVE_LONGLONG=1 -DHAVE_SHMEM_SERVICES=1 -DHAVE_FMEMOPEN=1 -DHAVE_NET_SERVICES=1 -g -O2 -Dg77Fortran -MT libcfitsio_la-cfileio.lo -MD -MP -MF .deps/libcfitsio_la-cfileio.Tpo -c cfileio.c  -fPIC -DPIC -o .libs/libcfitsio_la-cfileio.o
libtool: compile:  /share/home/apps/gcc/11.3.0/bin/gcc -m64 -DPACKAGE_NAME=\"cfitsio\" -DPACKAGE_TARNAME=\"cfitsio\" -DPACKAGE_VERSION=\"4.6.2\" "-DPACKAGE_STRING=\"cfitsio 4.6.2\"" -DPACKAGE_BUGREPORT=\"\" -DPACKAGE_URL=\"\" -DPACKAGE=\"cfitsio\" -DVERSION=\"4.6.2\" -DHAVE_STDIO_H=1 -DHAVE_STDLIB_H=1 -DHAVE_STRING_H=1 -DHAVE_INTTYPES_H=1 -DHAVE_STDINT_H=1 -DHAVE_STRINGS_H=1 -DHAVE_SYS_STAT_H=1 -DHAVE_SYS_TYPES_H=1 -DHAVE_UNISTD_H=1 -DSTDC_HEADERS=1 -DHAVE_DLFCN_H=1 -DLT_OBJDIR=\".libs/\" -DHAVE_STDLIB_H=1 -DHAVE_STRING_H=1 -DHAVE_MATH_H=1 -DHAVE_LIMITS_H=1 -D_LARGEFILE_SOURCE=1 -D_FILE_OFFSET_BITS=64 -DCFITSIO_HAVE_CURL=1 -DHAVE_LIBZ=1 -DHAVE_FTRUNCATE=1 -DHAVE_LONGLONG=1 -DHAVE_SHMEM_SERVICES=1 -DHAVE_FMEMOPEN=1 -DHAVE_NET_SERVICES=1 -I. -DPACKAGE_NAME=\"cfitsio\" -DPACKAGE_TARNAME=\"cfitsio\" -DPACKAGE_VERSION=\"4.6.2\" "-DPACKAGE_STRING=\"cfitsio 4.6.2\"" -DPACKAGE_BUGREPORT=\"\" -DPACKAGE_URL=\"\" -DPACKAGE=\"cfitsio\" -DVERSION=\"4.6.2\" -DHAVE_STDIO_H=1 -DHAVE_STDLIB_H=1 -DHAVE_STRING_H=1 -DHAVE_INTTYPES_H=1 -DHAVE_STDINT_H=1 -DHAVE_STRINGS_H=1 -DHAVE_SYS_STAT_H=1 -DHAVE_SYS_TYPES_H=1 -DHAVE_UNISTD_H=1 -DSTDC_HEADERS=1 -DHAVE_DLFCN_H=1 -DLT_OBJDIR=\".libs/\" -DHAVE_STDLIB_H=1 -DHAVE_STRING_H=1 -DHAVE_MATH_H=1 -DHAVE_LIMITS_H=1 -D_LARGEFILE_SOURCE=1 -D_FILE_OFFSET_BITS=64 -DCFITSIO_HAVE_CURL=1 -DHAVE_LIBZ=1 -DHAVE_FTRUNCATE=1 -DHAVE_LONGLONG=1 -DHAVE_SHMEM_SERVICES=1 -DHAVE_FMEMOPEN=1 -DHAVE_NET_SERVICES=1 -g -O2 -Dg77Fortran -MT libcfitsio_la-drvrfile.lo -MD -MP -MF .deps/libcfitsio_la-drvrfile.Tpo -c drvrfile.c  -fPIC -DPIC -o .libs/libcfitsio_la-drvrfile.o
libtool: compile:  /share/home/apps/gcc/11.3.0/bin/gcc -m64 -DPACKAGE_NAME=\"cfitsio\" -DPACKAGE_TARNAME=\"cfitsio\" -DPACKAGE_VERSION=\"4.6.2\" "-DPACKAGE_STRING=\"cfitsio 4.6.2\"" -DPACKAGE_BUGREPORT=\"\" -DPACKAGE_URL=\"\" -DPACKAGE=\"cfitsio\" -DVERSION=\"4.6.2\" -DHAVE_STDIO_H=1 -DHAVE_STDLIB_H=1 -DHAVE_STRING_H=1 -DHAVE_INTTYPES_H=1 -DHAVE_STDINT_H=1 -DHAVE_STRINGS_H=1 -DHAVE_SYS_STAT_H=1 -DHAVE_SYS_TYPES_H=1 -DHAVE_UNISTD_H=1 -DSTDC_HEADERS=1 -DHAVE_DLFCN_H=1 -DLT_OBJDIR=\".libs/\" -DHAVE_STDLIB_H=1 -DHAVE_STRING_H=1 -DHAVE_MATH_H=1 -DHAVE_LIMITS_H=1 -D_LARGEFILE_SOURCE=1 -D_FILE_OFFSET_BITS=64 -DCFITSIO_HAVE_CURL=1 -DHAVE_LIBZ=1 -DHAVE_FTRUNCATE=1 -DHAVE_LONGLONG=1 -DHAVE_SHMEM_SERVICES=1 -DHAVE_FMEMOPEN=1 -DHAVE_NET_SERVICES=1 -I. -DPACKAGE_NAME=\"cfitsio\" -DPACKAGE_TARNAME=\"cfitsio\" -DPACKAGE_VERSION=\"4.6.2\" "-DPACKAGE_STRING=\"cfitsio 4.6.2\"" -DPACKAGE_BUGREPORT=\"\" -DPACKAGE_URL=\"\" -DPACKAGE=\"cfitsio\" -DVERSION=\"4.6.2\" -DHAVE_STDIO_H=1 -DHAVE_STDLIB_H=1 -DHAVE_STRING_H=1 -DHAVE_INTTYPES_H=1 -DHAVE_STDINT_H=1 -DHAVE_STRINGS_H=1 -DHAVE_SYS_STAT_H=1 -DHAVE_SYS_TYPES_H=1 -DHAVE_UNISTD_H=1 -DSTDC_HEADERS=1 -DHAVE_DLFCN_H=1 -DLT_OBJDIR=\".libs/\" -DHAVE_STDLIB_H=1 -DHAVE_STRING_H=1 -DHAVE_MATH_H=1 -DHAVE_LIMITS_H=1 -D_LARGEFILE_SOURCE=1 -D_FILE_OFFSET_BITS=64 -DCFITSIO_HAVE_CURL=1 -DHAVE_LIBZ=1 -DHAVE_FTRUNCATE=1 -DHAVE_LONGLONG=1 -DHAVE_SHMEM_SERVICES=1 -DHAVE_FMEMOPEN=1 -DHAVE_NET_SERVICES=1 -g -O2 -Dg77Fortran -MT libcfitsio_la-checksum.lo -MD -MP -MF .deps/libcfitsio_la-checksum.Tpo -c checksum.c  -fPIC -DPIC -o .libs/libcfitsio_la-checksum.o
libtool: compile:  /share/home/apps/gcc/11.3.0/bin/gcc -m64 -DPACKAGE_NAME=\"cfitsio\" -DPACKAGE_TARNAME=\"cfitsio\" -DPACKAGE_VERSION=\"4.6.2\" "-DPACKAGE_STRING=\"cfitsio 4.6.2\"" -DPACKAGE_BUGREPORT=\"\" -DPACKAGE_URL=\"\" -DPACKAGE=\"cfitsio\" -DVERSION=\"4.6.2\" -DHAVE_STDIO_H=1 -DHAVE_STDLIB_H=1 -DHAVE_STRING_H=1 -DHAVE_INTTYPES_H=1 -DHAVE_STDINT_H=1 -DHAVE_STRINGS_H=1 -DHAVE_SYS_STAT_H=1 -DHAVE_SYS_TYPES_H=1 -DHAVE_UNISTD_H=1 -DSTDC_HEADERS=1 -DHAVE_DLFCN_H=1 -DLT_OBJDIR=\".libs/\" -DHAVE_STDLIB_H=1 -DHAVE_STRING_H=1 -DHAVE_MATH_H=1 -DHAVE_LIMITS_H=1 -D_LARGEFILE_SOURCE=1 -D_FILE_OFFSET_BITS=64 -DCFITSIO_HAVE_CURL=1 -DHAVE_LIBZ=1 -DHAVE_FTRUNCATE=1 -DHAVE_LONGLONG=1 -DHAVE_SHMEM_SERVICES=1 -DHAVE_FMEMOPEN=1 -DHAVE_NET_SERVICES=1 -I. -DPACKAGE_NAME=\"cfitsio\" -DPACKAGE_TARNAME=\"cfitsio\" -DPACKAGE_VERSION=\"4.6.2\" "-DPACKAGE_STRING=\"cfitsio 4.6.2\"" -DPACKAGE_BUGREPORT=\"\" -DPACKAGE_URL=\"\" -DPACKAGE=\"cfitsio\" -DVERSION=\"4.6.2\" -DHAVE_STDIO_H=1 -DHAVE_STDLIB_H=1 -DHAVE_STRING_H=1 -DHAVE_INTTYPES_H=1 -DHAVE_STDINT_H=1 -DHAVE_STRINGS_H=1 -DHAVE_SYS_STAT_H=1 -DHAVE_SYS_TYPES_H=1 -DHAVE_UNISTD_H=1 -DSTDC_HEADERS=1 -DHAVE_DLFCN_H=1 -DLT_OBJDIR=\".libs/\" -DHAVE_STDLIB_H=1 -DHAVE_STRING_H=1 -DHAVE_MATH_H=1 -DHAVE_LIMITS_H=1 -D_LARGEFILE_SOURCE=1 -D_FILE_OFFSET_BITS=64 -DCFITSIO_HAVE_CURL=1 -DHAVE_LIBZ=1 -DHAVE_FTRUNCATE=1 -DHAVE_LONGLONG=1 -DHAVE_SHMEM_SERVICES=1 -DHAVE_FMEMOPEN=1 -DHAVE_NET_SERVICES=1 -g -O2 -Dg77Fortran -MT libcfitsio_la-editcol.lo -MD -MP -MF .deps/libcfitsio_la-editcol.Tpo -c editcol.c  -fPIC -DPIC -o .libs/libcfitsio_la-editcol.o
libtool: compile:  /share/home/apps/gcc/11.3.0/bin/gcc -m64 -DPACKAGE_NAME=\"cfitsio\" -DPACKAGE_TARNAME=\"cfitsio\" -DPACKAGE_VERSION=\"4.6.2\" "-DPACKAGE_STRING=\"cfitsio 4.6.2\"" -DPACKAGE_BUGREPORT=\"\" -DPACKAGE_URL=\"\" -DPACKAGE=\"cfitsio\" -DVERSION=\"4.6.2\" -DHAVE_STDIO_H=1 -DHAVE_STDLIB_H=1 -DHAVE_STRING_H=1 -DHAVE_INTTYPES_H=1 -DHAVE_STDINT_H=1 -DHAVE_STRINGS_H=1 -DHAVE_SYS_STAT_H=1 -DHAVE_SYS_TYPES_H=1 -DHAVE_UNISTD_H=1 -DSTDC_HEADERS=1 -DHAVE_DLFCN_H=1 -DLT_OBJDIR=\".libs/\" -DHAVE_STDLIB_H=1 -DHAVE_STRING_H=1 -DHAVE_MATH_H=1 -DHAVE_LIMITS_H=1 -D_LARGEFILE_SOURCE=1 -D_FILE_OFFSET_BITS=64 -DCFITSIO_HAVE_CURL=1 -DHAVE_LIBZ=1 -DHAVE_FTRUNCATE=1 -DHAVE_LONGLONG=1 -DHAVE_SHMEM_SERVICES=1 -DHAVE_FMEMOPEN=1 -DHAVE_NET_SERVICES=1 -I. -DPACKAGE_NAME=\"cfitsio\" -DPACKAGE_TARNAME=\"cfitsio\" -DPACKAGE_VERSION=\"4.6.2\" "-DPACKAGE_STRING=\"cfitsio 4.6.2\"" -DPACKAGE_BUGREPORT=\"\" -DPACKAGE_URL=\"\" -DPACKAGE=\"cfitsio\" -DVERSION=\"4.6.2\" -DHAVE_STDIO_H=1 -DHAVE_STDLIB_H=1 -DHAVE_STRING_H=1 -DHAVE_INTTYPES_H=1 -DHAVE_STDINT_H=1 -DHAVE_STRINGS_H=1 -DHAVE_SYS_STAT_H=1 -DHAVE_SYS_TYPES_H=1 -DHAVE_UNISTD_H=1 -DSTDC_HEADERS=1 -DHAVE_DLFCN_H=1 -DLT_OBJDIR=\".libs/\" -DHAVE_STDLIB_H=1 -DHAVE_STRING_H=1 -DHAVE_MATH_H=1 -DHAVE_LIMITS_H=1 -D_LARGEFILE_SOURCE=1 -D_FILE_OFFSET_BITS=64 -DCFITSIO_HAVE_CURL=1 -DHAVE_LIBZ=1 -DHAVE_FTRUNCATE=1 -DHAVE_LONGLONG=1 -DHAVE_SHMEM_SERVICES=1 -DHAVE_FMEMOPEN=1 -DHAVE_NET_SERVICES=1 -g -O2 -Dg77Fortran -MT libcfitsio_la-eval_y.lo -MD -MP -MF .deps/libcfitsio_la-eval_y.Tpo -c eval_y.c  -fPIC -DPIC -o .libs/libcfitsio_la-eval_y.o
libtool: compile:  /share/home/apps/gcc/11.3.0/bin/gcc -m64 -DPACKAGE_NAME=\"cfitsio\" -DPACKAGE_TARNAME=\"cfitsio\" -DPACKAGE_VERSION=\"4.6.2\" "-DPACKAGE_STRING=\"cfitsio 4.6.2\"" -DPACKAGE_BUGREPORT=\"\" -DPACKAGE_URL=\"\" -DPACKAGE=\"cfitsio\" -DVERSION=\"4.6.2\" -DHAVE_STDIO_H=1 -DHAVE_STDLIB_H=1 -DHAVE_STRING_H=1 -DHAVE_INTTYPES_H=1 -DHAVE_STDINT_H=1 -DHAVE_STRINGS_H=1 -DHAVE_SYS_STAT_H=1 -DHAVE_SYS_TYPES_H=1 -DHAVE_UNISTD_H=1 -DSTDC_HEADERS=1 -DHAVE_DLFCN_H=1 -DLT_OBJDIR=\".libs/\" -DHAVE_STDLIB_H=1 -DHAVE_STRING_H=1 -DHAVE_MATH_H=1 -DHAVE_LIMITS_H=1 -D_LARGEFILE_SOURCE=1 -D_FILE_OFFSET_BITS=64 -DCFITSIO_HAVE_CURL=1 -DHAVE_LIBZ=1 -DHAVE_FTRUNCATE=1 -DHAVE_LONGLONG=1 -DHAVE_SHMEM_SERVICES=1 -DHAVE_FMEMOPEN=1 -DHAVE_NET_SERVICES=1 -I. -DPACKAGE_NAME=\"cfitsio\" -DPACKAGE_TARNAME=\"cfitsio\" -DPACKAGE_VERSION=\"4.6.2\" "-DPACKAGE_STRING=\"cfitsio 4.6.2\"" -DPACKAGE_BUGREPORT=\"\" -DPACKAGE_URL=\"\" -DPACKAGE=\"cfitsio\" -DVERSION=\"4.6.2\" -DHAVE_STDIO_H=1 -DHAVE_STDLIB_H=1 -DHAVE_STRING_H=1 -DHAVE_INTTYPES_H=1 -DHAVE_STDINT_H=1 -DHAVE_STRINGS_H=1 -DHAVE_SYS_STAT_H=1 -DHAVE_SYS_TYPES_H=1 -DHAVE_UNISTD_H=1 -DSTDC_HEADERS=1 -DHAVE_DLFCN_H=1 -DLT_OBJDIR=\".libs/\" -DHAVE_STDLIB_H=1 -DHAVE_STRING_H=1 -DHAVE_MATH_H=1 -DHAVE_LIMITS_H=1 -D_LARGEFILE_SOURCE=1 -D_FILE_OFFSET_BITS=64 -DCFITSIO_HAVE_CURL=1 -DHAVE_LIBZ=1 -DHAVE_FTRUNCATE=1 -DHAVE_LONGLONG=1 -DHAVE_SHMEM_SERVICES=1 -DHAVE_FMEMOPEN=1 -DHAVE_NET_SERVICES=1 -g -O2 -Dg77Fortran -MT libcfitsio_la-getcoll.lo -MD -MP -MF .deps/libcfitsio_la-getcoll.Tpo -c getcoll.c  -fPIC -DPIC -o .libs/libcfitsio_la-getcoll.o
libtool: compile:  /share/home/apps/gcc/11.3.0/bin/gcc -m64 -DPACKAGE_NAME=\"cfitsio\" -DPACKAGE_TARNAME=\"cfitsio\" -DPACKAGE_VERSION=\"4.6.2\" "-DPACKAGE_STRING=\"cfitsio 4.6.2\"" -DPACKAGE_BUGREPORT=\"\" -DPACKAGE_URL=\"\" -DPACKAGE=\"cfitsio\" -DVERSION=\"4.6.2\" -DHAVE_STDIO_H=1 -DHAVE_STDLIB_H=1 -DHAVE_STRING_H=1 -DHAVE_INTTYPES_H=1 -DHAVE_STDINT_H=1 -DHAVE_STRINGS_H=1 -DHAVE_SYS_STAT_H=1 -DHAVE_SYS_TYPES_H=1 -DHAVE_UNISTD_H=1 -DSTDC_HEADERS=1 -DHAVE_DLFCN_H=1 -DLT_OBJDIR=\".libs/\" -DHAVE_STDLIB_H=1 -DHAVE_STRING_H=1 -DHAVE_MATH_H=1 -DHAVE_LIMITS_H=1 -D_LARGEFILE_SOURCE=1 -D_FILE_OFFSET_BITS=64 -DCFITSIO_HAVE_CURL=1 -DHAVE_LIBZ=1 -DHAVE_FTRUNCATE=1 -DHAVE_LONGLONG=1 -DHAVE_SHMEM_SERVICES=1 -DHAVE_FMEMOPEN=1 -DHAVE_NET_SERVICES=1 -I. -DPACKAGE_NAME=\"cfitsio\" -DPACKAGE_TARNAME=\"cfitsio\" -DPACKAGE_VERSION=\"4.6.2\" "-DPACKAGE_STRING=\"cfitsio 4.6.2\"" -DPACKAGE_BUGREPORT=\"\" -DPACKAGE_URL=\"\" -DPACKAGE=\"cfitsio\" -DVERSION=\"4.6.2\" -DHAVE_STDIO_H=1 -DHAVE_STDLIB_H=1 -DHAVE_STRING_H=1 -DHAVE_INTTYPES_H=1 -DHAVE_STDINT_H=1 -DHAVE_STRINGS_H=1 -DHAVE_SYS_STAT_H=1 -DHAVE_SYS_TYPES_H=1 -DHAVE_UNISTD_H=1 -DSTDC_HEADERS=1 -DHAVE_DLFCN_H=1 -DLT_OBJDIR=\".libs/\" -DHAVE_STDLIB_H=1 -DHAVE_STRING_H=1 -DHAVE_MATH_H=1 -DHAVE_LIMITS_H=1 -D_LARGEFILE_SOURCE=1 -D_FILE_OFFSET_BITS=64 -DCFITSIO_HAVE_CURL=1 -DHAVE_LIBZ=1 -DHAVE_FTRUNCATE=1 -DHAVE_LONGLONG=1 -DHAVE_SHMEM_SERVICES=1 -DHAVE_FMEMOPEN=1 -DHAVE_NET_SERVICES=1 -g -O2 -Dg77Fortran -MT libcfitsio_la-getcolsb.lo -MD -MP -MF .deps/libcfitsio_la-getcolsb.Tpo -c getcolsb.c  -fPIC -DPIC -o .libs/libcfitsio_la-getcolsb.o
libtool: compile:  /share/home/apps/gcc/11.3.0/bin/gcc -m64 -DPACKAGE_NAME=\"cfitsio\" -DPACKAGE_TARNAME=\"cfitsio\" -DPACKAGE_VERSION=\"4.6.2\" "-DPACKAGE_STRING=\"cfitsio 4.6.2\"" -DPACKAGE_BUGREPORT=\"\" -DPACKAGE_URL=\"\" -DPACKAGE=\"cfitsio\" -DVERSION=\"4.6.2\" -DHAVE_STDIO_H=1 -DHAVE_STDLIB_H=1 -DHAVE_STRING_H=1 -DHAVE_INTTYPES_H=1 -DHAVE_STDINT_H=1 -DHAVE_STRINGS_H=1 -DHAVE_SYS_STAT_H=1 -DHAVE_SYS_TYPES_H=1 -DHAVE_UNISTD_H=1 -DSTDC_HEADERS=1 -DHAVE_DLFCN_H=1 -DLT_OBJDIR=\".libs/\" -DHAVE_STDLIB_H=1 -DHAVE_STRING_H=1 -DHAVE_MATH_H=1 -DHAVE_LIMITS_H=1 -D_LARGEFILE_SOURCE=1 -D_FILE_OFFSET_BITS=64 -DCFITSIO_HAVE_CURL=1 -DHAVE_LIBZ=1 -DHAVE_FTRUNCATE=1 -DHAVE_LONGLONG=1 -DHAVE_SHMEM_SERVICES=1 -DHAVE_FMEMOPEN=1 -DHAVE_NET_SERVICES=1 -I. -DPACKAGE_NAME=\"cfitsio\" -DPACKAGE_TARNAME=\"cfitsio\" -DPACKAGE_VERSION=\"4.6.2\" "-DPACKAGE_STRING=\"cfitsio 4.6.2\"" -DPACKAGE_BUGREPORT=\"\" -DPACKAGE_URL=\"\" -DPACKAGE=\"cfitsio\" -DVERSION=\"4.6.2\" -DHAVE_STDIO_H=1 -DHAVE_STDLIB_H=1 -DHAVE_STRING_H=1 -DHAVE_INTTYPES_H=1 -DHAVE_STDINT_H=1 -DHAVE_STRINGS_H=1 -DHAVE_SYS_STAT_H=1 -DHAVE_SYS_TYPES_H=1 -DHAVE_UNISTD_H=1 -DSTDC_HEADERS=1 -DHAVE_DLFCN_H=1 -DLT_OBJDIR=\".libs/\" -DHAVE_STDLIB_H=1 -DHAVE_STRING_H=1 -DHAVE_MATH_H=1 -DHAVE_LIMITS_H=1 -D_LARGEFILE_SOURCE=1 -D_FILE_OFFSET_BITS=64 -DCFITSIO_HAVE_CURL=1 -DHAVE_LIBZ=1 -DHAVE_FTRUNCATE=1 -DHAVE_LONGLONG=1 -DHAVE_SHMEM_SERVICES=1 -DHAVE_FMEMOPEN=1 -DHAVE_NET_SERVICES=1 -g -O2 -Dg77Fortran -MT libcfitsio_la-buffers.lo -MD -MP -MF .deps/libcfitsio_la-buffers.Tpo -c buffers.c  -fPIC -DPIC -o .libs/libcfitsio_la-buffers.o
libtool: compile:  /share/home/apps/gcc/11.3.0/bin/gcc -m64 -DPACKAGE_NAME=\"cfitsio\" -DPACKAGE_TARNAME=\"cfitsio\" -DPACKAGE_VERSION=\"4.6.2\" "-DPACKAGE_STRING=\"cfitsio 4.6.2\"" -DPACKAGE_BUGREPORT=\"\" -DPACKAGE_URL=\"\" -DPACKAGE=\"cfitsio\" -DVERSION=\"4.6.2\" -DHAVE_STDIO_H=1 -DHAVE_STDLIB_H=1 -DHAVE_STRING_H=1 -DHAVE_INTTYPES_H=1 -DHAVE_STDINT_H=1 -DHAVE_STRINGS_H=1 -DHAVE_SYS_STAT_H=1 -DHAVE_SYS_TYPES_H=1 -DHAVE_UNISTD_H=1 -DSTDC_HEADERS=1 -DHAVE_DLFCN_H=1 -DLT_OBJDIR=\".libs/\" -DHAVE_STDLIB_H=1 -DHAVE_STRING_H=1 -DHAVE_MATH_H=1 -DHAVE_LIMITS_H=1 -D_LARGEFILE_SOURCE=1 -D_FILE_OFFSET_BITS=64 -DCFITSIO_HAVE_CURL=1 -DHAVE_LIBZ=1 -DHAVE_FTRUNCATE=1 -DHAVE_LONGLONG=1 -DHAVE_SHMEM_SERVICES=1 -DHAVE_FMEMOPEN=1 -DHAVE_NET_SERVICES=1 -I. -DPACKAGE_NAME=\"cfitsio\" -DPACKAGE_TARNAME=\"cfitsio\" -DPACKAGE_VERSION=\"4.6.2\" "-DPACKAGE_STRING=\"cfitsio 4.6.2\"" -DPACKAGE_BUGREPORT=\"\" -DPACKAGE_URL=\"\" -DPACKAGE=\"cfitsio\" -DVERSION=\"4.6.2\" -DHAVE_STDIO_H=1 -DHAVE_STDLIB_H=1 -DHAVE_STRING_H=1 -DHAVE_INTTYPES_H=1 -DHAVE_STDINT_H=1 -DHAVE_STRINGS_H=1 -DHAVE_SYS_STAT_H=1 -DHAVE_SYS_TYPES_H=1 -DHAVE_UNISTD_H=1 -DSTDC_HEADERS=1 -DHAVE_DLFCN_H=1 -DLT_OBJDIR=\".libs/\" -DHAVE_STDLIB_H=1 -DHAVE_STRING_H=1 -DHAVE_MATH_H=1 -DHAVE_LIMITS_H=1 -D_LARGEFILE_SOURCE=1 -D_FILE_OFFSET_BITS=64 -DCFITSIO_HAVE_CURL=1 -DHAVE_LIBZ=1 -DHAVE_FTRUNCATE=1 -DHAVE_LONGLONG=1 -DHAVE_SHMEM_SERVICES=1 -DHAVE_FMEMOPEN=1 -DHAVE_NET_SERVICES=1 -g -O2 -Dg77Fortran -MT libcfitsio_la-getcoluk.lo -MD -MP -MF .deps/libcfitsio_la-getcoluk.Tpo -c getcoluk.c  -fPIC -DPIC -o .libs/libcfitsio_la-getcoluk.o
libtool: compile:  /share/home/apps/gcc/11.3.0/bin/gcc -m64 -DPACKAGE_NAME=\"cfitsio\" -DPACKAGE_TARNAME=\"cfitsio\" -DPACKAGE_VERSION=\"4.6.2\" "-DPACKAGE_STRING=\"cfitsio 4.6.2\"" -DPACKAGE_BUGREPORT=\"\" -DPACKAGE_URL=\"\" -DPACKAGE=\"cfitsio\" -DVERSION=\"4.6.2\" -DHAVE_STDIO_H=1 -DHAVE_STDLIB_H=1 -DHAVE_STRING_H=1 -DHAVE_INTTYPES_H=1 -DHAVE_STDINT_H=1 -DHAVE_STRINGS_H=1 -DHAVE_SYS_STAT_H=1 -DHAVE_SYS_TYPES_H=1 -DHAVE_UNISTD_H=1 -DSTDC_HEADERS=1 -DHAVE_DLFCN_H=1 -DLT_OBJDIR=\".libs/\" -DHAVE_STDLIB_H=1 -DHAVE_STRING_H=1 -DHAVE_MATH_H=1 -DHAVE_LIMITS_H=1 -D_LARGEFILE_SOURCE=1 -D_FILE_OFFSET_BITS=64 -DCFITSIO_HAVE_CURL=1 -DHAVE_LIBZ=1 -DHAVE_FTRUNCATE=1 -DHAVE_LONGLONG=1 -DHAVE_SHMEM_SERVICES=1 -DHAVE_FMEMOPEN=1 -DHAVE_NET_SERVICES=1 -I. -DPACKAGE_NAME=\"cfitsio\" -DPACKAGE_TARNAME=\"cfitsio\" -DPACKAGE_VERSION=\"4.6.2\" "-DPACKAGE_STRING=\"cfitsio 4.6.2\"" -DPACKAGE_BUGREPORT=\"\" -DPACKAGE_URL=\"\" -DPACKAGE=\"cfitsio\" -DVERSION=\"4.6.2\" -DHAVE_STDIO_H=1 -DHAVE_STDLIB_H=1 -DHAVE_STRING_H=1 -DHAVE_INTTYPES_H=1 -DHAVE_STDINT_H=1 -DHAVE_STRINGS_H=1 -DHAVE_SYS_STAT_H=1 -DHAVE_SYS_TYPES_H=1 -DHAVE_UNISTD_H=1 -DSTDC_HEADERS=1 -DHAVE_DLFCN_H=1 -DLT_OBJDIR=\".libs/\" -DHAVE_STDLIB_H=1 -DHAVE_STRING_H=1 -DHAVE_MATH_H=1 -DHAVE_LIMITS_H=1 -D_LARGEFILE_SOURCE=1 -D_FILE_OFFSET_BITS=64 -DCFITSIO_HAVE_CURL=1 -DHAVE_LIBZ=1 -DHAVE_FTRUNCATE=1 -DHAVE_LONGLONG=1 -DHAVE_SHMEM_SERVICES=1 -DHAVE_FMEMOPEN=1 -DHAVE_NET_SERVICES=1 -g -O2 -Dg77Fortran -MT libcfitsio_la-edithdu.lo -MD -MP -MF .deps/libcfitsio_la-edithdu.Tpo -c edithdu.c  -fPIC -DPIC -o .libs/libcfitsio_la-edithdu.o
libtool: compile:  /share/home/apps/gcc/11.3.0/bin/gcc -m64 -DPACKAGE_NAME=\"cfitsio\" -DPACKAGE_TARNAME=\"cfitsio\" -DPACKAGE_VERSION=\"4.6.2\" "-DPACKAGE_STRING=\"cfitsio 4.6.2\"" -DPACKAGE_BUGREPORT=\"\" -DPACKAGE_URL=\"\" -DPACKAGE=\"cfitsio\" -DVERSION=\"4.6.2\" -DHAVE_STDIO_H=1 -DHAVE_STDLIB_H=1 -DHAVE_STRING_H=1 -DHAVE_INTTYPES_H=1 -DHAVE_STDINT_H=1 -DHAVE_STRINGS_H=1 -DHAVE_SYS_STAT_H=1 -DHAVE_SYS_TYPES_H=1 -DHAVE_UNISTD_H=1 -DSTDC_HEADERS=1 -DHAVE_DLFCN_H=1 -DLT_OBJDIR=\".libs/\" -DHAVE_STDLIB_H=1 -DHAVE_STRING_H=1 -DHAVE_MATH_H=1 -DHAVE_LIMITS_H=1 -D_LARGEFILE_SOURCE=1 -D_FILE_OFFSET_BITS=64 -DCFITSIO_HAVE_CURL=1 -DHAVE_LIBZ=1 -DHAVE_FTRUNCATE=1 -DHAVE_LONGLONG=1 -DHAVE_SHMEM_SERVICES=1 -DHAVE_FMEMOPEN=1 -DHAVE_NET_SERVICES=1 -I. -DPACKAGE_NAME=\"cfitsio\" -DPACKAGE_TARNAME=\"cfitsio\" -DPACKAGE_VERSION=\"4.6.2\" "-DPACKAGE_STRING=\"cfitsio 4.6.2\"" -DPACKAGE_BUGREPORT=\"\" -DPACKAGE_URL=\"\" -DPACKAGE=\"cfitsio\" -DVERSION=\"4.6.2\" -DHAVE_STDIO_H=1 -DHAVE_STDLIB_H=1 -DHAVE_STRING_H=1 -DHAVE_INTTYPES_H=1 -DHAVE_STDINT_H=1 -DHAVE_STRINGS_H=1 -DHAVE_SYS_STAT_H=1 -DHAVE_SYS_TYPES_H=1 -DHAVE_UNISTD_H=1 -DSTDC_HEADERS=1 -DHAVE_DLFCN_H=1 -DLT_OBJDIR=\".libs/\" -DHAVE_STDLIB_H=1 -DHAVE_STRING_H=1 -DHAVE_MATH_H=1 -DHAVE_LIMITS_H=1 -D_LARGEFILE_SOURCE=1 -D_FILE_OFFSET_BITS=64 -DCFITSIO_HAVE_CURL=1 -DHAVE_LIBZ=1 -DHAVE_FTRUNCATE=1 -DHAVE_LONGLONG=1 -DHAVE_SHMEM_SERVICES=1 -DHAVE_FMEMOPEN=1 -DHAVE_NET_SERVICES=1 -g -O2 -Dg77Fortran -MT libcfitsio_la-getcolj.lo -MD -MP -MF .deps/libcfitsio_la-getcolj.Tpo -c getcolj.c  -fPIC -DPIC -o .libs/libcfitsio_la-getcolj.o
libtool: compile:  /share/home/apps/gcc/11.3.0/bin/gcc -m64 -DPACKAGE_NAME=\"cfitsio\" -DPACKAGE_TARNAME=\"cfitsio\" -DPACKAGE_VERSION=\"4.6.2\" "-DPACKAGE_STRING=\"cfitsio 4.6.2\"" -DPACKAGE_BUGREPORT=\"\" -DPACKAGE_URL=\"\" -DPACKAGE=\"cfitsio\" -DVERSION=\"4.6.2\" -DHAVE_STDIO_H=1 -DHAVE_STDLIB_H=1 -DHAVE_STRING_H=1 -DHAVE_INTTYPES_H=1 -DHAVE_STDINT_H=1 -DHAVE_STRINGS_H=1 -DHAVE_SYS_STAT_H=1 -DHAVE_SYS_TYPES_H=1 -DHAVE_UNISTD_H=1 -DSTDC_HEADERS=1 -DHAVE_DLFCN_H=1 -DLT_OBJDIR=\".libs/\" -DHAVE_STDLIB_H=1 -DHAVE_STRING_H=1 -DHAVE_MATH_H=1 -DHAVE_LIMITS_H=1 -D_LARGEFILE_SOURCE=1 -D_FILE_OFFSET_BITS=64 -DCFITSIO_HAVE_CURL=1 -DHAVE_LIBZ=1 -DHAVE_FTRUNCATE=1 -DHAVE_LONGLONG=1 -DHAVE_SHMEM_SERVICES=1 -DHAVE_FMEMOPEN=1 -DHAVE_NET_SERVICES=1 -I. -DPACKAGE_NAME=\"cfitsio\" -DPACKAGE_TARNAME=\"cfitsio\" -DPACKAGE_VERSION=\"4.6.2\" "-DPACKAGE_STRING=\"cfitsio 4.6.2\"" -DPACKAGE_BUGREPORT=\"\" -DPACKAGE_URL=\"\" -DPACKAGE=\"cfitsio\" -DVERSION=\"4.6.2\" -DHAVE_STDIO_H=1 -DHAVE_STDLIB_H=1 -DHAVE_STRING_H=1 -DHAVE_INTTYPES_H=1 -DHAVE_STDINT_H=1 -DHAVE_STRINGS_H=1 -DHAVE_SYS_STAT_H=1 -DHAVE_SYS_TYPES_H=1 -DHAVE_UNISTD_H=1 -DSTDC_HEADERS=1 -DHAVE_DLFCN_H=1 -DLT_OBJDIR=\".libs/\" -DHAVE_STDLIB_H=1 -DHAVE_STRING_H=1 -DHAVE_MATH_H=1 -DHAVE_LIMITS_H=1 -D_LARGEFILE_SOURCE=1 -D_FILE_OFFSET_BITS=64 -DCFITSIO_HAVE_CURL=1 -DHAVE_LIBZ=1 -DHAVE_FTRUNCATE=1 -DHAVE_LONGLONG=1 -DHAVE_SHMEM_SERVICES=1 -DHAVE_FMEMOPEN=1 -DHAVE_NET_SERVICES=1 -g -O2 -Dg77Fortran -MT libcfitsio_la-drvrsmem.lo -MD -MP -MF .deps/libcfitsio_la-drvrsmem.Tpo -c drvrsmem.c  -fPIC -DPIC -o .libs/libcfitsio_la-drvrsmem.o
libtool: compile:  /share/home/apps/gcc/11.3.0/bin/gcc -m64 -DPACKAGE_NAME=\"cfitsio\" -DPACKAGE_TARNAME=\"cfitsio\" -DPACKAGE_VERSION=\"4.6.2\" "-DPACKAGE_STRING=\"cfitsio 4.6.2\"" -DPACKAGE_BUGREPORT=\"\" -DPACKAGE_URL=\"\" -DPACKAGE=\"cfitsio\" -DVERSION=\"4.6.2\" -DHAVE_STDIO_H=1 -DHAVE_STDLIB_H=1 -DHAVE_STRING_H=1 -DHAVE_INTTYPES_H=1 -DHAVE_STDINT_H=1 -DHAVE_STRINGS_H=1 -DHAVE_SYS_STAT_H=1 -DHAVE_SYS_TYPES_H=1 -DHAVE_UNISTD_H=1 -DSTDC_HEADERS=1 -DHAVE_DLFCN_H=1 -DLT_OBJDIR=\".libs/\" -DHAVE_STDLIB_H=1 -DHAVE_STRING_H=1 -DHAVE_MATH_H=1 -DHAVE_LIMITS_H=1 -D_LARGEFILE_SOURCE=1 -D_FILE_OFFSET_BITS=64 -DCFITSIO_HAVE_CURL=1 -DHAVE_LIBZ=1 -DHAVE_FTRUNCATE=1 -DHAVE_LONGLONG=1 -DHAVE_SHMEM_SERVICES=1 -DHAVE_FMEMOPEN=1 -DHAVE_NET_SERVICES=1 -I. -DPACKAGE_NAME=\"cfitsio\" -DPACKAGE_TARNAME=\"cfitsio\" -DPACKAGE_VERSION=\"4.6.2\" "-DPACKAGE_STRING=\"cfitsio 4.6.2\"" -DPACKAGE_BUGREPORT=\"\" -DPACKAGE_URL=\"\" -DPACKAGE=\"cfitsio\" -DVERSION=\"4.6.2\" -DHAVE_STDIO_H=1 -DHAVE_STDLIB_H=1 -DHAVE_STRING_H=1 -DHAVE_INTTYPES_H=1 -DHAVE_STDINT_H=1 -DHAVE_STRINGS_H=1 -DHAVE_SYS_STAT_H=1 -DHAVE_SYS_TYPES_H=1 -DHAVE_UNISTD_H=1 -DSTDC_HEADERS=1 -DHAVE_DLFCN_H=1 -DLT_OBJDIR=\".libs/\" -DHAVE_STDLIB_H=1 -DHAVE_STRING_H=1 -DHAVE_MATH_H=1 -DHAVE_LIMITS_H=1 -D_LARGEFILE_SOURCE=1 -D_FILE_OFFSET_BITS=64 -DCFITSIO_HAVE_CURL=1 -DHAVE_LIBZ=1 -DHAVE_FTRUNCATE=1 -DHAVE_LONGLONG=1 -DHAVE_SHMEM_SERVICES=1 -DHAVE_FMEMOPEN=1 -DHAVE_NET_SERVICES=1 -g -O2 -Dg77Fortran -MT libcfitsio_la-putcoll.lo -MD -MP -MF .deps/libcfitsio_la-putcoll.Tpo -c putcoll.c  -fPIC -DPIC -o .libs/libcfitsio_la-putcoll.o
libtool: compile:  /share/home/apps/gcc/11.3.0/bin/gcc -m64 -DPACKAGE_NAME=\"cfitsio\" -DPACKAGE_TARNAME=\"cfitsio\" -DPACKAGE_VERSION=\"4.6.2\" "-DPACKAGE_STRING=\"cfitsio 4.6.2\"" -DPACKAGE_BUGREPORT=\"\" -DPACKAGE_URL=\"\" -DPACKAGE=\"cfitsio\" -DVERSION=\"4.6.2\" -DHAVE_STDIO_H=1 -DHAVE_STDLIB_H=1 -DHAVE_STRING_H=1 -DHAVE_INTTYPES_H=1 -DHAVE_STDINT_H=1 -DHAVE_STRINGS_H=1 -DHAVE_SYS_STAT_H=1 -DHAVE_SYS_TYPES_H=1 -DHAVE_UNISTD_H=1 -DSTDC_HEADERS=1 -DHAVE_DLFCN_H=1 -DLT_OBJDIR=\".libs/\" -DHAVE_STDLIB_H=1 -DHAVE_STRING_H=1 -DHAVE_MATH_H=1 -DHAVE_LIMITS_H=1 -D_LARGEFILE_SOURCE=1 -D_FILE_OFFSET_BITS=64 -DCFITSIO_HAVE_CURL=1 -DHAVE_LIBZ=1 -DHAVE_FTRUNCATE=1 -DHAVE_LONGLONG=1 -DHAVE_SHMEM_SERVICES=1 -DHAVE_FMEMOPEN=1 -DHAVE_NET_SERVICES=1 -I. -DPACKAGE_NAME=\"cfitsio\" -DPACKAGE_TARNAME=\"cfitsio\" -DPACKAGE_VERSION=\"4.6.2\" "-DPACKAGE_STRING=\"cfitsio 4.6.2\"" -DPACKAGE_BUGREPORT=\"\" -DPACKAGE_URL=\"\" -DPACKAGE=\"cfitsio\" -DVERSION=\"4.6.2\" -DHAVE_STDIO_H=1 -DHAVE_STDLIB_H=1 -DHAVE_STRING_H=1 -DHAVE_INTTYPES_H=1 -DHAVE_STDINT_H=1 -DHAVE_STRINGS_H=1 -DHAVE_SYS_STAT_H=1 -DHAVE_SYS_TYPES_H=1 -DHAVE_UNISTD_H=1 -DSTDC_HEADERS=1 -DHAVE_DLFCN_H=1 -DLT_OBJDIR=\".libs/\" -DHAVE_STDLIB_H=1 -DHAVE_STRING_H=1 -DHAVE_MATH_H=1 -DHAVE_LIMITS_H=1 -D_LARGEFILE_SOURCE=1 -D_FILE_OFFSET_BITS=64 -DCFITSIO_HAVE_CURL=1 -DHAVE_LIBZ=1 -DHAVE_FTRUNCATE=1 -DHAVE_LONGLONG=1 -DHAVE_SHMEM_SERVICES=1 -DHAVE_FMEMOPEN=1 -DHAVE_NET_SERVICES=1 -g -O2 -Dg77Fortran -MT libcfitsio_la-eval_f.lo -MD -MP -MF .deps/libcfitsio_la-eval_f.Tpo -c eval_f.c  -fPIC -DPIC -o .libs/libcfitsio_la-eval_f.o
libtool: compile:  /share/home/apps/gcc/11.3.0/bin/gcc -m64 -DPACKAGE_NAME=\"cfitsio\" -DPACKAGE_TARNAME=\"cfitsio\" -DPACKAGE_VERSION=\"4.6.2\" "-DPACKAGE_STRING=\"cfitsio 4.6.2\"" -DPACKAGE_BUGREPORT=\"\" -DPACKAGE_URL=\"\" -DPACKAGE=\"cfitsio\" -DVERSION=\"4.6.2\" -DHAVE_STDIO_H=1 -DHAVE_STDLIB_H=1 -DHAVE_STRING_H=1 -DHAVE_INTTYPES_H=1 -DHAVE_STDINT_H=1 -DHAVE_STRINGS_H=1 -DHAVE_SYS_STAT_H=1 -DHAVE_SYS_TYPES_H=1 -DHAVE_UNISTD_H=1 -DSTDC_HEADERS=1 -DHAVE_DLFCN_H=1 -DLT_OBJDIR=\".libs/\" -DHAVE_STDLIB_H=1 -DHAVE_STRING_H=1 -DHAVE_MATH_H=1 -DHAVE_LIMITS_H=1 -D_LARGEFILE_SOURCE=1 -D_FILE_OFFSET_BITS=64 -DCFITSIO_HAVE_CURL=1 -DHAVE_LIBZ=1 -DHAVE_FTRUNCATE=1 -DHAVE_LONGLONG=1 -DHAVE_SHMEM_SERVICES=1 -DHAVE_FMEMOPEN=1 -DHAVE_NET_SERVICES=1 -I. -DPACKAGE_NAME=\"cfitsio\" -DPACKAGE_TARNAME=\"cfitsio\" -DPACKAGE_VERSION=\"4.6.2\" "-DPACKAGE_STRING=\"cfitsio 4.6.2\"" -DPACKAGE_BUGREPORT=\"\" -DPACKAGE_URL=\"\" -DPACKAGE=\"cfitsio\" -DVERSION=\"4.6.2\" -DHAVE_STDIO_H=1 -DHAVE_STDLIB_H=1 -DHAVE_STRING_H=1 -DHAVE_INTTYPES_H=1 -DHAVE_STDINT_H=1 -DHAVE_STRINGS_H=1 -DHAVE_SYS_STAT_H=1 -DHAVE_SYS_TYPES_H=1 -DHAVE_UNISTD_H=1 -DSTDC_HEADERS=1 -DHAVE_DLFCN_H=1 -DLT_OBJDIR=\".libs/\" -DHAVE_STDLIB_H=1 -DHAVE_STRING_H=1 -DHAVE_MATH_H=1 -DHAVE_LIMITS_H=1 -D_LARGEFILE_SOURCE=1 -D_FILE_OFFSET_BITS=64 -DCFITSIO_HAVE_CURL=1 -DHAVE_LIBZ=1 -DHAVE_FTRUNCATE=1 -DHAVE_LONGLONG=1 -DHAVE_SHMEM_SERVICES=1 -DHAVE_FMEMOPEN=1 -DHAVE_NET_SERVICES=1 -g -O2 -Dg77Fortran -MT libcfitsio_la-getcolk.lo -MD -MP -MF .deps/libcfitsio_la-getcolk.Tpo -c getcolk.c  -fPIC -DPIC -o .libs/libcfitsio_la-getcolk.o
libtool: compile:  /share/home/apps/gcc/11.3.0/bin/gcc -m64 -DPACKAGE_NAME=\"cfitsio\" -DPACKAGE_TARNAME=\"cfitsio\" -DPACKAGE_VERSION=\"4.6.2\" "-DPACKAGE_STRING=\"cfitsio 4.6.2\"" -DPACKAGE_BUGREPORT=\"\" -DPACKAGE_URL=\"\" -DPACKAGE=\"cfitsio\" -DVERSION=\"4.6.2\" -DHAVE_STDIO_H=1 -DHAVE_STDLIB_H=1 -DHAVE_STRING_H=1 -DHAVE_INTTYPES_H=1 -DHAVE_STDINT_H=1 -DHAVE_STRINGS_H=1 -DHAVE_SYS_STAT_H=1 -DHAVE_SYS_TYPES_H=1 -DHAVE_UNISTD_H=1 -DSTDC_HEADERS=1 -DHAVE_DLFCN_H=1 -DLT_OBJDIR=\".libs/\" -DHAVE_STDLIB_H=1 -DHAVE_STRING_H=1 -DHAVE_MATH_H=1 -DHAVE_LIMITS_H=1 -D_LARGEFILE_SOURCE=1 -D_FILE_OFFSET_BITS=64 -DCFITSIO_HAVE_CURL=1 -DHAVE_LIBZ=1 -DHAVE_FTRUNCATE=1 -DHAVE_LONGLONG=1 -DHAVE_SHMEM_SERVICES=1 -DHAVE_FMEMOPEN=1 -DHAVE_NET_SERVICES=1 -I. -DPACKAGE_NAME=\"cfitsio\" -DPACKAGE_TARNAME=\"cfitsio\" -DPACKAGE_VERSION=\"4.6.2\" "-DPACKAGE_STRING=\"cfitsio 4.6.2\"" -DPACKAGE_BUGREPORT=\"\" -DPACKAGE_URL=\"\" -DPACKAGE=\"cfitsio\" -DVERSION=\"4.6.2\" -DHAVE_STDIO_H=1 -DHAVE_STDLIB_H=1 -DHAVE_STRING_H=1 -DHAVE_INTTYPES_H=1 -DHAVE_STDINT_H=1 -DHAVE_STRINGS_H=1 -DHAVE_SYS_STAT_H=1 -DHAVE_SYS_TYPES_H=1 -DHAVE_UNISTD_H=1 -DSTDC_HEADERS=1 -DHAVE_DLFCN_H=1 -DLT_OBJDIR=\".libs/\" -DHAVE_STDLIB_H=1 -DHAVE_STRING_H=1 -DHAVE_MATH_H=1 -DHAVE_LIMITS_H=1 -D_LARGEFILE_SOURCE=1 -D_FILE_OFFSET_BITS=64 -DCFITSIO_HAVE_CURL=1 -DHAVE_LIBZ=1 -DHAVE_FTRUNCATE=1 -DHAVE_LONGLONG=1 -DHAVE_SHMEM_SERVICES=1 -DHAVE_FMEMOPEN=1 -DHAVE_NET_SERVICES=1 -g -O2 -Dg77Fortran -MT libcfitsio_la-getcold.lo -MD -MP -MF .deps/libcfitsio_la-getcold.Tpo -c getcold.c  -fPIC -DPIC -o .libs/libcfitsio_la-getcold.o
libtool: compile:  /share/home/apps/gcc/11.3.0/bin/gcc -m64 -DPACKAGE_NAME=\"cfitsio\" -DPACKAGE_TARNAME=\"cfitsio\" -DPACKAGE_VERSION=\"4.6.2\" "-DPACKAGE_STRING=\"cfitsio 4.6.2\"" -DPACKAGE_BUGREPORT=\"\" -DPACKAGE_URL=\"\" -DPACKAGE=\"cfitsio\" -DVERSION=\"4.6.2\" -DHAVE_STDIO_H=1 -DHAVE_STDLIB_H=1 -DHAVE_STRING_H=1 -DHAVE_INTTYPES_H=1 -DHAVE_STDINT_H=1 -DHAVE_STRINGS_H=1 -DHAVE_SYS_STAT_H=1 -DHAVE_SYS_TYPES_H=1 -DHAVE_UNISTD_H=1 -DSTDC_HEADERS=1 -DHAVE_DLFCN_H=1 -DLT_OBJDIR=\".libs/\" -DHAVE_STDLIB_H=1 -DHAVE_STRING_H=1 -DHAVE_MATH_H=1 -DHAVE_LIMITS_H=1 -D_LARGEFILE_SOURCE=1 -D_FILE_OFFSET_BITS=64 -DCFITSIO_HAVE_CURL=1 -DHAVE_LIBZ=1 -DHAVE_FTRUNCATE=1 -DHAVE_LONGLONG=1 -DHAVE_SHMEM_SERVICES=1 -DHAVE_FMEMOPEN=1 -DHAVE_NET_SERVICES=1 -I. -DPACKAGE_NAME=\"cfitsio\" -DPACKAGE_TARNAME=\"cfitsio\" -DPACKAGE_VERSION=\"4.6.2\" "-DPACKAGE_STRING=\"cfitsio 4.6.2\"" -DPACKAGE_BUGREPORT=\"\" -DPACKAGE_URL=\"\" -DPACKAGE=\"cfitsio\" -DVERSION=\"4.6.2\" -DHAVE_STDIO_H=1 -DHAVE_STDLIB_H=1 -DHAVE_STRING_H=1 -DHAVE_INTTYPES_H=1 -DHAVE_STDINT_H=1 -DHAVE_STRINGS_H=1 -DHAVE_SYS_STAT_H=1 -DHAVE_SYS_TYPES_H=1 -DHAVE_UNISTD_H=1 -DSTDC_HEADERS=1 -DHAVE_DLFCN_H=1 -DLT_OBJDIR=\".libs/\" -DHAVE_STDLIB_H=1 -DHAVE_STRING_H=1 -DHAVE_MATH_H=1 -DHAVE_LIMITS_H=1 -D_LARGEFILE_SOURCE=1 -D_FILE_OFFSET_BITS=64 -DCFITSIO_HAVE_CURL=1 -DHAVE_LIBZ=1 -DHAVE_FTRUNCATE=1 -DHAVE_LONGLONG=1 -DHAVE_SHMEM_SERVICES=1 -DHAVE_FMEMOPEN=1 -DHAVE_NET_SERVICES=1 -g -O2 -Dg77Fortran -MT libcfitsio_la-getcoli.lo -MD -MP -MF .deps/libcfitsio_la-getcoli.Tpo -c getcoli.c  -fPIC -DPIC -o .libs/libcfitsio_la-getcoli.o
libtool: compile:  /share/home/apps/gcc/11.3.0/bin/gcc -m64 -DPACKAGE_NAME=\"cfitsio\" -DPACKAGE_TARNAME=\"cfitsio\" -DPACKAGE_VERSION=\"4.6.2\" "-DPACKAGE_STRING=\"cfitsio 4.6.2\"" -DPACKAGE_BUGREPORT=\"\" -DPACKAGE_URL=\"\" -DPACKAGE=\"cfitsio\" -DVERSION=\"4.6.2\" -DHAVE_STDIO_H=1 -DHAVE_STDLIB_H=1 -DHAVE_STRING_H=1 -DHAVE_INTTYPES_H=1 -DHAVE_STDINT_H=1 -DHAVE_STRINGS_H=1 -DHAVE_SYS_STAT_H=1 -DHAVE_SYS_TYPES_H=1 -DHAVE_UNISTD_H=1 -DSTDC_HEADERS=1 -DHAVE_DLFCN_H=1 -DLT_OBJDIR=\".libs/\" -DHAVE_STDLIB_H=1 -DHAVE_STRING_H=1 -DHAVE_MATH_H=1 -DHAVE_LIMITS_H=1 -D_LARGEFILE_SOURCE=1 -D_FILE_OFFSET_BITS=64 -DCFITSIO_HAVE_CURL=1 -DHAVE_LIBZ=1 -DHAVE_FTRUNCATE=1 -DHAVE_LONGLONG=1 -DHAVE_SHMEM_SERVICES=1 -DHAVE_FMEMOPEN=1 -DHAVE_NET_SERVICES=1 -I. -DPACKAGE_NAME=\"cfitsio\" -DPACKAGE_TARNAME=\"cfitsio\" -DPACKAGE_VERSION=\"4.6.2\" "-DPACKAGE_STRING=\"cfitsio 4.6.2\"" -DPACKAGE_BUGREPORT=\"\" -DPACKAGE_URL=\"\" -DPACKAGE=\"cfitsio\" -DVERSION=\"4.6.2\" -DHAVE_STDIO_H=1 -DHAVE_STDLIB_H=1 -DHAVE_STRING_H=1 -DHAVE_INTTYPES_H=1 -DHAVE_STDINT_H=1 -DHAVE_STRINGS_H=1 -DHAVE_SYS_STAT_H=1 -DHAVE_SYS_TYPES_H=1 -DHAVE_UNISTD_H=1 -DSTDC_HEADERS=1 -DHAVE_DLFCN_H=1 -DLT_OBJDIR=\".libs/\" -DHAVE_STDLIB_H=1 -DHAVE_STRING_H=1 -DHAVE_MATH_H=1 -DHAVE_LIMITS_H=1 -D_LARGEFILE_SOURCE=1 -D_FILE_OFFSET_BITS=64 -DCFITSIO_HAVE_CURL=1 -DHAVE_LIBZ=1 -DHAVE_FTRUNCATE=1 -DHAVE_LONGLONG=1 -DHAVE_SHMEM_SERVICES=1 -DHAVE_FMEMOPEN=1 -DHAVE_NET_SERVICES=1 -g -O2 -Dg77Fortran -MT libcfitsio_la-getcols.lo -MD -MP -MF .deps/libcfitsio_la-getcols.Tpo -c getcols.c  -fPIC -DPIC -o .libs/libcfitsio_la-getcols.o
libtool: compile:  /share/home/apps/gcc/11.3.0/bin/gcc -m64 -DPACKAGE_NAME=\"cfitsio\" -DPACKAGE_TARNAME=\"cfitsio\" -DPACKAGE_VERSION=\"4.6.2\" "-DPACKAGE_STRING=\"cfitsio 4.6.2\"" -DPACKAGE_BUGREPORT=\"\" -DPACKAGE_URL=\"\" -DPACKAGE=\"cfitsio\" -DVERSION=\"4.6.2\" -DHAVE_STDIO_H=1 -DHAVE_STDLIB_H=1 -DHAVE_STRING_H=1 -DHAVE_INTTYPES_H=1 -DHAVE_STDINT_H=1 -DHAVE_STRINGS_H=1 -DHAVE_SYS_STAT_H=1 -DHAVE_SYS_TYPES_H=1 -DHAVE_UNISTD_H=1 -DSTDC_HEADERS=1 -DHAVE_DLFCN_H=1 -DLT_OBJDIR=\".libs/\" -DHAVE_STDLIB_H=1 -DHAVE_STRING_H=1 -DHAVE_MATH_H=1 -DHAVE_LIMITS_H=1 -D_LARGEFILE_SOURCE=1 -D_FILE_OFFSET_BITS=64 -DCFITSIO_HAVE_CURL=1 -DHAVE_LIBZ=1 -DHAVE_FTRUNCATE=1 -DHAVE_LONGLONG=1 -DHAVE_SHMEM_SERVICES=1 -DHAVE_FMEMOPEN=1 -DHAVE_NET_SERVICES=1 -I. -DPACKAGE_NAME=\"cfitsio\" -DPACKAGE_TARNAME=\"cfitsio\" -DPACKAGE_VERSION=\"4.6.2\" "-DPACKAGE_STRING=\"cfitsio 4.6.2\"" -DPACKAGE_BUGREPORT=\"\" -DPACKAGE_URL=\"\" -DPACKAGE=\"cfitsio\" -DVERSION=\"4.6.2\" -DHAVE_STDIO_H=1 -DHAVE_STDLIB_H=1 -DHAVE_STRING_H=1 -DHAVE_INTTYPES_H=1 -DHAVE_STDINT_H=1 -DHAVE_STRINGS_H=1 -DHAVE_SYS_STAT_H=1 -DHAVE_SYS_TYPES_H=1 -DHAVE_UNISTD_H=1 -DSTDC_HEADERS=1 -DHAVE_DLFCN_H=1 -DLT_OBJDIR=\".libs/\" -DHAVE_STDLIB_H=1 -DHAVE_STRING_H=1 -DHAVE_MATH_H=1 -DHAVE_LIMITS_H=1 -D_LARGEFILE_SOURCE=1 -D_FILE_OFFSET_BITS=64 -DCFITSIO_HAVE_CURL=1 -DHAVE_LIBZ=1 -DHAVE_FTRUNCATE=1 -DHAVE_LONGLONG=1 -DHAVE_SHMEM_SERVICES=1 -DHAVE_FMEMOPEN=1 -DHAVE_NET_SERVICES=1 -g -O2 -Dg77Fortran -MT libcfitsio_la-getcolui.lo -MD -MP -MF .deps/libcfitsio_la-getcolui.Tpo -c getcolui.c  -fPIC -DPIC -o .libs/libcfitsio_la-getcolui.o
libtool: compile:  /share/home/apps/gcc/11.3.0/bin/gcc -m64 -DPACKAGE_NAME=\"cfitsio\" -DPACKAGE_TARNAME=\"cfitsio\" -DPACKAGE_VERSION=\"4.6.2\" "-DPACKAGE_STRING=\"cfitsio 4.6.2\"" -DPACKAGE_BUGREPORT=\"\" -DPACKAGE_URL=\"\" -DPACKAGE=\"cfitsio\" -DVERSION=\"4.6.2\" -DHAVE_STDIO_H=1 -DHAVE_STDLIB_H=1 -DHAVE_STRING_H=1 -DHAVE_INTTYPES_H=1 -DHAVE_STDINT_H=1 -DHAVE_STRINGS_H=1 -DHAVE_SYS_STAT_H=1 -DHAVE_SYS_TYPES_H=1 -DHAVE_UNISTD_H=1 -DSTDC_HEADERS=1 -DHAVE_DLFCN_H=1 -DLT_OBJDIR=\".libs/\" -DHAVE_STDLIB_H=1 -DHAVE_STRING_H=1 -DHAVE_MATH_H=1 -DHAVE_LIMITS_H=1 -D_LARGEFILE_SOURCE=1 -D_FILE_OFFSET_BITS=64 -DCFITSIO_HAVE_CURL=1 -DHAVE_LIBZ=1 -DHAVE_FTRUNCATE=1 -DHAVE_LONGLONG=1 -DHAVE_SHMEM_SERVICES=1 -DHAVE_FMEMOPEN=1 -DHAVE_NET_SERVICES=1 -I. -DPACKAGE_NAME=\"cfitsio\" -DPACKAGE_TARNAME=\"cfitsio\" -DPACKAGE_VERSION=\"4.6.2\" "-DPACKAGE_STRING=\"cfitsio 4.6.2\"" -DPACKAGE_BUGREPORT=\"\" -DPACKAGE_URL=\"\" -DPACKAGE=\"cfitsio\" -DVERSION=\"4.6.2\" -DHAVE_STDIO_H=1 -DHAVE_STDLIB_H=1 -DHAVE_STRING_H=1 -DHAVE_INTTYPES_H=1 -DHAVE_STDINT_H=1 -DHAVE_STRINGS_H=1 -DHAVE_SYS_STAT_H=1 -DHAVE_SYS_TYPES_H=1 -DHAVE_UNISTD_H=1 -DSTDC_HEADERS=1 -DHAVE_DLFCN_H=1 -DLT_OBJDIR=\".libs/\" -DHAVE_STDLIB_H=1 -DHAVE_STRING_H=1 -DHAVE_MATH_H=1 -DHAVE_LIMITS_H=1 -D_LARGEFILE_SOURCE=1 -D_FILE_OFFSET_BITS=64 -DCFITSIO_HAVE_CURL=1 -DHAVE_LIBZ=1 -DHAVE_FTRUNCATE=1 -DHAVE_LONGLONG=1 -DHAVE_SHMEM_SERVICES=1 -DHAVE_FMEMOPEN=1 -DHAVE_NET_SERVICES=1 -g -O2 -Dg77Fortran -MT libcfitsio_la-getcoluj.lo -MD -MP -MF .deps/libcfitsio_la-getcoluj.Tpo -c getcoluj.c  -fPIC -DPIC -o .libs/libcfitsio_la-getcoluj.o
libtool: compile:  /share/home/apps/gcc/11.3.0/bin/gcc -m64 -DPACKAGE_NAME=\"cfitsio\" -DPACKAGE_TARNAME=\"cfitsio\" -DPACKAGE_VERSION=\"4.6.2\" "-DPACKAGE_STRING=\"cfitsio 4.6.2\"" -DPACKAGE_BUGREPORT=\"\" -DPACKAGE_URL=\"\" -DPACKAGE=\"cfitsio\" -DVERSION=\"4.6.2\" -DHAVE_STDIO_H=1 -DHAVE_STDLIB_H=1 -DHAVE_STRING_H=1 -DHAVE_INTTYPES_H=1 -DHAVE_STDINT_H=1 -DHAVE_STRINGS_H=1 -DHAVE_SYS_STAT_H=1 -DHAVE_SYS_TYPES_H=1 -DHAVE_UNISTD_H=1 -DSTDC_HEADERS=1 -DHAVE_DLFCN_H=1 -DLT_OBJDIR=\".libs/\" -DHAVE_STDLIB_H=1 -DHAVE_STRING_H=1 -DHAVE_MATH_H=1 -DHAVE_LIMITS_H=1 -D_LARGEFILE_SOURCE=1 -D_FILE_OFFSET_BITS=64 -DCFITSIO_HAVE_CURL=1 -DHAVE_LIBZ=1 -DHAVE_FTRUNCATE=1 -DHAVE_LONGLONG=1 -DHAVE_SHMEM_SERVICES=1 -DHAVE_FMEMOPEN=1 -DHAVE_NET_SERVICES=1 -I. -DPACKAGE_NAME=\"cfitsio\" -DPACKAGE_TARNAME=\"cfitsio\" -DPACKAGE_VERSION=\"4.6.2\" "-DPACKAGE_STRING=\"cfitsio 4.6.2\"" -DPACKAGE_BUGREPORT=\"\" -DPACKAGE_URL=\"\" -DPACKAGE=\"cfitsio\" -DVERSION=\"4.6.2\" -DHAVE_STDIO_H=1 -DHAVE_STDLIB_H=1 -DHAVE_STRING_H=1 -DHAVE_INTTYPES_H=1 -DHAVE_STDINT_H=1 -DHAVE_STRINGS_H=1 -DHAVE_SYS_STAT_H=1 -DHAVE_SYS_TYPES_H=1 -DHAVE_UNISTD_H=1 -DSTDC_HEADERS=1 -DHAVE_DLFCN_H=1 -DLT_OBJDIR=\".libs/\" -DHAVE_STDLIB_H=1 -DHAVE_STRING_H=1 -DHAVE_MATH_H=1 -DHAVE_LIMITS_H=1 -D_LARGEFILE_SOURCE=1 -D_FILE_OFFSET_BITS=64 -DCFITSIO_HAVE_CURL=1 -DHAVE_LIBZ=1 -DHAVE_FTRUNCATE=1 -DHAVE_LONGLONG=1 -DHAVE_SHMEM_SERVICES=1 -DHAVE_FMEMOPEN=1 -DHAVE_NET_SERVICES=1 -g -O2 -Dg77Fortran -MT libcfitsio_la-putcoli.lo -MD -MP -MF .deps/libcfitsio_la-putcoli.Tpo -c putcoli.c  -fPIC -DPIC -o .libs/libcfitsio_la-putcoli.o
libtool: compile:  /share/home/apps/gcc/11.3.0/bin/gcc -m64 -DPACKAGE_NAME=\"cfitsio\" -DPACKAGE_TARNAME=\"cfitsio\" -DPACKAGE_VERSION=\"4.6.2\" "-DPACKAGE_STRING=\"cfitsio 4.6.2\"" -DPACKAGE_BUGREPORT=\"\" -DPACKAGE_URL=\"\" -DPACKAGE=\"cfitsio\" -DVERSION=\"4.6.2\" -DHAVE_STDIO_H=1 -DHAVE_STDLIB_H=1 -DHAVE_STRING_H=1 -DHAVE_INTTYPES_H=1 -DHAVE_STDINT_H=1 -DHAVE_STRINGS_H=1 -DHAVE_SYS_STAT_H=1 -DHAVE_SYS_TYPES_H=1 -DHAVE_UNISTD_H=1 -DSTDC_HEADERS=1 -DHAVE_DLFCN_H=1 -DLT_OBJDIR=\".libs/\" -DHAVE_STDLIB_H=1 -DHAVE_STRING_H=1 -DHAVE_MATH_H=1 -DHAVE_LIMITS_H=1 -D_LARGEFILE_SOURCE=1 -D_FILE_OFFSET_BITS=64 -DCFITSIO_HAVE_CURL=1 -DHAVE_LIBZ=1 -DHAVE_FTRUNCATE=1 -DHAVE_LONGLONG=1 -DHAVE_SHMEM_SERVICES=1 -DHAVE_FMEMOPEN=1 -DHAVE_NET_SERVICES=1 -I. -DPACKAGE_NAME=\"cfitsio\" -DPACKAGE_TARNAME=\"cfitsio\" -DPACKAGE_VERSION=\"4.6.2\" "-DPACKAGE_STRING=\"cfitsio 4.6.2\"" -DPACKAGE_BUGREPORT=\"\" -DPACKAGE_URL=\"\" -DPACKAGE=\"cfitsio\" -DVERSION=\"4.6.2\" -DHAVE_STDIO_H=1 -DHAVE_STDLIB_H=1 -DHAVE_STRING_H=1 -DHAVE_INTTYPES_H=1 -DHAVE_STDINT_H=1 -DHAVE_STRINGS_H=1 -DHAVE_SYS_STAT_H=1 -DHAVE_SYS_TYPES_H=1 -DHAVE_UNISTD_H=1 -DSTDC_HEADERS=1 -DHAVE_DLFCN_H=1 -DLT_OBJDIR=\".libs/\" -DHAVE_STDLIB_H=1 -DHAVE_STRING_H=1 -DHAVE_MATH_H=1 -DHAVE_LIMITS_H=1 -D_LARGEFILE_SOURCE=1 -D_FILE_OFFSET_BITS=64 -DCFITSIO_HAVE_CURL=1 -DHAVE_LIBZ=1 -DHAVE_FTRUNCATE=1 -DHAVE_LONGLONG=1 -DHAVE_SHMEM_SERVICES=1 -DHAVE_FMEMOPEN=1 -DHAVE_NET_SERVICES=1 -g -O2 -Dg77Fortran -MT libcfitsio_la-drvrnet.lo -MD -MP -MF .deps/libcfitsio_la-drvrnet.Tpo -c drvrnet.c  -fPIC -DPIC -o .libs/libcfitsio_la-drvrnet.o
libtool: compile:  /share/home/apps/gcc/11.3.0/bin/gcc -m64 -DPACKAGE_NAME=\"cfitsio\" -DPACKAGE_TARNAME=\"cfitsio\" -DPACKAGE_VERSION=\"4.6.2\" "-DPACKAGE_STRING=\"cfitsio 4.6.2\"" -DPACKAGE_BUGREPORT=\"\" -DPACKAGE_URL=\"\" -DPACKAGE=\"cfitsio\" -DVERSION=\"4.6.2\" -DHAVE_STDIO_H=1 -DHAVE_STDLIB_H=1 -DHAVE_STRING_H=1 -DHAVE_INTTYPES_H=1 -DHAVE_STDINT_H=1 -DHAVE_STRINGS_H=1 -DHAVE_SYS_STAT_H=1 -DHAVE_SYS_TYPES_H=1 -DHAVE_UNISTD_H=1 -DSTDC_HEADERS=1 -DHAVE_DLFCN_H=1 -DLT_OBJDIR=\".libs/\" -DHAVE_STDLIB_H=1 -DHAVE_STRING_H=1 -DHAVE_MATH_H=1 -DHAVE_LIMITS_H=1 -D_LARGEFILE_SOURCE=1 -D_FILE_OFFSET_BITS=64 -DCFITSIO_HAVE_CURL=1 -DHAVE_LIBZ=1 -DHAVE_FTRUNCATE=1 -DHAVE_LONGLONG=1 -DHAVE_SHMEM_SERVICES=1 -DHAVE_FMEMOPEN=1 -DHAVE_NET_SERVICES=1 -I. -DPACKAGE_NAME=\"cfitsio\" -DPACKAGE_TARNAME=\"cfitsio\" -DPACKAGE_VERSION=\"4.6.2\" "-DPACKAGE_STRING=\"cfitsio 4.6.2\"" -DPACKAGE_BUGREPORT=\"\" -DPACKAGE_URL=\"\" -DPACKAGE=\"cfitsio\" -DVERSION=\"4.6.2\" -DHAVE_STDIO_H=1 -DHAVE_STDLIB_H=1 -DHAVE_STRING_H=1 -DHAVE_INTTYPES_H=1 -DHAVE_STDINT_H=1 -DHAVE_STRINGS_H=1 -DHAVE_SYS_STAT_H=1 -DHAVE_SYS_TYPES_H=1 -DHAVE_UNISTD_H=1 -DSTDC_HEADERS=1 -DHAVE_DLFCN_H=1 -DLT_OBJDIR=\".libs/\" -DHAVE_STDLIB_H=1 -DHAVE_STRING_H=1 -DHAVE_MATH_H=1 -DHAVE_LIMITS_H=1 -D_LARGEFILE_SOURCE=1 -D_FILE_OFFSET_BITS=64 -DCFITSIO_HAVE_CURL=1 -DHAVE_LIBZ=1 -DHAVE_FTRUNCATE=1 -DHAVE_LONGLONG=1 -DHAVE_SHMEM_SERVICES=1 -DHAVE_FMEMOPEN=1 -DHAVE_NET_SERVICES=1 -g -O2 -Dg77Fortran -MT libcfitsio_la-getcolb.lo -MD -MP -MF .deps/libcfitsio_la-getcolb.Tpo -c getcolb.c  -fPIC -DPIC -o .libs/libcfitsio_la-getcolb.o
libtool: compile:  /share/home/apps/gcc/11.3.0/bin/gcc -m64 -DPACKAGE_NAME=\"cfitsio\" -DPACKAGE_TARNAME=\"cfitsio\" -DPACKAGE_VERSION=\"4.6.2\" "-DPACKAGE_STRING=\"cfitsio 4.6.2\"" -DPACKAGE_BUGREPORT=\"\" -DPACKAGE_URL=\"\" -DPACKAGE=\"cfitsio\" -DVERSION=\"4.6.2\" -DHAVE_STDIO_H=1 -DHAVE_STDLIB_H=1 -DHAVE_STRING_H=1 -DHAVE_INTTYPES_H=1 -DHAVE_STDINT_H=1 -DHAVE_STRINGS_H=1 -DHAVE_SYS_STAT_H=1 -DHAVE_SYS_TYPES_H=1 -DHAVE_UNISTD_H=1 -DSTDC_HEADERS=1 -DHAVE_DLFCN_H=1 -DLT_OBJDIR=\".libs/\" -DHAVE_STDLIB_H=1 -DHAVE_STRING_H=1 -DHAVE_MATH_H=1 -DHAVE_LIMITS_H=1 -D_LARGEFILE_SOURCE=1 -D_FILE_OFFSET_BITS=64 -DCFITSIO_HAVE_CURL=1 -DHAVE_LIBZ=1 -DHAVE_FTRUNCATE=1 -DHAVE_LONGLONG=1 -DHAVE_SHMEM_SERVICES=1 -DHAVE_FMEMOPEN=1 -DHAVE_NET_SERVICES=1 -I. -DPACKAGE_NAME=\"cfitsio\" -DPACKAGE_TARNAME=\"cfitsio\" -DPACKAGE_VERSION=\"4.6.2\" "-DPACKAGE_STRING=\"cfitsio 4.6.2\"" -DPACKAGE_BUGREPORT=\"\" -DPACKAGE_URL=\"\" -DPACKAGE=\"cfitsio\" -DVERSION=\"4.6.2\" -DHAVE_STDIO_H=1 -DHAVE_STDLIB_H=1 -DHAVE_STRING_H=1 -DHAVE_INTTYPES_H=1 -DHAVE_STDINT_H=1 -DHAVE_STRINGS_H=1 -DHAVE_SYS_STAT_H=1 -DHAVE_SYS_TYPES_H=1 -DHAVE_UNISTD_H=1 -DSTDC_HEADERS=1 -DHAVE_DLFCN_H=1 -DLT_OBJDIR=\".libs/\" -DHAVE_STDLIB_H=1 -DHAVE_STRING_H=1 -DHAVE_MATH_H=1 -DHAVE_LIMITS_H=1 -D_LARGEFILE_SOURCE=1 -D_FILE_OFFSET_BITS=64 -DCFITSIO_HAVE_CURL=1 -DHAVE_LIBZ=1 -DHAVE_FTRUNCATE=1 -DHAVE_LONGLONG=1 -DHAVE_SHMEM_SERVICES=1 -DHAVE_FMEMOPEN=1 -DHAVE_NET_SERVICES=1 -g -O2 -Dg77Fortran -MT libcfitsio_la-putcolb.lo -MD -MP -MF .deps/libcfitsio_la-putcolb.Tpo -c putcolb.c  -fPIC -DPIC -o .libs/libcfitsio_la-putcolb.o
libtool: compile:  /share/home/apps/gcc/11.3.0/bin/gcc -m64 -DPACKAGE_NAME=\"cfitsio\" -DPACKAGE_TARNAME=\"cfitsio\" -DPACKAGE_VERSION=\"4.6.2\" "-DPACKAGE_STRING=\"cfitsio 4.6.2\"" -DPACKAGE_BUGREPORT=\"\" -DPACKAGE_URL=\"\" -DPACKAGE=\"cfitsio\" -DVERSION=\"4.6.2\" -DHAVE_STDIO_H=1 -DHAVE_STDLIB_H=1 -DHAVE_STRING_H=1 -DHAVE_INTTYPES_H=1 -DHAVE_STDINT_H=1 -DHAVE_STRINGS_H=1 -DHAVE_SYS_STAT_H=1 -DHAVE_SYS_TYPES_H=1 -DHAVE_UNISTD_H=1 -DSTDC_HEADERS=1 -DHAVE_DLFCN_H=1 -DLT_OBJDIR=\".libs/\" -DHAVE_STDLIB_H=1 -DHAVE_STRING_H=1 -DHAVE_MATH_H=1 -DHAVE_LIMITS_H=1 -D_LARGEFILE_SOURCE=1 -D_FILE_OFFSET_BITS=64 -DCFITSIO_HAVE_CURL=1 -DHAVE_LIBZ=1 -DHAVE_FTRUNCATE=1 -DHAVE_LONGLONG=1 -DHAVE_SHMEM_SERVICES=1 -DHAVE_FMEMOPEN=1 -DHAVE_NET_SERVICES=1 -I. -DPACKAGE_NAME=\"cfitsio\" -DPACKAGE_TARNAME=\"cfitsio\" -DPACKAGE_VERSION=\"4.6.2\" "-DPACKAGE_STRING=\"cfitsio 4.6.2\"" -DPACKAGE_BUGREPORT=\"\" -DPACKAGE_URL=\"\" -DPACKAGE=\"cfitsio\" -DVERSION=\"4.6.2\" -DHAVE_STDIO_H=1 -DHAVE_STDLIB_H=1 -DHAVE_STRING_H=1 -DHAVE_INTTYPES_H=1 -DHAVE_STDINT_H=1 -DHAVE_STRINGS_H=1 -DHAVE_SYS_STAT_H=1 -DHAVE_SYS_TYPES_H=1 -DHAVE_UNISTD_H=1 -DSTDC_HEADERS=1 -DHAVE_DLFCN_H=1 -DLT_OBJDIR=\".libs/\" -DHAVE_STDLIB_H=1 -DHAVE_STRING_H=1 -DHAVE_MATH_H=1 -DHAVE_LIMITS_H=1 -D_LARGEFILE_SOURCE=1 -D_FILE_OFFSET_BITS=64 -DCFITSIO_HAVE_CURL=1 -DHAVE_LIBZ=1 -DHAVE_FTRUNCATE=1 -DHAVE_LONGLONG=1 -DHAVE_SHMEM_SERVICES=1 -DHAVE_FMEMOPEN=1 -DHAVE_NET_SERVICES=1 -g -O2 -Dg77Fortran -MT libcfitsio_la-eval_l.lo -MD -MP -MF .deps/libcfitsio_la-eval_l.Tpo -c eval_l.c  -fPIC -DPIC -o .libs/libcfitsio_la-eval_l.o
libtool: compile:  /share/home/apps/gcc/11.3.0/bin/gcc -m64 -DPACKAGE_NAME=\"cfitsio\" -DPACKAGE_TARNAME=\"cfitsio\" -DPACKAGE_VERSION=\"4.6.2\" "-DPACKAGE_STRING=\"cfitsio 4.6.2\"" -DPACKAGE_BUGREPORT=\"\" -DPACKAGE_URL=\"\" -DPACKAGE=\"cfitsio\" -DVERSION=\"4.6.2\" -DHAVE_STDIO_H=1 -DHAVE_STDLIB_H=1 -DHAVE_STRING_H=1 -DHAVE_INTTYPES_H=1 -DHAVE_STDINT_H=1 -DHAVE_STRINGS_H=1 -DHAVE_SYS_STAT_H=1 -DHAVE_SYS_TYPES_H=1 -DHAVE_UNISTD_H=1 -DSTDC_HEADERS=1 -DHAVE_DLFCN_H=1 -DLT_OBJDIR=\".libs/\" -DHAVE_STDLIB_H=1 -DHAVE_STRING_H=1 -DHAVE_MATH_H=1 -DHAVE_LIMITS_H=1 -D_LARGEFILE_SOURCE=1 -D_FILE_OFFSET_BITS=64 -DCFITSIO_HAVE_CURL=1 -DHAVE_LIBZ=1 -DHAVE_FTRUNCATE=1 -DHAVE_LONGLONG=1 -DHAVE_SHMEM_SERVICES=1 -DHAVE_FMEMOPEN=1 -DHAVE_NET_SERVICES=1 -I. -DPACKAGE_NAME=\"cfitsio\" -DPACKAGE_TARNAME=\"cfitsio\" -DPACKAGE_VERSION=\"4.6.2\" "-DPACKAGE_STRING=\"cfitsio 4.6.2\"" -DPACKAGE_BUGREPORT=\"\" -DPACKAGE_URL=\"\" -DPACKAGE=\"cfitsio\" -DVERSION=\"4.6.2\" -DHAVE_STDIO_H=1 -DHAVE_STDLIB_H=1 -DHAVE_STRING_H=1 -DHAVE_INTTYPES_H=1 -DHAVE_STDINT_H=1 -DHAVE_STRINGS_H=1 -DHAVE_SYS_STAT_H=1 -DHAVE_SYS_TYPES_H=1 -DHAVE_UNISTD_H=1 -DSTDC_HEADERS=1 -DHAVE_DLFCN_H=1 -DLT_OBJDIR=\".libs/\" -DHAVE_STDLIB_H=1 -DHAVE_STRING_H=1 -DHAVE_MATH_H=1 -DHAVE_LIMITS_H=1 -D_LARGEFILE_SOURCE=1 -D_FILE_OFFSET_BITS=64 -DCFITSIO_HAVE_CURL=1 -DHAVE_LIBZ=1 -DHAVE_FTRUNCATE=1 -DHAVE_LONGLONG=1 -DHAVE_SHMEM_SERVICES=1 -DHAVE_FMEMOPEN=1 -DHAVE_NET_SERVICES=1 -g -O2 -Dg77Fortran -MT libcfitsio_la-getcole.lo -MD -MP -MF .deps/libcfitsio_la-getcole.Tpo -c getcole.c  -fPIC -DPIC -o .libs/libcfitsio_la-getcole.o
libtool: compile:  /share/home/apps/gcc/11.3.0/bin/gcc -m64 -DPACKAGE_NAME=\"cfitsio\" -DPACKAGE_TARNAME=\"cfitsio\" -DPACKAGE_VERSION=\"4.6.2\" "-DPACKAGE_STRING=\"cfitsio 4.6.2\"" -DPACKAGE_BUGREPORT=\"\" -DPACKAGE_URL=\"\" -DPACKAGE=\"cfitsio\" -DVERSION=\"4.6.2\" -DHAVE_STDIO_H=1 -DHAVE_STDLIB_H=1 -DHAVE_STRING_H=1 -DHAVE_INTTYPES_H=1 -DHAVE_STDINT_H=1 -DHAVE_STRINGS_H=1 -DHAVE_SYS_STAT_H=1 -DHAVE_SYS_TYPES_H=1 -DHAVE_UNISTD_H=1 -DSTDC_HEADERS=1 -DHAVE_DLFCN_H=1 -DLT_OBJDIR=\".libs/\" -DHAVE_STDLIB_H=1 -DHAVE_STRING_H=1 -DHAVE_MATH_H=1 -DHAVE_LIMITS_H=1 -D_LARGEFILE_SOURCE=1 -D_FILE_OFFSET_BITS=64 -DCFITSIO_HAVE_CURL=1 -DHAVE_LIBZ=1 -DHAVE_FTRUNCATE=1 -DHAVE_LONGLONG=1 -DHAVE_SHMEM_SERVICES=1 -DHAVE_FMEMOPEN=1 -DHAVE_NET_SERVICES=1 -I. -DPACKAGE_NAME=\"cfitsio\" -DPACKAGE_TARNAME=\"cfitsio\" -DPACKAGE_VERSION=\"4.6.2\" "-DPACKAGE_STRING=\"cfitsio 4.6.2\"" -DPACKAGE_BUGREPORT=\"\" -DPACKAGE_URL=\"\" -DPACKAGE=\"cfitsio\" -DVERSION=\"4.6.2\" -DHAVE_STDIO_H=1 -DHAVE_STDLIB_H=1 -DHAVE_STRING_H=1 -DHAVE_INTTYPES_H=1 -DHAVE_STDINT_H=1 -DHAVE_STRINGS_H=1 -DHAVE_SYS_STAT_H=1 -DHAVE_SYS_TYPES_H=1 -DHAVE_UNISTD_H=1 -DSTDC_HEADERS=1 -DHAVE_DLFCN_H=1 -DLT_OBJDIR=\".libs/\" -DHAVE_STDLIB_H=1 -DHAVE_STRING_H=1 -DHAVE_MATH_H=1 -DHAVE_LIMITS_H=1 -D_LARGEFILE_SOURCE=1 -D_FILE_OFFSET_BITS=64 -DCFITSIO_HAVE_CURL=1 -DHAVE_LIBZ=1 -DHAVE_FTRUNCATE=1 -DHAVE_LONGLONG=1 -DHAVE_SHMEM_SERVICES=1 -DHAVE_FMEMOPEN=1 -DHAVE_NET_SERVICES=1 -g -O2 -Dg77Fortran -MT libcfitsio_la-getcol.lo -MD -MP -MF .deps/libcfitsio_la-getcol.Tpo -c getcol.c  -fPIC -DPIC -o .libs/libcfitsio_la-getcol.o
libtool: compile:  /share/home/apps/gcc/11.3.0/bin/gcc -m64 -DPACKAGE_NAME=\"cfitsio\" -DPACKAGE_TARNAME=\"cfitsio\" -DPACKAGE_VERSION=\"4.6.2\" "-DPACKAGE_STRING=\"cfitsio 4.6.2\"" -DPACKAGE_BUGREPORT=\"\" -DPACKAGE_URL=\"\" -DPACKAGE=\"cfitsio\" -DVERSION=\"4.6.2\" -DHAVE_STDIO_H=1 -DHAVE_STDLIB_H=1 -DHAVE_STRING_H=1 -DHAVE_INTTYPES_H=1 -DHAVE_STDINT_H=1 -DHAVE_STRINGS_H=1 -DHAVE_SYS_STAT_H=1 -DHAVE_SYS_TYPES_H=1 -DHAVE_UNISTD_H=1 -DSTDC_HEADERS=1 -DHAVE_DLFCN_H=1 -DLT_OBJDIR=\".libs/\" -DHAVE_STDLIB_H=1 -DHAVE_STRING_H=1 -DHAVE_MATH_H=1 -DHAVE_LIMITS_H=1 -D_LARGEFILE_SOURCE=1 -D_FILE_OFFSET_BITS=64 -DCFITSIO_HAVE_CURL=1 -DHAVE_LIBZ=1 -DHAVE_FTRUNCATE=1 -DHAVE_LONGLONG=1 -DHAVE_SHMEM_SERVICES=1 -DHAVE_FMEMOPEN=1 -DHAVE_NET_SERVICES=1 -I. -DPACKAGE_NAME=\"cfitsio\" -DPACKAGE_TARNAME=\"cfitsio\" -DPACKAGE_VERSION=\"4.6.2\" "-DPACKAGE_STRING=\"cfitsio 4.6.2\"" -DPACKAGE_BUGREPORT=\"\" -DPACKAGE_URL=\"\" -DPACKAGE=\"cfitsio\" -DVERSION=\"4.6.2\" -DHAVE_STDIO_H=1 -DHAVE_STDLIB_H=1 -DHAVE_STRING_H=1 -DHAVE_INTTYPES_H=1 -DHAVE_STDINT_H=1 -DHAVE_STRINGS_H=1 -DHAVE_SYS_STAT_H=1 -DHAVE_SYS_TYPES_H=1 -DHAVE_UNISTD_H=1 -DSTDC_HEADERS=1 -DHAVE_DLFCN_H=1 -DLT_OBJDIR=\".libs/\" -DHAVE_STDLIB_H=1 -DHAVE_STRING_H=1 -DHAVE_MATH_H=1 -DHAVE_LIMITS_H=1 -D_LARGEFILE_SOURCE=1 -D_FILE_OFFSET_BITS=64 -DCFITSIO_HAVE_CURL=1 -DHAVE_LIBZ=1 -DHAVE_FTRUNCATE=1 -DHAVE_LONGLONG=1 -DHAVE_SHMEM_SERVICES=1 -DHAVE_FMEMOPEN=1 -DHAVE_NET_SERVICES=1 -g -O2 -Dg77Fortran -MT libcfitsio_la-drvrmem.lo -MD -MP -MF .deps/libcfitsio_la-drvrmem.Tpo -c drvrmem.c  -fPIC -DPIC -o .libs/libcfitsio_la-drvrmem.o
libtool: compile:  /share/home/apps/gcc/11.3.0/bin/gcc -m64 -DPACKAGE_NAME=\"cfitsio\" -DPACKAGE_TARNAME=\"cfitsio\" -DPACKAGE_VERSION=\"4.6.2\" "-DPACKAGE_STRING=\"cfitsio 4.6.2\"" -DPACKAGE_BUGREPORT=\"\" -DPACKAGE_URL=\"\" -DPACKAGE=\"cfitsio\" -DVERSION=\"4.6.2\" -DHAVE_STDIO_H=1 -DHAVE_STDLIB_H=1 -DHAVE_STRING_H=1 -DHAVE_INTTYPES_H=1 -DHAVE_STDINT_H=1 -DHAVE_STRINGS_H=1 -DHAVE_SYS_STAT_H=1 -DHAVE_SYS_TYPES_H=1 -DHAVE_UNISTD_H=1 -DSTDC_HEADERS=1 -DHAVE_DLFCN_H=1 -DLT_OBJDIR=\".libs/\" -DHAVE_STDLIB_H=1 -DHAVE_STRING_H=1 -DHAVE_MATH_H=1 -DHAVE_LIMITS_H=1 -D_LARGEFILE_SOURCE=1 -D_FILE_OFFSET_BITS=64 -DCFITSIO_HAVE_CURL=1 -DHAVE_LIBZ=1 -DHAVE_FTRUNCATE=1 -DHAVE_LONGLONG=1 -DHAVE_SHMEM_SERVICES=1 -DHAVE_FMEMOPEN=1 -DHAVE_NET_SERVICES=1 -I. -DPACKAGE_NAME=\"cfitsio\" -DPACKAGE_TARNAME=\"cfitsio\" -DPACKAGE_VERSION=\"4.6.2\" "-DPACKAGE_STRING=\"cfitsio 4.6.2\"" -DPACKAGE_BUGREPORT=\"\" -DPACKAGE_URL=\"\" -DPACKAGE=\"cfitsio\" -DVERSION=\"4.6.2\" -DHAVE_STDIO_H=1 -DHAVE_STDLIB_H=1 -DHAVE_STRING_H=1 -DHAVE_INTTYPES_H=1 -DHAVE_STDINT_H=1 -DHAVE_STRINGS_H=1 -DHAVE_SYS_STAT_H=1 -DHAVE_SYS_TYPES_H=1 -DHAVE_UNISTD_H=1 -DSTDC_HEADERS=1 -DHAVE_DLFCN_H=1 -DLT_OBJDIR=\".libs/\" -DHAVE_STDLIB_H=1 -DHAVE_STRING_H=1 -DHAVE_MATH_H=1 -DHAVE_LIMITS_H=1 -D_LARGEFILE_SOURCE=1 -D_FILE_OFFSET_BITS=64 -DCFITSIO_HAVE_CURL=1 -DHAVE_LIBZ=1 -DHAVE_FTRUNCATE=1 -DHAVE_LONGLONG=1 -DHAVE_SHMEM_SERVICES=1 -DHAVE_FMEMOPEN=1 -DHAVE_NET_SERVICES=1 -g -O2 -Dg77Fortran -MT libcfitsio_la-getkey.lo -MD -MP -MF .deps/libcfitsio_la-getkey.Tpo -c getkey.c  -fPIC -DPIC -o .libs/libcfitsio_la-getkey.o
libtool: compile:  /share/home/apps/gcc/11.3.0/bin/gcc -m64 -DPACKAGE_NAME=\"cfitsio\" -DPACKAGE_TARNAME=\"cfitsio\" -DPACKAGE_VERSION=\"4.6.2\" "-DPACKAGE_STRING=\"cfitsio 4.6.2\"" -DPACKAGE_BUGREPORT=\"\" -DPACKAGE_URL=\"\" -DPACKAGE=\"cfitsio\" -DVERSION=\"4.6.2\" -DHAVE_STDIO_H=1 -DHAVE_STDLIB_H=1 -DHAVE_STRING_H=1 -DHAVE_INTTYPES_H=1 -DHAVE_STDINT_H=1 -DHAVE_STRINGS_H=1 -DHAVE_SYS_STAT_H=1 -DHAVE_SYS_TYPES_H=1 -DHAVE_UNISTD_H=1 -DSTDC_HEADERS=1 -DHAVE_DLFCN_H=1 -DLT_OBJDIR=\".libs/\" -DHAVE_STDLIB_H=1 -DHAVE_STRING_H=1 -DHAVE_MATH_H=1 -DHAVE_LIMITS_H=1 -D_LARGEFILE_SOURCE=1 -D_FILE_OFFSET_BITS=64 -DCFITSIO_HAVE_CURL=1 -DHAVE_LIBZ=1 -DHAVE_FTRUNCATE=1 -DHAVE_LONGLONG=1 -DHAVE_SHMEM_SERVICES=1 -DHAVE_FMEMOPEN=1 -DHAVE_NET_SERVICES=1 -I. -DPACKAGE_NAME=\"cfitsio\" -DPACKAGE_TARNAME=\"cfitsio\" -DPACKAGE_VERSION=\"4.6.2\" "-DPACKAGE_STRING=\"cfitsio 4.6.2\"" -DPACKAGE_BUGREPORT=\"\" -DPACKAGE_URL=\"\" -DPACKAGE=\"cfitsio\" -DVERSION=\"4.6.2\" -DHAVE_STDIO_H=1 -DHAVE_STDLIB_H=1 -DHAVE_STRING_H=1 -DHAVE_INTTYPES_H=1 -DHAVE_STDINT_H=1 -DHAVE_STRINGS_H=1 -DHAVE_SYS_STAT_H=1 -DHAVE_SYS_TYPES_H=1 -DHAVE_UNISTD_H=1 -DSTDC_HEADERS=1 -DHAVE_DLFCN_H=1 -DLT_OBJDIR=\".libs/\" -DHAVE_STDLIB_H=1 -DHAVE_STRING_H=1 -DHAVE_MATH_H=1 -DHAVE_LIMITS_H=1 -D_LARGEFILE_SOURCE=1 -D_FILE_OFFSET_BITS=64 -DCFITSIO_HAVE_CURL=1 -DHAVE_LIBZ=1 -DHAVE_FTRUNCATE=1 -DHAVE_LONGLONG=1 -DHAVE_SHMEM_SERVICES=1 -DHAVE_FMEMOPEN=1 -DHAVE_NET_SERVICES=1 -g -O2 -Dg77Fortran -MT libcfitsio_la-modkey.lo -MD -MP -MF .deps/libcfitsio_la-modkey.Tpo -c modkey.c  -fPIC -DPIC -o .libs/libcfitsio_la-modkey.o
libtool: compile:  /share/home/apps/gcc/11.3.0/bin/gcc -m64 -DPACKAGE_NAME=\"cfitsio\" -DPACKAGE_TARNAME=\"cfitsio\" -DPACKAGE_VERSION=\"4.6.2\" "-DPACKAGE_STRING=\"cfitsio 4.6.2\"" -DPACKAGE_BUGREPORT=\"\" -DPACKAGE_URL=\"\" -DPACKAGE=\"cfitsio\" -DVERSION=\"4.6.2\" -DHAVE_STDIO_H=1 -DHAVE_STDLIB_H=1 -DHAVE_STRING_H=1 -DHAVE_INTTYPES_H=1 -DHAVE_STDINT_H=1 -DHAVE_STRINGS_H=1 -DHAVE_SYS_STAT_H=1 -DHAVE_SYS_TYPES_H=1 -DHAVE_UNISTD_H=1 -DSTDC_HEADERS=1 -DHAVE_DLFCN_H=1 -DLT_OBJDIR=\".libs/\" -DHAVE_STDLIB_H=1 -DHAVE_STRING_H=1 -DHAVE_MATH_H=1 -DHAVE_LIMITS_H=1 -D_LARGEFILE_SOURCE=1 -D_FILE_OFFSET_BITS=64 -DCFITSIO_HAVE_CURL=1 -DHAVE_LIBZ=1 -DHAVE_FTRUNCATE=1 -DHAVE_LONGLONG=1 -DHAVE_SHMEM_SERVICES=1 -DHAVE_FMEMOPEN=1 -DHAVE_NET_SERVICES=1 -I. -DPACKAGE_NAME=\"cfitsio\" -DPACKAGE_TARNAME=\"cfitsio\" -DPACKAGE_VERSION=\"4.6.2\" "-DPACKAGE_STRING=\"cfitsio 4.6.2\"" -DPACKAGE_BUGREPORT=\"\" -DPACKAGE_URL=\"\" -DPACKAGE=\"cfitsio\" -DVERSION=\"4.6.2\" -DHAVE_STDIO_H=1 -DHAVE_STDLIB_H=1 -DHAVE_STRING_H=1 -DHAVE_INTTYPES_H=1 -DHAVE_STDINT_H=1 -DHAVE_STRINGS_H=1 -DHAVE_SYS_STAT_H=1 -DHAVE_SYS_TYPES_H=1 -DHAVE_UNISTD_H=1 -DSTDC_HEADERS=1 -DHAVE_DLFCN_H=1 -DLT_OBJDIR=\".libs/\" -DHAVE_STDLIB_H=1 -DHAVE_STRING_H=1 -DHAVE_MATH_H=1 -DHAVE_LIMITS_H=1 -D_LARGEFILE_SOURCE=1 -D_FILE_OFFSET_BITS=64 -DCFITSIO_HAVE_CURL=1 -DHAVE_LIBZ=1 -DHAVE_FTRUNCATE=1 -DHAVE_LONGLONG=1 -DHAVE_SHMEM_SERVICES=1 -DHAVE_FMEMOPEN=1 -DHAVE_NET_SERVICES=1 -g -O2 -Dg77Fortran -MT libcfitsio_la-fitscore.lo -MD -MP -MF .deps/libcfitsio_la-fitscore.Tpo -c fitscore.c  -fPIC -DPIC -o .libs/libcfitsio_la-fitscore.o
libtool: compile:  /share/home/apps/gcc/11.3.0/bin/gcc -m64 -DPACKAGE_NAME=\"cfitsio\" -DPACKAGE_TARNAME=\"cfitsio\" -DPACKAGE_VERSION=\"4.6.2\" "-DPACKAGE_STRING=\"cfitsio 4.6.2\"" -DPACKAGE_BUGREPORT=\"\" -DPACKAGE_URL=\"\" -DPACKAGE=\"cfitsio\" -DVERSION=\"4.6.2\" -DHAVE_STDIO_H=1 -DHAVE_STDLIB_H=1 -DHAVE_STRING_H=1 -DHAVE_INTTYPES_H=1 -DHAVE_STDINT_H=1 -DHAVE_STRINGS_H=1 -DHAVE_SYS_STAT_H=1 -DHAVE_SYS_TYPES_H=1 -DHAVE_UNISTD_H=1 -DSTDC_HEADERS=1 -DHAVE_DLFCN_H=1 -DLT_OBJDIR=\".libs/\" -DHAVE_STDLIB_H=1 -DHAVE_STRING_H=1 -DHAVE_MATH_H=1 -DHAVE_LIMITS_H=1 -D_LARGEFILE_SOURCE=1 -D_FILE_OFFSET_BITS=64 -DCFITSIO_HAVE_CURL=1 -DHAVE_LIBZ=1 -DHAVE_FTRUNCATE=1 -DHAVE_LONGLONG=1 -DHAVE_SHMEM_SERVICES=1 -DHAVE_FMEMOPEN=1 -DHAVE_NET_SERVICES=1 -I. -DPACKAGE_NAME=\"cfitsio\" -DPACKAGE_TARNAME=\"cfitsio\" -DPACKAGE_VERSION=\"4.6.2\" "-DPACKAGE_STRING=\"cfitsio 4.6.2\"" -DPACKAGE_BUGREPORT=\"\" -DPACKAGE_URL=\"\" -DPACKAGE=\"cfitsio\" -DVERSION=\"4.6.2\" -DHAVE_STDIO_H=1 -DHAVE_STDLIB_H=1 -DHAVE_STRING_H=1 -DHAVE_INTTYPES_H=1 -DHAVE_STDINT_H=1 -DHAVE_STRINGS_H=1 -DHAVE_SYS_STAT_H=1 -DHAVE_SYS_TYPES_H=1 -DHAVE_UNISTD_H=1 -DSTDC_HEADERS=1 -DHAVE_DLFCN_H=1 -DLT_OBJDIR=\".libs/\" -DHAVE_STDLIB_H=1 -DHAVE_STRING_H=1 -DHAVE_MATH_H=1 -DHAVE_LIMITS_H=1 -D_LARGEFILE_SOURCE=1 -D_FILE_OFFSET_BITS=64 -DCFITSIO_HAVE_CURL=1 -DHAVE_LIBZ=1 -DHAVE_FTRUNCATE=1 -DHAVE_LONGLONG=1 -DHAVE_SHMEM_SERVICES=1 -DHAVE_FMEMOPEN=1 -DHAVE_NET_SERVICES=1 -g -O2 -Dg77Fortran -MT libcfitsio_la-grparser.lo -MD -MP -MF .deps/libcfitsio_la-grparser.Tpo -c grparser.c  -fPIC -DPIC -o .libs/libcfitsio_la-grparser.o
libtool: compile:  /share/home/apps/gcc/11.3.0/bin/gcc -m64 -DPACKAGE_NAME=\"cfitsio\" -DPACKAGE_TARNAME=\"cfitsio\" -DPACKAGE_VERSION=\"4.6.2\" "-DPACKAGE_STRING=\"cfitsio 4.6.2\"" -DPACKAGE_BUGREPORT=\"\" -DPACKAGE_URL=\"\" -DPACKAGE=\"cfitsio\" -DVERSION=\"4.6.2\" -DHAVE_STDIO_H=1 -DHAVE_STDLIB_H=1 -DHAVE_STRING_H=1 -DHAVE_INTTYPES_H=1 -DHAVE_STDINT_H=1 -DHAVE_STRINGS_H=1 -DHAVE_SYS_STAT_H=1 -DHAVE_SYS_TYPES_H=1 -DHAVE_UNISTD_H=1 -DSTDC_HEADERS=1 -DHAVE_DLFCN_H=1 -DLT_OBJDIR=\".libs/\" -DHAVE_STDLIB_H=1 -DHAVE_STRING_H=1 -DHAVE_MATH_H=1 -DHAVE_LIMITS_H=1 -D_LARGEFILE_SOURCE=1 -D_FILE_OFFSET_BITS=64 -DCFITSIO_HAVE_CURL=1 -DHAVE_LIBZ=1 -DHAVE_FTRUNCATE=1 -DHAVE_LONGLONG=1 -DHAVE_SHMEM_SERVICES=1 -DHAVE_FMEMOPEN=1 -DHAVE_NET_SERVICES=1 -I. -DPACKAGE_NAME=\"cfitsio\" -DPACKAGE_TARNAME=\"cfitsio\" -DPACKAGE_VERSION=\"4.6.2\" "-DPACKAGE_STRING=\"cfitsio 4.6.2\"" -DPACKAGE_BUGREPORT=\"\" -DPACKAGE_URL=\"\" -DPACKAGE=\"cfitsio\" -DVERSION=\"4.6.2\" -DHAVE_STDIO_H=1 -DHAVE_STDLIB_H=1 -DHAVE_STRING_H=1 -DHAVE_INTTYPES_H=1 -DHAVE_STDINT_H=1 -DHAVE_STRINGS_H=1 -DHAVE_SYS_STAT_H=1 -DHAVE_SYS_TYPES_H=1 -DHAVE_UNISTD_H=1 -DSTDC_HEADERS=1 -DHAVE_DLFCN_H=1 -DLT_OBJDIR=\".libs/\" -DHAVE_STDLIB_H=1 -DHAVE_STRING_H=1 -DHAVE_MATH_H=1 -DHAVE_LIMITS_H=1 -D_LARGEFILE_SOURCE=1 -D_FILE_OFFSET_BITS=64 -DCFITSIO_HAVE_CURL=1 -DHAVE_LIBZ=1 -DHAVE_FTRUNCATE=1 -DHAVE_LONGLONG=1 -DHAVE_SHMEM_SERVICES=1 -DHAVE_FMEMOPEN=1 -DHAVE_NET_SERVICES=1 -g -O2 -Dg77Fortran -MT libcfitsio_la-iraffits.lo -MD -MP -MF .deps/libcfitsio_la-iraffits.Tpo -c iraffits.c  -fPIC -DPIC -o .libs/libcfitsio_la-iraffits.o
libtool: compile:  /share/home/apps/gcc/11.3.0/bin/gcc -m64 -DPACKAGE_NAME=\"cfitsio\" -DPACKAGE_TARNAME=\"cfitsio\" -DPACKAGE_VERSION=\"4.6.2\" "-DPACKAGE_STRING=\"cfitsio 4.6.2\"" -DPACKAGE_BUGREPORT=\"\" -DPACKAGE_URL=\"\" -DPACKAGE=\"cfitsio\" -DVERSION=\"4.6.2\" -DHAVE_STDIO_H=1 -DHAVE_STDLIB_H=1 -DHAVE_STRING_H=1 -DHAVE_INTTYPES_H=1 -DHAVE_STDINT_H=1 -DHAVE_STRINGS_H=1 -DHAVE_SYS_STAT_H=1 -DHAVE_SYS_TYPES_H=1 -DHAVE_UNISTD_H=1 -DSTDC_HEADERS=1 -DHAVE_DLFCN_H=1 -DLT_OBJDIR=\".libs/\" -DHAVE_STDLIB_H=1 -DHAVE_STRING_H=1 -DHAVE_MATH_H=1 -DHAVE_LIMITS_H=1 -D_LARGEFILE_SOURCE=1 -D_FILE_OFFSET_BITS=64 -DCFITSIO_HAVE_CURL=1 -DHAVE_LIBZ=1 -DHAVE_FTRUNCATE=1 -DHAVE_LONGLONG=1 -DHAVE_SHMEM_SERVICES=1 -DHAVE_FMEMOPEN=1 -DHAVE_NET_SERVICES=1 -I. -DPACKAGE_NAME=\"cfitsio\" -DPACKAGE_TARNAME=\"cfitsio\" -DPACKAGE_VERSION=\"4.6.2\" "-DPACKAGE_STRING=\"cfitsio 4.6.2\"" -DPACKAGE_BUGREPORT=\"\" -DPACKAGE_URL=\"\" -DPACKAGE=\"cfitsio\" -DVERSION=\"4.6.2\" -DHAVE_STDIO_H=1 -DHAVE_STDLIB_H=1 -DHAVE_STRING_H=1 -DHAVE_INTTYPES_H=1 -DHAVE_STDINT_H=1 -DHAVE_STRINGS_H=1 -DHAVE_SYS_STAT_H=1 -DHAVE_SYS_TYPES_H=1 -DHAVE_UNISTD_H=1 -DSTDC_HEADERS=1 -DHAVE_DLFCN_H=1 -DLT_OBJDIR=\".libs/\" -DHAVE_STDLIB_H=1 -DHAVE_STRING_H=1 -DHAVE_MATH_H=1 -DHAVE_LIMITS_H=1 -D_LARGEFILE_SOURCE=1 -D_FILE_OFFSET_BITS=64 -DCFITSIO_HAVE_CURL=1 -DHAVE_LIBZ=1 -DHAVE_FTRUNCATE=1 -DHAVE_LONGLONG=1 -DHAVE_SHMEM_SERVICES=1 -DHAVE_FMEMOPEN=1 -DHAVE_NET_SERVICES=1 -g -O2 -Dg77Fortran -MT libcfitsio_la-putcold.lo -MD -MP -MF .deps/libcfitsio_la-putcold.Tpo -c putcold.c  -fPIC -DPIC -o .libs/libcfitsio_la-putcold.o
libtool: compile:  /share/home/apps/gcc/11.3.0/bin/gcc -m64 -DPACKAGE_NAME=\"cfitsio\" -DPACKAGE_TARNAME=\"cfitsio\" -DPACKAGE_VERSION=\"4.6.2\" "-DPACKAGE_STRING=\"cfitsio 4.6.2\"" -DPACKAGE_BUGREPORT=\"\" -DPACKAGE_URL=\"\" -DPACKAGE=\"cfitsio\" -DVERSION=\"4.6.2\" -DHAVE_STDIO_H=1 -DHAVE_STDLIB_H=1 -DHAVE_STRING_H=1 -DHAVE_INTTYPES_H=1 -DHAVE_STDINT_H=1 -DHAVE_STRINGS_H=1 -DHAVE_SYS_STAT_H=1 -DHAVE_SYS_TYPES_H=1 -DHAVE_UNISTD_H=1 -DSTDC_HEADERS=1 -DHAVE_DLFCN_H=1 -DLT_OBJDIR=\".libs/\" -DHAVE_STDLIB_H=1 -DHAVE_STRING_H=1 -DHAVE_MATH_H=1 -DHAVE_LIMITS_H=1 -D_LARGEFILE_SOURCE=1 -D_FILE_OFFSET_BITS=64 -DCFITSIO_HAVE_CURL=1 -DHAVE_LIBZ=1 -DHAVE_FTRUNCATE=1 -DHAVE_LONGLONG=1 -DHAVE_SHMEM_SERVICES=1 -DHAVE_FMEMOPEN=1 -DHAVE_NET_SERVICES=1 -I. -DPACKAGE_NAME=\"cfitsio\" -DPACKAGE_TARNAME=\"cfitsio\" -DPACKAGE_VERSION=\"4.6.2\" "-DPACKAGE_STRING=\"cfitsio 4.6.2\"" -DPACKAGE_BUGREPORT=\"\" -DPACKAGE_URL=\"\" -DPACKAGE=\"cfitsio\" -DVERSION=\"4.6.2\" -DHAVE_STDIO_H=1 -DHAVE_STDLIB_H=1 -DHAVE_STRING_H=1 -DHAVE_INTTYPES_H=1 -DHAVE_STDINT_H=1 -DHAVE_STRINGS_H=1 -DHAVE_SYS_STAT_H=1 -DHAVE_SYS_TYPES_H=1 -DHAVE_UNISTD_H=1 -DSTDC_HEADERS=1 -DHAVE_DLFCN_H=1 -DLT_OBJDIR=\".libs/\" -DHAVE_STDLIB_H=1 -DHAVE_STRING_H=1 -DHAVE_MATH_H=1 -DHAVE_LIMITS_H=1 -D_LARGEFILE_SOURCE=1 -D_FILE_OFFSET_BITS=64 -DCFITSIO_HAVE_CURL=1 -DHAVE_LIBZ=1 -DHAVE_FTRUNCATE=1 -DHAVE_LONGLONG=1 -DHAVE_SHMEM_SERVICES=1 -DHAVE_FMEMOPEN=1 -DHAVE_NET_SERVICES=1 -g -O2 -Dg77Fortran -MT libcfitsio_la-putcolj.lo -MD -MP -MF .deps/libcfitsio_la-putcolj.Tpo -c putcolj.c  -fPIC -DPIC -o .libs/libcfitsio_la-putcolj.o
libtool: compile:  /share/home/apps/gcc/11.3.0/bin/gcc -m64 -DPACKAGE_NAME=\"cfitsio\" -DPACKAGE_TARNAME=\"cfitsio\" -DPACKAGE_VERSION=\"4.6.2\" "-DPACKAGE_STRING=\"cfitsio 4.6.2\"" -DPACKAGE_BUGREPORT=\"\" -DPACKAGE_URL=\"\" -DPACKAGE=\"cfitsio\" -DVERSION=\"4.6.2\" -DHAVE_STDIO_H=1 -DHAVE_STDLIB_H=1 -DHAVE_STRING_H=1 -DHAVE_INTTYPES_H=1 -DHAVE_STDINT_H=1 -DHAVE_STRINGS_H=1 -DHAVE_SYS_STAT_H=1 -DHAVE_SYS_TYPES_H=1 -DHAVE_UNISTD_H=1 -DSTDC_HEADERS=1 -DHAVE_DLFCN_H=1 -DLT_OBJDIR=\".libs/\" -DHAVE_STDLIB_H=1 -DHAVE_STRING_H=1 -DHAVE_MATH_H=1 -DHAVE_LIMITS_H=1 -D_LARGEFILE_SOURCE=1 -D_FILE_OFFSET_BITS=64 -DCFITSIO_HAVE_CURL=1 -DHAVE_LIBZ=1 -DHAVE_FTRUNCATE=1 -DHAVE_LONGLONG=1 -DHAVE_SHMEM_SERVICES=1 -DHAVE_FMEMOPEN=1 -DHAVE_NET_SERVICES=1 -I. -DPACKAGE_NAME=\"cfitsio\" -DPACKAGE_TARNAME=\"cfitsio\" -DPACKAGE_VERSION=\"4.6.2\" "-DPACKAGE_STRING=\"cfitsio 4.6.2\"" -DPACKAGE_BUGREPORT=\"\" -DPACKAGE_URL=\"\" -DPACKAGE=\"cfitsio\" -DVERSION=\"4.6.2\" -DHAVE_STDIO_H=1 -DHAVE_STDLIB_H=1 -DHAVE_STRING_H=1 -DHAVE_INTTYPES_H=1 -DHAVE_STDINT_H=1 -DHAVE_STRINGS_H=1 -DHAVE_SYS_STAT_H=1 -DHAVE_SYS_TYPES_H=1 -DHAVE_UNISTD_H=1 -DSTDC_HEADERS=1 -DHAVE_DLFCN_H=1 -DLT_OBJDIR=\".libs/\" -DHAVE_STDLIB_H=1 -DHAVE_STRING_H=1 -DHAVE_MATH_H=1 -DHAVE_LIMITS_H=1 -D_LARGEFILE_SOURCE=1 -D_FILE_OFFSET_BITS=64 -DCFITSIO_HAVE_CURL=1 -DHAVE_LIBZ=1 -DHAVE_FTRUNCATE=1 -DHAVE_LONGLONG=1 -DHAVE_SHMEM_SERVICES=1 -DHAVE_FMEMOPEN=1 -DHAVE_NET_SERVICES=1 -g -O2 -Dg77Fortran -MT libcfitsio_la-histo.lo -MD -MP -MF .deps/libcfitsio_la-histo.Tpo -c histo.c  -fPIC -DPIC -o .libs/libcfitsio_la-histo.o
libtool: compile:  /share/home/apps/gcc/11.3.0/bin/gcc -m64 -DPACKAGE_NAME=\"cfitsio\" -DPACKAGE_TARNAME=\"cfitsio\" -DPACKAGE_VERSION=\"4.6.2\" "-DPACKAGE_STRING=\"cfitsio 4.6.2\"" -DPACKAGE_BUGREPORT=\"\" -DPACKAGE_URL=\"\" -DPACKAGE=\"cfitsio\" -DVERSION=\"4.6.2\" -DHAVE_STDIO_H=1 -DHAVE_STDLIB_H=1 -DHAVE_STRING_H=1 -DHAVE_INTTYPES_H=1 -DHAVE_STDINT_H=1 -DHAVE_STRINGS_H=1 -DHAVE_SYS_STAT_H=1 -DHAVE_SYS_TYPES_H=1 -DHAVE_UNISTD_H=1 -DSTDC_HEADERS=1 -DHAVE_DLFCN_H=1 -DLT_OBJDIR=\".libs/\" -DHAVE_STDLIB_H=1 -DHAVE_STRING_H=1 -DHAVE_MATH_H=1 -DHAVE_LIMITS_H=1 -D_LARGEFILE_SOURCE=1 -D_FILE_OFFSET_BITS=64 -DCFITSIO_HAVE_CURL=1 -DHAVE_LIBZ=1 -DHAVE_FTRUNCATE=1 -DHAVE_LONGLONG=1 -DHAVE_SHMEM_SERVICES=1 -DHAVE_FMEMOPEN=1 -DHAVE_NET_SERVICES=1 -I. -DPACKAGE_NAME=\"cfitsio\" -DPACKAGE_TARNAME=\"cfitsio\" -DPACKAGE_VERSION=\"4.6.2\" "-DPACKAGE_STRING=\"cfitsio 4.6.2\"" -DPACKAGE_BUGREPORT=\"\" -DPACKAGE_URL=\"\" -DPACKAGE=\"cfitsio\" -DVERSION=\"4.6.2\" -DHAVE_STDIO_H=1 -DHAVE_STDLIB_H=1 -DHAVE_STRING_H=1 -DHAVE_INTTYPES_H=1 -DHAVE_STDINT_H=1 -DHAVE_STRINGS_H=1 -DHAVE_SYS_STAT_H=1 -DHAVE_SYS_TYPES_H=1 -DHAVE_UNISTD_H=1 -DSTDC_HEADERS=1 -DHAVE_DLFCN_H=1 -DLT_OBJDIR=\".libs/\" -DHAVE_STDLIB_H=1 -DHAVE_STRING_H=1 -DHAVE_MATH_H=1 -DHAVE_LIMITS_H=1 -D_LARGEFILE_SOURCE=1 -D_FILE_OFFSET_BITS=64 -DCFITSIO_HAVE_CURL=1 -DHAVE_LIBZ=1 -DHAVE_FTRUNCATE=1 -DHAVE_LONGLONG=1 -DHAVE_SHMEM_SERVICES=1 -DHAVE_FMEMOPEN=1 -DHAVE_NET_SERVICES=1 -g -O2 -Dg77Fortran -MT libcfitsio_la-putcol.lo -MD -MP -MF .deps/libcfitsio_la-putcol.Tpo -c putcol.c  -fPIC -DPIC -o .libs/libcfitsio_la-putcol.o
libtool: compile:  /share/home/apps/gcc/11.3.0/bin/gcc -m64 -DPACKAGE_NAME=\"cfitsio\" -DPACKAGE_TARNAME=\"cfitsio\" -DPACKAGE_VERSION=\"4.6.2\" "-DPACKAGE_STRING=\"cfitsio 4.6.2\"" -DPACKAGE_BUGREPORT=\"\" -DPACKAGE_URL=\"\" -DPACKAGE=\"cfitsio\" -DVERSION=\"4.6.2\" -DHAVE_STDIO_H=1 -DHAVE_STDLIB_H=1 -DHAVE_STRING_H=1 -DHAVE_INTTYPES_H=1 -DHAVE_STDINT_H=1 -DHAVE_STRINGS_H=1 -DHAVE_SYS_STAT_H=1 -DHAVE_SYS_TYPES_H=1 -DHAVE_UNISTD_H=1 -DSTDC_HEADERS=1 -DHAVE_DLFCN_H=1 -DLT_OBJDIR=\".libs/\" -DHAVE_STDLIB_H=1 -DHAVE_STRING_H=1 -DHAVE_MATH_H=1 -DHAVE_LIMITS_H=1 -D_LARGEFILE_SOURCE=1 -D_FILE_OFFSET_BITS=64 -DCFITSIO_HAVE_CURL=1 -DHAVE_LIBZ=1 -DHAVE_FTRUNCATE=1 -DHAVE_LONGLONG=1 -DHAVE_SHMEM_SERVICES=1 -DHAVE_FMEMOPEN=1 -DHAVE_NET_SERVICES=1 -I. -DPACKAGE_NAME=\"cfitsio\" -DPACKAGE_TARNAME=\"cfitsio\" -DPACKAGE_VERSION=\"4.6.2\" "-DPACKAGE_STRING=\"cfitsio 4.6.2\"" -DPACKAGE_BUGREPORT=\"\" -DPACKAGE_URL=\"\" -DPACKAGE=\"cfitsio\" -DVERSION=\"4.6.2\" -DHAVE_STDIO_H=1 -DHAVE_STDLIB_H=1 -DHAVE_STRING_H=1 -DHAVE_INTTYPES_H=1 -DHAVE_STDINT_H=1 -DHAVE_STRINGS_H=1 -DHAVE_SYS_STAT_H=1 -DHAVE_SYS_TYPES_H=1 -DHAVE_UNISTD_H=1 -DSTDC_HEADERS=1 -DHAVE_DLFCN_H=1 -DLT_OBJDIR=\".libs/\" -DHAVE_STDLIB_H=1 -DHAVE_STRING_H=1 -DHAVE_MATH_H=1 -DHAVE_LIMITS_H=1 -D_LARGEFILE_SOURCE=1 -D_FILE_OFFSET_BITS=64 -DCFITSIO_HAVE_CURL=1 -DHAVE_LIBZ=1 -DHAVE_FTRUNCATE=1 -DHAVE_LONGLONG=1 -DHAVE_SHMEM_SERVICES=1 -DHAVE_FMEMOPEN=1 -DHAVE_NET_SERVICES=1 -g -O2 -Dg77Fortran -MT libcfitsio_la-putcoluk.lo -MD -MP -MF .deps/libcfitsio_la-putcoluk.Tpo -c putcoluk.c  -fPIC -DPIC -o .libs/libcfitsio_la-putcoluk.o
libtool: compile:  /share/home/apps/gcc/11.3.0/bin/gcc -m64 -DPACKAGE_NAME=\"cfitsio\" -DPACKAGE_TARNAME=\"cfitsio\" -DPACKAGE_VERSION=\"4.6.2\" "-DPACKAGE_STRING=\"cfitsio 4.6.2\"" -DPACKAGE_BUGREPORT=\"\" -DPACKAGE_URL=\"\" -DPACKAGE=\"cfitsio\" -DVERSION=\"4.6.2\" -DHAVE_STDIO_H=1 -DHAVE_STDLIB_H=1 -DHAVE_STRING_H=1 -DHAVE_INTTYPES_H=1 -DHAVE_STDINT_H=1 -DHAVE_STRINGS_H=1 -DHAVE_SYS_STAT_H=1 -DHAVE_SYS_TYPES_H=1 -DHAVE_UNISTD_H=1 -DSTDC_HEADERS=1 -DHAVE_DLFCN_H=1 -DLT_OBJDIR=\".libs/\" -DHAVE_STDLIB_H=1 -DHAVE_STRING_H=1 -DHAVE_MATH_H=1 -DHAVE_LIMITS_H=1 -D_LARGEFILE_SOURCE=1 -D_FILE_OFFSET_BITS=64 -DCFITSIO_HAVE_CURL=1 -DHAVE_LIBZ=1 -DHAVE_FTRUNCATE=1 -DHAVE_LONGLONG=1 -DHAVE_SHMEM_SERVICES=1 -DHAVE_FMEMOPEN=1 -DHAVE_NET_SERVICES=1 -I. -DPACKAGE_NAME=\"cfitsio\" -DPACKAGE_TARNAME=\"cfitsio\" -DPACKAGE_VERSION=\"4.6.2\" "-DPACKAGE_STRING=\"cfitsio 4.6.2\"" -DPACKAGE_BUGREPORT=\"\" -DPACKAGE_URL=\"\" -DPACKAGE=\"cfitsio\" -DVERSION=\"4.6.2\" -DHAVE_STDIO_H=1 -DHAVE_STDLIB_H=1 -DHAVE_STRING_H=1 -DHAVE_INTTYPES_H=1 -DHAVE_STDINT_H=1 -DHAVE_STRINGS_H=1 -DHAVE_SYS_STAT_H=1 -DHAVE_SYS_TYPES_H=1 -DHAVE_UNISTD_H=1 -DSTDC_HEADERS=1 -DHAVE_DLFCN_H=1 -DLT_OBJDIR=\".libs/\" -DHAVE_STDLIB_H=1 -DHAVE_STRING_H=1 -DHAVE_MATH_H=1 -DHAVE_LIMITS_H=1 -D_LARGEFILE_SOURCE=1 -D_FILE_OFFSET_BITS=64 -DCFITSIO_HAVE_CURL=1 -DHAVE_LIBZ=1 -DHAVE_FTRUNCATE=1 -DHAVE_LONGLONG=1 -DHAVE_SHMEM_SERVICES=1 -DHAVE_FMEMOPEN=1 -DHAVE_NET_SERVICES=1 -g -O2 -Dg77Fortran -MT libcfitsio_la-putcole.lo -MD -MP -MF .deps/libcfitsio_la-putcole.Tpo -c putcole.c  -fPIC -DPIC -o .libs/libcfitsio_la-putcole.o
libtool: compile:  /share/home/apps/gcc/11.3.0/bin/gcc -m64 -DPACKAGE_NAME=\"cfitsio\" -DPACKAGE_TARNAME=\"cfitsio\" -DPACKAGE_VERSION=\"4.6.2\" "-DPACKAGE_STRING=\"cfitsio 4.6.2\"" -DPACKAGE_BUGREPORT=\"\" -DPACKAGE_URL=\"\" -DPACKAGE=\"cfitsio\" -DVERSION=\"4.6.2\" -DHAVE_STDIO_H=1 -DHAVE_STDLIB_H=1 -DHAVE_STRING_H=1 -DHAVE_INTTYPES_H=1 -DHAVE_STDINT_H=1 -DHAVE_STRINGS_H=1 -DHAVE_SYS_STAT_H=1 -DHAVE_SYS_TYPES_H=1 -DHAVE_UNISTD_H=1 -DSTDC_HEADERS=1 -DHAVE_DLFCN_H=1 -DLT_OBJDIR=\".libs/\" -DHAVE_STDLIB_H=1 -DHAVE_STRING_H=1 -DHAVE_MATH_H=1 -DHAVE_LIMITS_H=1 -D_LARGEFILE_SOURCE=1 -D_FILE_OFFSET_BITS=64 -DCFITSIO_HAVE_CURL=1 -DHAVE_LIBZ=1 -DHAVE_FTRUNCATE=1 -DHAVE_LONGLONG=1 -DHAVE_SHMEM_SERVICES=1 -DHAVE_FMEMOPEN=1 -DHAVE_NET_SERVICES=1 -I. -DPACKAGE_NAME=\"cfitsio\" -DPACKAGE_TARNAME=\"cfitsio\" -DPACKAGE_VERSION=\"4.6.2\" "-DPACKAGE_STRING=\"cfitsio 4.6.2\"" -DPACKAGE_BUGREPORT=\"\" -DPACKAGE_URL=\"\" -DPACKAGE=\"cfitsio\" -DVERSION=\"4.6.2\" -DHAVE_STDIO_H=1 -DHAVE_STDLIB_H=1 -DHAVE_STRING_H=1 -DHAVE_INTTYPES_H=1 -DHAVE_STDINT_H=1 -DHAVE_STRINGS_H=1 -DHAVE_SYS_STAT_H=1 -DHAVE_SYS_TYPES_H=1 -DHAVE_UNISTD_H=1 -DSTDC_HEADERS=1 -DHAVE_DLFCN_H=1 -DLT_OBJDIR=\".libs/\" -DHAVE_STDLIB_H=1 -DHAVE_STRING_H=1 -DHAVE_MATH_H=1 -DHAVE_LIMITS_H=1 -D_LARGEFILE_SOURCE=1 -D_FILE_OFFSET_BITS=64 -DCFITSIO_HAVE_CURL=1 -DHAVE_LIBZ=1 -DHAVE_FTRUNCATE=1 -DHAVE_LONGLONG=1 -DHAVE_SHMEM_SERVICES=1 -DHAVE_FMEMOPEN=1 -DHAVE_NET_SERVICES=1 -g -O2 -Dg77Fortran -MT libcfitsio_la-group.lo -MD -MP -MF .deps/libcfitsio_la-group.Tpo -c group.c  -fPIC -DPIC -o .libs/libcfitsio_la-group.o
libtool: compile:  /share/home/apps/gcc/11.3.0/bin/gcc -m64 -DPACKAGE_NAME=\"cfitsio\" -DPACKAGE_TARNAME=\"cfitsio\" -DPACKAGE_VERSION=\"4.6.2\" "-DPACKAGE_STRING=\"cfitsio 4.6.2\"" -DPACKAGE_BUGREPORT=\"\" -DPACKAGE_URL=\"\" -DPACKAGE=\"cfitsio\" -DVERSION=\"4.6.2\" -DHAVE_STDIO_H=1 -DHAVE_STDLIB_H=1 -DHAVE_STRING_H=1 -DHAVE_INTTYPES_H=1 -DHAVE_STDINT_H=1 -DHAVE_STRINGS_H=1 -DHAVE_SYS_STAT_H=1 -DHAVE_SYS_TYPES_H=1 -DHAVE_UNISTD_H=1 -DSTDC_HEADERS=1 -DHAVE_DLFCN_H=1 -DLT_OBJDIR=\".libs/\" -DHAVE_STDLIB_H=1 -DHAVE_STRING_H=1 -DHAVE_MATH_H=1 -DHAVE_LIMITS_H=1 -D_LARGEFILE_SOURCE=1 -D_FILE_OFFSET_BITS=64 -DCFITSIO_HAVE_CURL=1 -DHAVE_LIBZ=1 -DHAVE_FTRUNCATE=1 -DHAVE_LONGLONG=1 -DHAVE_SHMEM_SERVICES=1 -DHAVE_FMEMOPEN=1 -DHAVE_NET_SERVICES=1 -I. -DPACKAGE_NAME=\"cfitsio\" -DPACKAGE_TARNAME=\"cfitsio\" -DPACKAGE_VERSION=\"4.6.2\" "-DPACKAGE_STRING=\"cfitsio 4.6.2\"" -DPACKAGE_BUGREPORT=\"\" -DPACKAGE_URL=\"\" -DPACKAGE=\"cfitsio\" -DVERSION=\"4.6.2\" -DHAVE_STDIO_H=1 -DHAVE_STDLIB_H=1 -DHAVE_STRING_H=1 -DHAVE_INTTYPES_H=1 -DHAVE_STDINT_H=1 -DHAVE_STRINGS_H=1 -DHAVE_SYS_STAT_H=1 -DHAVE_SYS_TYPES_H=1 -DHAVE_UNISTD_H=1 -DSTDC_HEADERS=1 -DHAVE_DLFCN_H=1 -DLT_OBJDIR=\".libs/\" -DHAVE_STDLIB_H=1 -DHAVE_STRING_H=1 -DHAVE_MATH_H=1 -DHAVE_LIMITS_H=1 -D_LARGEFILE_SOURCE=1 -D_FILE_OFFSET_BITS=64 -DCFITSIO_HAVE_CURL=1 -DHAVE_LIBZ=1 -DHAVE_FTRUNCATE=1 -DHAVE_LONGLONG=1 -DHAVE_SHMEM_SERVICES=1 -DHAVE_FMEMOPEN=1 -DHAVE_NET_SERVICES=1 -g -O2 -Dg77Fortran -MT libcfitsio_la-putcolk.lo -MD -MP -MF .deps/libcfitsio_la-putcolk.Tpo -c putcolk.c  -fPIC -DPIC -o .libs/libcfitsio_la-putcolk.o
libtool: compile:  /share/home/apps/gcc/11.3.0/bin/gcc -m64 -DPACKAGE_NAME=\"cfitsio\" -DPACKAGE_TARNAME=\"cfitsio\" -DPACKAGE_VERSION=\"4.6.2\" "-DPACKAGE_STRING=\"cfitsio 4.6.2\"" -DPACKAGE_BUGREPORT=\"\" -DPACKAGE_URL=\"\" -DPACKAGE=\"cfitsio\" -DVERSION=\"4.6.2\" -DHAVE_STDIO_H=1 -DHAVE_STDLIB_H=1 -DHAVE_STRING_H=1 -DHAVE_INTTYPES_H=1 -DHAVE_STDINT_H=1 -DHAVE_STRINGS_H=1 -DHAVE_SYS_STAT_H=1 -DHAVE_SYS_TYPES_H=1 -DHAVE_UNISTD_H=1 -DSTDC_HEADERS=1 -DHAVE_DLFCN_H=1 -DLT_OBJDIR=\".libs/\" -DHAVE_STDLIB_H=1 -DHAVE_STRING_H=1 -DHAVE_MATH_H=1 -DHAVE_LIMITS_H=1 -D_LARGEFILE_SOURCE=1 -D_FILE_OFFSET_BITS=64 -DCFITSIO_HAVE_CURL=1 -DHAVE_LIBZ=1 -DHAVE_FTRUNCATE=1 -DHAVE_LONGLONG=1 -DHAVE_SHMEM_SERVICES=1 -DHAVE_FMEMOPEN=1 -DHAVE_NET_SERVICES=1 -I. -DPACKAGE_NAME=\"cfitsio\" -DPACKAGE_TARNAME=\"cfitsio\" -DPACKAGE_VERSION=\"4.6.2\" "-DPACKAGE_STRING=\"cfitsio 4.6.2\"" -DPACKAGE_BUGREPORT=\"\" -DPACKAGE_URL=\"\" -DPACKAGE=\"cfitsio\" -DVERSION=\"4.6.2\" -DHAVE_STDIO_H=1 -DHAVE_STDLIB_H=1 -DHAVE_STRING_H=1 -DHAVE_INTTYPES_H=1 -DHAVE_STDINT_H=1 -DHAVE_STRINGS_H=1 -DHAVE_SYS_STAT_H=1 -DHAVE_SYS_TYPES_H=1 -DHAVE_UNISTD_H=1 -DSTDC_HEADERS=1 -DHAVE_DLFCN_H=1 -DLT_OBJDIR=\".libs/\" -DHAVE_STDLIB_H=1 -DHAVE_STRING_H=1 -DHAVE_MATH_H=1 -DHAVE_LIMITS_H=1 -D_LARGEFILE_SOURCE=1 -D_FILE_OFFSET_BITS=64 -DCFITSIO_HAVE_CURL=1 -DHAVE_LIBZ=1 -DHAVE_FTRUNCATE=1 -DHAVE_LONGLONG=1 -DHAVE_SHMEM_SERVICES=1 -DHAVE_FMEMOPEN=1 -DHAVE_NET_SERVICES=1 -g -O2 -Dg77Fortran -MT libcfitsio_la-putcolsb.lo -MD -MP -MF .deps/libcfitsio_la-putcolsb.Tpo -c putcolsb.c  -fPIC -DPIC -o .libs/libcfitsio_la-putcolsb.o
libtool: compile:  /share/home/apps/gcc/11.3.0/bin/gcc -m64 -DPACKAGE_NAME=\"cfitsio\" -DPACKAGE_TARNAME=\"cfitsio\" -DPACKAGE_VERSION=\"4.6.2\" "-DPACKAGE_STRING=\"cfitsio 4.6.2\"" -DPACKAGE_BUGREPORT=\"\" -DPACKAGE_URL=\"\" -DPACKAGE=\"cfitsio\" -DVERSION=\"4.6.2\" -DHAVE_STDIO_H=1 -DHAVE_STDLIB_H=1 -DHAVE_STRING_H=1 -DHAVE_INTTYPES_H=1 -DHAVE_STDINT_H=1 -DHAVE_STRINGS_H=1 -DHAVE_SYS_STAT_H=1 -DHAVE_SYS_TYPES_H=1 -DHAVE_UNISTD_H=1 -DSTDC_HEADERS=1 -DHAVE_DLFCN_H=1 -DLT_OBJDIR=\".libs/\" -DHAVE_STDLIB_H=1 -DHAVE_STRING_H=1 -DHAVE_MATH_H=1 -DHAVE_LIMITS_H=1 -D_LARGEFILE_SOURCE=1 -D_FILE_OFFSET_BITS=64 -DCFITSIO_HAVE_CURL=1 -DHAVE_LIBZ=1 -DHAVE_FTRUNCATE=1 -DHAVE_LONGLONG=1 -DHAVE_SHMEM_SERVICES=1 -DHAVE_FMEMOPEN=1 -DHAVE_NET_SERVICES=1 -I. -DPACKAGE_NAME=\"cfitsio\" -DPACKAGE_TARNAME=\"cfitsio\" -DPACKAGE_VERSION=\"4.6.2\" "-DPACKAGE_STRING=\"cfitsio 4.6.2\"" -DPACKAGE_BUGREPORT=\"\" -DPACKAGE_URL=\"\" -DPACKAGE=\"cfitsio\" -DVERSION=\"4.6.2\" -DHAVE_STDIO_H=1 -DHAVE_STDLIB_H=1 -DHAVE_STRING_H=1 -DHAVE_INTTYPES_H=1 -DHAVE_STDINT_H=1 -DHAVE_STRINGS_H=1 -DHAVE_SYS_STAT_H=1 -DHAVE_SYS_TYPES_H=1 -DHAVE_UNISTD_H=1 -DSTDC_HEADERS=1 -DHAVE_DLFCN_H=1 -DLT_OBJDIR=\".libs/\" -DHAVE_STDLIB_H=1 -DHAVE_STRING_H=1 -DHAVE_MATH_H=1 -DHAVE_LIMITS_H=1 -D_LARGEFILE_SOURCE=1 -D_FILE_OFFSET_BITS=64 -DCFITSIO_HAVE_CURL=1 -DHAVE_LIBZ=1 -DHAVE_FTRUNCATE=1 -DHAVE_LONGLONG=1 -DHAVE_SHMEM_SERVICES=1 -DHAVE_FMEMOPEN=1 -DHAVE_NET_SERVICES=1 -g -O2 -Dg77Fortran -MT libcfitsio_la-putcoluj.lo -MD -MP -MF .deps/libcfitsio_la-putcoluj.Tpo -c putcoluj.c  -fPIC -DPIC -o .libs/libcfitsio_la-putcoluj.o
libtool: compile:  /share/home/apps/gcc/11.3.0/bin/gcc -m64 -DPACKAGE_NAME=\"cfitsio\" -DPACKAGE_TARNAME=\"cfitsio\" -DPACKAGE_VERSION=\"4.6.2\" "-DPACKAGE_STRING=\"cfitsio 4.6.2\"" -DPACKAGE_BUGREPORT=\"\" -DPACKAGE_URL=\"\" -DPACKAGE=\"cfitsio\" -DVERSION=\"4.6.2\" -DHAVE_STDIO_H=1 -DHAVE_STDLIB_H=1 -DHAVE_STRING_H=1 -DHAVE_INTTYPES_H=1 -DHAVE_STDINT_H=1 -DHAVE_STRINGS_H=1 -DHAVE_SYS_STAT_H=1 -DHAVE_SYS_TYPES_H=1 -DHAVE_UNISTD_H=1 -DSTDC_HEADERS=1 -DHAVE_DLFCN_H=1 -DLT_OBJDIR=\".libs/\" -DHAVE_STDLIB_H=1 -DHAVE_STRING_H=1 -DHAVE_MATH_H=1 -DHAVE_LIMITS_H=1 -D_LARGEFILE_SOURCE=1 -D_FILE_OFFSET_BITS=64 -DCFITSIO_HAVE_CURL=1 -DHAVE_LIBZ=1 -DHAVE_FTRUNCATE=1 -DHAVE_LONGLONG=1 -DHAVE_SHMEM_SERVICES=1 -DHAVE_FMEMOPEN=1 -DHAVE_NET_SERVICES=1 -I. -DPACKAGE_NAME=\"cfitsio\" -DPACKAGE_TARNAME=\"cfitsio\" -DPACKAGE_VERSION=\"4.6.2\" "-DPACKAGE_STRING=\"cfitsio 4.6.2\"" -DPACKAGE_BUGREPORT=\"\" -DPACKAGE_URL=\"\" -DPACKAGE=\"cfitsio\" -DVERSION=\"4.6.2\" -DHAVE_STDIO_H=1 -DHAVE_STDLIB_H=1 -DHAVE_STRING_H=1 -DHAVE_INTTYPES_H=1 -DHAVE_STDINT_H=1 -DHAVE_STRINGS_H=1 -DHAVE_SYS_STAT_H=1 -DHAVE_SYS_TYPES_H=1 -DHAVE_UNISTD_H=1 -DSTDC_HEADERS=1 -DHAVE_DLFCN_H=1 -DLT_OBJDIR=\".libs/\" -DHAVE_STDLIB_H=1 -DHAVE_STRING_H=1 -DHAVE_MATH_H=1 -DHAVE_LIMITS_H=1 -D_LARGEFILE_SOURCE=1 -D_FILE_OFFSET_BITS=64 -DCFITSIO_HAVE_CURL=1 -DHAVE_LIBZ=1 -DHAVE_FTRUNCATE=1 -DHAVE_LONGLONG=1 -DHAVE_SHMEM_SERVICES=1 -DHAVE_FMEMOPEN=1 -DHAVE_NET_SERVICES=1 -g -O2 -Dg77Fortran -MT libcfitsio_la-zuncompress.lo -MD -MP -MF .deps/libcfitsio_la-zuncompress.Tpo -c zuncompress.c  -fPIC -DPIC -o .libs/libcfitsio_la-zuncompress.o
libtool: compile:  /share/home/apps/gcc/11.3.0/bin/gcc -m64 -DPACKAGE_NAME=\"cfitsio\" -DPACKAGE_TARNAME=\"cfitsio\" -DPACKAGE_VERSION=\"4.6.2\" "-DPACKAGE_STRING=\"cfitsio 4.6.2\"" -DPACKAGE_BUGREPORT=\"\" -DPACKAGE_URL=\"\" -DPACKAGE=\"cfitsio\" -DVERSION=\"4.6.2\" -DHAVE_STDIO_H=1 -DHAVE_STDLIB_H=1 -DHAVE_STRING_H=1 -DHAVE_INTTYPES_H=1 -DHAVE_STDINT_H=1 -DHAVE_STRINGS_H=1 -DHAVE_SYS_STAT_H=1 -DHAVE_SYS_TYPES_H=1 -DHAVE_UNISTD_H=1 -DSTDC_HEADERS=1 -DHAVE_DLFCN_H=1 -DLT_OBJDIR=\".libs/\" -DHAVE_STDLIB_H=1 -DHAVE_STRING_H=1 -DHAVE_MATH_H=1 -DHAVE_LIMITS_H=1 -D_LARGEFILE_SOURCE=1 -D_FILE_OFFSET_BITS=64 -DCFITSIO_HAVE_CURL=1 -DHAVE_LIBZ=1 -DHAVE_FTRUNCATE=1 -DHAVE_LONGLONG=1 -DHAVE_SHMEM_SERVICES=1 -DHAVE_FMEMOPEN=1 -DHAVE_NET_SERVICES=1 -I. -DPACKAGE_NAME=\"cfitsio\" -DPACKAGE_TARNAME=\"cfitsio\" -DPACKAGE_VERSION=\"4.6.2\" "-DPACKAGE_STRING=\"cfitsio 4.6.2\"" -DPACKAGE_BUGREPORT=\"\" -DPACKAGE_URL=\"\" -DPACKAGE=\"cfitsio\" -DVERSION=\"4.6.2\" -DHAVE_STDIO_H=1 -DHAVE_STDLIB_H=1 -DHAVE_STRING_H=1 -DHAVE_INTTYPES_H=1 -DHAVE_STDINT_H=1 -DHAVE_STRINGS_H=1 -DHAVE_SYS_STAT_H=1 -DHAVE_SYS_TYPES_H=1 -DHAVE_UNISTD_H=1 -DSTDC_HEADERS=1 -DHAVE_DLFCN_H=1 -DLT_OBJDIR=\".libs/\" -DHAVE_STDLIB_H=1 -DHAVE_STRING_H=1 -DHAVE_MATH_H=1 -DHAVE_LIMITS_H=1 -D_LARGEFILE_SOURCE=1 -D_FILE_OFFSET_BITS=64 -DCFITSIO_HAVE_CURL=1 -DHAVE_LIBZ=1 -DHAVE_FTRUNCATE=1 -DHAVE_LONGLONG=1 -DHAVE_SHMEM_SERVICES=1 -DHAVE_FMEMOPEN=1 -DHAVE_NET_SERVICES=1 -g -O2 -Dg77Fortran -MT libcfitsio_la-putcolu.lo -MD -MP -MF .deps/libcfitsio_la-putcolu.Tpo -c putcolu.c  -fPIC -DPIC -o .libs/libcfitsio_la-putcolu.o
libtool: compile:  /share/home/apps/gcc/11.3.0/bin/gcc -m64 -DPACKAGE_NAME=\"cfitsio\" -DPACKAGE_TARNAME=\"cfitsio\" -DPACKAGE_VERSION=\"4.6.2\" "-DPACKAGE_STRING=\"cfitsio 4.6.2\"" -DPACKAGE_BUGREPORT=\"\" -DPACKAGE_URL=\"\" -DPACKAGE=\"cfitsio\" -DVERSION=\"4.6.2\" -DHAVE_STDIO_H=1 -DHAVE_STDLIB_H=1 -DHAVE_STRING_H=1 -DHAVE_INTTYPES_H=1 -DHAVE_STDINT_H=1 -DHAVE_STRINGS_H=1 -DHAVE_SYS_STAT_H=1 -DHAVE_SYS_TYPES_H=1 -DHAVE_UNISTD_H=1 -DSTDC_HEADERS=1 -DHAVE_DLFCN_H=1 -DLT_OBJDIR=\".libs/\" -DHAVE_STDLIB_H=1 -DHAVE_STRING_H=1 -DHAVE_MATH_H=1 -DHAVE_LIMITS_H=1 -D_LARGEFILE_SOURCE=1 -D_FILE_OFFSET_BITS=64 -DCFITSIO_HAVE_CURL=1 -DHAVE_LIBZ=1 -DHAVE_FTRUNCATE=1 -DHAVE_LONGLONG=1 -DHAVE_SHMEM_SERVICES=1 -DHAVE_FMEMOPEN=1 -DHAVE_NET_SERVICES=1 -I. -DPACKAGE_NAME=\"cfitsio\" -DPACKAGE_TARNAME=\"cfitsio\" -DPACKAGE_VERSION=\"4.6.2\" "-DPACKAGE_STRING=\"cfitsio 4.6.2\"" -DPACKAGE_BUGREPORT=\"\" -DPACKAGE_URL=\"\" -DPACKAGE=\"cfitsio\" -DVERSION=\"4.6.2\" -DHAVE_STDIO_H=1 -DHAVE_STDLIB_H=1 -DHAVE_STRING_H=1 -DHAVE_INTTYPES_H=1 -DHAVE_STDINT_H=1 -DHAVE_STRINGS_H=1 -DHAVE_SYS_STAT_H=1 -DHAVE_SYS_TYPES_H=1 -DHAVE_UNISTD_H=1 -DSTDC_HEADERS=1 -DHAVE_DLFCN_H=1 -DLT_OBJDIR=\".libs/\" -DHAVE_STDLIB_H=1 -DHAVE_STRING_H=1 -DHAVE_MATH_H=1 -DHAVE_LIMITS_H=1 -D_LARGEFILE_SOURCE=1 -D_FILE_OFFSET_BITS=64 -DCFITSIO_HAVE_CURL=1 -DHAVE_LIBZ=1 -DHAVE_FTRUNCATE=1 -DHAVE_LONGLONG=1 -DHAVE_SHMEM_SERVICES=1 -DHAVE_FMEMOPEN=1 -DHAVE_NET_SERVICES=1 -g -O2 -Dg77Fortran -MT libcfitsio_la-wcssub.lo -MD -MP -MF .deps/libcfitsio_la-wcssub.Tpo -c wcssub.c  -fPIC -DPIC -o .libs/libcfitsio_la-wcssub.o
libtool: compile:  /share/home/apps/gcc/11.3.0/bin/gcc -m64 -DPACKAGE_NAME=\"cfitsio\" -DPACKAGE_TARNAME=\"cfitsio\" -DPACKAGE_VERSION=\"4.6.2\" "-DPACKAGE_STRING=\"cfitsio 4.6.2\"" -DPACKAGE_BUGREPORT=\"\" -DPACKAGE_URL=\"\" -DPACKAGE=\"cfitsio\" -DVERSION=\"4.6.2\" -DHAVE_STDIO_H=1 -DHAVE_STDLIB_H=1 -DHAVE_STRING_H=1 -DHAVE_INTTYPES_H=1 -DHAVE_STDINT_H=1 -DHAVE_STRINGS_H=1 -DHAVE_SYS_STAT_H=1 -DHAVE_SYS_TYPES_H=1 -DHAVE_UNISTD_H=1 -DSTDC_HEADERS=1 -DHAVE_DLFCN_H=1 -DLT_OBJDIR=\".libs/\" -DHAVE_STDLIB_H=1 -DHAVE_STRING_H=1 -DHAVE_MATH_H=1 -DHAVE_LIMITS_H=1 -D_LARGEFILE_SOURCE=1 -D_FILE_OFFSET_BITS=64 -DCFITSIO_HAVE_CURL=1 -DHAVE_LIBZ=1 -DHAVE_FTRUNCATE=1 -DHAVE_LONGLONG=1 -DHAVE_SHMEM_SERVICES=1 -DHAVE_FMEMOPEN=1 -DHAVE_NET_SERVICES=1 -I. -DPACKAGE_NAME=\"cfitsio\" -DPACKAGE_TARNAME=\"cfitsio\" -DPACKAGE_VERSION=\"4.6.2\" "-DPACKAGE_STRING=\"cfitsio 4.6.2\"" -DPACKAGE_BUGREPORT=\"\" -DPACKAGE_URL=\"\" -DPACKAGE=\"cfitsio\" -DVERSION=\"4.6.2\" -DHAVE_STDIO_H=1 -DHAVE_STDLIB_H=1 -DHAVE_STRING_H=1 -DHAVE_INTTYPES_H=1 -DHAVE_STDINT_H=1 -DHAVE_STRINGS_H=1 -DHAVE_SYS_STAT_H=1 -DHAVE_SYS_TYPES_H=1 -DHAVE_UNISTD_H=1 -DSTDC_HEADERS=1 -DHAVE_DLFCN_H=1 -DLT_OBJDIR=\".libs/\" -DHAVE_STDLIB_H=1 -DHAVE_STRING_H=1 -DHAVE_MATH_H=1 -DHAVE_LIMITS_H=1 -D_LARGEFILE_SOURCE=1 -D_FILE_OFFSET_BITS=64 -DCFITSIO_HAVE_CURL=1 -DHAVE_LIBZ=1 -DHAVE_FTRUNCATE=1 -DHAVE_LONGLONG=1 -DHAVE_SHMEM_SERVICES=1 -DHAVE_FMEMOPEN=1 -DHAVE_NET_SERVICES=1 -g -O2 -Dg77Fortran -MT libcfitsio_la-wcsutil.lo -MD -MP -MF .deps/libcfitsio_la-wcsutil.Tpo -c wcsutil.c  -fPIC -DPIC -o .libs/libcfitsio_la-wcsutil.o
libtool: compile:  /share/home/apps/gcc/11.3.0/bin/gcc -m64 -DPACKAGE_NAME=\"cfitsio\" -DPACKAGE_TARNAME=\"cfitsio\" -DPACKAGE_VERSION=\"4.6.2\" "-DPACKAGE_STRING=\"cfitsio 4.6.2\"" -DPACKAGE_BUGREPORT=\"\" -DPACKAGE_URL=\"\" -DPACKAGE=\"cfitsio\" -DVERSION=\"4.6.2\" -DHAVE_STDIO_H=1 -DHAVE_STDLIB_H=1 -DHAVE_STRING_H=1 -DHAVE_INTTYPES_H=1 -DHAVE_STDINT_H=1 -DHAVE_STRINGS_H=1 -DHAVE_SYS_STAT_H=1 -DHAVE_SYS_TYPES_H=1 -DHAVE_UNISTD_H=1 -DSTDC_HEADERS=1 -DHAVE_DLFCN_H=1 -DLT_OBJDIR=\".libs/\" -DHAVE_STDLIB_H=1 -DHAVE_STRING_H=1 -DHAVE_MATH_H=1 -DHAVE_LIMITS_H=1 -D_LARGEFILE_SOURCE=1 -D_FILE_OFFSET_BITS=64 -DCFITSIO_HAVE_CURL=1 -DHAVE_LIBZ=1 -DHAVE_FTRUNCATE=1 -DHAVE_LONGLONG=1 -DHAVE_SHMEM_SERVICES=1 -DHAVE_FMEMOPEN=1 -DHAVE_NET_SERVICES=1 -I. -DPACKAGE_NAME=\"cfitsio\" -DPACKAGE_TARNAME=\"cfitsio\" -DPACKAGE_VERSION=\"4.6.2\" "-DPACKAGE_STRING=\"cfitsio 4.6.2\"" -DPACKAGE_BUGREPORT=\"\" -DPACKAGE_URL=\"\" -DPACKAGE=\"cfitsio\" -DVERSION=\"4.6.2\" -DHAVE_STDIO_H=1 -DHAVE_STDLIB_H=1 -DHAVE_STRING_H=1 -DHAVE_INTTYPES_H=1 -DHAVE_STDINT_H=1 -DHAVE_STRINGS_H=1 -DHAVE_SYS_STAT_H=1 -DHAVE_SYS_TYPES_H=1 -DHAVE_UNISTD_H=1 -DSTDC_HEADERS=1 -DHAVE_DLFCN_H=1 -DLT_OBJDIR=\".libs/\" -DHAVE_STDLIB_H=1 -DHAVE_STRING_H=1 -DHAVE_MATH_H=1 -DHAVE_LIMITS_H=1 -D_LARGEFILE_SOURCE=1 -D_FILE_OFFSET_BITS=64 -DCFITSIO_HAVE_CURL=1 -DHAVE_LIBZ=1 -DHAVE_FTRUNCATE=1 -DHAVE_LONGLONG=1 -DHAVE_SHMEM_SERVICES=1 -DHAVE_FMEMOPEN=1 -DHAVE_NET_SERVICES=1 -g -O2 -Dg77Fortran -MT libcfitsio_la-scalnull.lo -MD -MP -MF .deps/libcfitsio_la-scalnull.Tpo -c scalnull.c  -fPIC -DPIC -o .libs/libcfitsio_la-scalnull.o
libtool: compile:  /share/home/apps/gcc/11.3.0/bin/gcc -m64 -DPACKAGE_NAME=\"cfitsio\" -DPACKAGE_TARNAME=\"cfitsio\" -DPACKAGE_VERSION=\"4.6.2\" "-DPACKAGE_STRING=\"cfitsio 4.6.2\"" -DPACKAGE_BUGREPORT=\"\" -DPACKAGE_URL=\"\" -DPACKAGE=\"cfitsio\" -DVERSION=\"4.6.2\" -DHAVE_STDIO_H=1 -DHAVE_STDLIB_H=1 -DHAVE_STRING_H=1 -DHAVE_INTTYPES_H=1 -DHAVE_STDINT_H=1 -DHAVE_STRINGS_H=1 -DHAVE_SYS_STAT_H=1 -DHAVE_SYS_TYPES_H=1 -DHAVE_UNISTD_H=1 -DSTDC_HEADERS=1 -DHAVE_DLFCN_H=1 -DLT_OBJDIR=\".libs/\" -DHAVE_STDLIB_H=1 -DHAVE_STRING_H=1 -DHAVE_MATH_H=1 -DHAVE_LIMITS_H=1 -D_LARGEFILE_SOURCE=1 -D_FILE_OFFSET_BITS=64 -DCFITSIO_HAVE_CURL=1 -DHAVE_LIBZ=1 -DHAVE_FTRUNCATE=1 -DHAVE_LONGLONG=1 -DHAVE_SHMEM_SERVICES=1 -DHAVE_FMEMOPEN=1 -DHAVE_NET_SERVICES=1 -I. -DPACKAGE_NAME=\"cfitsio\" -DPACKAGE_TARNAME=\"cfitsio\" -DPACKAGE_VERSION=\"4.6.2\" "-DPACKAGE_STRING=\"cfitsio 4.6.2\"" -DPACKAGE_BUGREPORT=\"\" -DPACKAGE_URL=\"\" -DPACKAGE=\"cfitsio\" -DVERSION=\"4.6.2\" -DHAVE_STDIO_H=1 -DHAVE_STDLIB_H=1 -DHAVE_STRING_H=1 -DHAVE_INTTYPES_H=1 -DHAVE_STDINT_H=1 -DHAVE_STRINGS_H=1 -DHAVE_SYS_STAT_H=1 -DHAVE_SYS_TYPES_H=1 -DHAVE_UNISTD_H=1 -DSTDC_HEADERS=1 -DHAVE_DLFCN_H=1 -DLT_OBJDIR=\".libs/\" -DHAVE_STDLIB_H=1 -DHAVE_STRING_H=1 -DHAVE_MATH_H=1 -DHAVE_LIMITS_H=1 -D_LARGEFILE_SOURCE=1 -D_FILE_OFFSET_BITS=64 -DCFITSIO_HAVE_CURL=1 -DHAVE_LIBZ=1 -DHAVE_FTRUNCATE=1 -DHAVE_LONGLONG=1 -DHAVE_SHMEM_SERVICES=1 -DHAVE_FMEMOPEN=1 -DHAVE_NET_SERVICES=1 -g -O2 -Dg77Fortran -MT libcfitsio_la-putkey.lo -MD -MP -MF .deps/libcfitsio_la-putkey.Tpo -c putkey.c  -fPIC -DPIC -o .libs/libcfitsio_la-putkey.o
libtool: compile:  /share/home/apps/gcc/11.3.0/bin/gcc -m64 -DPACKAGE_NAME=\"cfitsio\" -DPACKAGE_TARNAME=\"cfitsio\" -DPACKAGE_VERSION=\"4.6.2\" "-DPACKAGE_STRING=\"cfitsio 4.6.2\"" -DPACKAGE_BUGREPORT=\"\" -DPACKAGE_URL=\"\" -DPACKAGE=\"cfitsio\" -DVERSION=\"4.6.2\" -DHAVE_STDIO_H=1 -DHAVE_STDLIB_H=1 -DHAVE_STRING_H=1 -DHAVE_INTTYPES_H=1 -DHAVE_STDINT_H=1 -DHAVE_STRINGS_H=1 -DHAVE_SYS_STAT_H=1 -DHAVE_SYS_TYPES_H=1 -DHAVE_UNISTD_H=1 -DSTDC_HEADERS=1 -DHAVE_DLFCN_H=1 -DLT_OBJDIR=\".libs/\" -DHAVE_STDLIB_H=1 -DHAVE_STRING_H=1 -DHAVE_MATH_H=1 -DHAVE_LIMITS_H=1 -D_LARGEFILE_SOURCE=1 -D_FILE_OFFSET_BITS=64 -DCFITSIO_HAVE_CURL=1 -DHAVE_LIBZ=1 -DHAVE_FTRUNCATE=1 -DHAVE_LONGLONG=1 -DHAVE_SHMEM_SERVICES=1 -DHAVE_FMEMOPEN=1 -DHAVE_NET_SERVICES=1 -I. -DPACKAGE_NAME=\"cfitsio\" -DPACKAGE_TARNAME=\"cfitsio\" -DPACKAGE_VERSION=\"4.6.2\" "-DPACKAGE_STRING=\"cfitsio 4.6.2\"" -DPACKAGE_BUGREPORT=\"\" -DPACKAGE_URL=\"\" -DPACKAGE=\"cfitsio\" -DVERSION=\"4.6.2\" -DHAVE_STDIO_H=1 -DHAVE_STDLIB_H=1 -DHAVE_STRING_H=1 -DHAVE_INTTYPES_H=1 -DHAVE_STDINT_H=1 -DHAVE_STRINGS_H=1 -DHAVE_SYS_STAT_H=1 -DHAVE_SYS_TYPES_H=1 -DHAVE_UNISTD_H=1 -DSTDC_HEADERS=1 -DHAVE_DLFCN_H=1 -DLT_OBJDIR=\".libs/\" -DHAVE_STDLIB_H=1 -DHAVE_STRING_H=1 -DHAVE_MATH_H=1 -DHAVE_LIMITS_H=1 -D_LARGEFILE_SOURCE=1 -D_FILE_OFFSET_BITS=64 -DCFITSIO_HAVE_CURL=1 -DHAVE_LIBZ=1 -DHAVE_FTRUNCATE=1 -DHAVE_LONGLONG=1 -DHAVE_SHMEM_SERVICES=1 -DHAVE_FMEMOPEN=1 -DHAVE_NET_SERVICES=1 -g -O2 -Dg77Fortran -MT libcfitsio_la-quantize.lo -MD -MP -MF .deps/libcfitsio_la-quantize.Tpo -c quantize.c  -fPIC -DPIC -o .libs/libcfitsio_la-quantize.o
libtool: compile:  /share/home/apps/gcc/11.3.0/bin/gcc -m64 -DPACKAGE_NAME=\"cfitsio\" -DPACKAGE_TARNAME=\"cfitsio\" -DPACKAGE_VERSION=\"4.6.2\" "-DPACKAGE_STRING=\"cfitsio 4.6.2\"" -DPACKAGE_BUGREPORT=\"\" -DPACKAGE_URL=\"\" -DPACKAGE=\"cfitsio\" -DVERSION=\"4.6.2\" -DHAVE_STDIO_H=1 -DHAVE_STDLIB_H=1 -DHAVE_STRING_H=1 -DHAVE_INTTYPES_H=1 -DHAVE_STDINT_H=1 -DHAVE_STRINGS_H=1 -DHAVE_SYS_STAT_H=1 -DHAVE_SYS_TYPES_H=1 -DHAVE_UNISTD_H=1 -DSTDC_HEADERS=1 -DHAVE_DLFCN_H=1 -DLT_OBJDIR=\".libs/\" -DHAVE_STDLIB_H=1 -DHAVE_STRING_H=1 -DHAVE_MATH_H=1 -DHAVE_LIMITS_H=1 -D_LARGEFILE_SOURCE=1 -D_FILE_OFFSET_BITS=64 -DCFITSIO_HAVE_CURL=1 -DHAVE_LIBZ=1 -DHAVE_FTRUNCATE=1 -DHAVE_LONGLONG=1 -DHAVE_SHMEM_SERVICES=1 -DHAVE_FMEMOPEN=1 -DHAVE_NET_SERVICES=1 -I. -DPACKAGE_NAME=\"cfitsio\" -DPACKAGE_TARNAME=\"cfitsio\" -DPACKAGE_VERSION=\"4.6.2\" "-DPACKAGE_STRING=\"cfitsio 4.6.2\"" -DPACKAGE_BUGREPORT=\"\" -DPACKAGE_URL=\"\" -DPACKAGE=\"cfitsio\" -DVERSION=\"4.6.2\" -DHAVE_STDIO_H=1 -DHAVE_STDLIB_H=1 -DHAVE_STRING_H=1 -DHAVE_INTTYPES_H=1 -DHAVE_STDINT_H=1 -DHAVE_STRINGS_H=1 -DHAVE_SYS_STAT_H=1 -DHAVE_SYS_TYPES_H=1 -DHAVE_UNISTD_H=1 -DSTDC_HEADERS=1 -DHAVE_DLFCN_H=1 -DLT_OBJDIR=\".libs/\" -DHAVE_STDLIB_H=1 -DHAVE_STRING_H=1 -DHAVE_MATH_H=1 -DHAVE_LIMITS_H=1 -D_LARGEFILE_SOURCE=1 -D_FILE_OFFSET_BITS=64 -DCFITSIO_HAVE_CURL=1 -DHAVE_LIBZ=1 -DHAVE_FTRUNCATE=1 -DHAVE_LONGLONG=1 -DHAVE_SHMEM_SERVICES=1 -DHAVE_FMEMOPEN=1 -DHAVE_NET_SERVICES=1 -g -O2 -Dg77Fortran -MT libcfitsio_la-putcols.lo -MD -MP -MF .deps/libcfitsio_la-putcols.Tpo -c putcols.c  -fPIC -DPIC -o .libs/libcfitsio_la-putcols.o
libtool: compile:  /share/home/apps/gcc/11.3.0/bin/gcc -m64 -DPACKAGE_NAME=\"cfitsio\" -DPACKAGE_TARNAME=\"cfitsio\" -DPACKAGE_VERSION=\"4.6.2\" "-DPACKAGE_STRING=\"cfitsio 4.6.2\"" -DPACKAGE_BUGREPORT=\"\" -DPACKAGE_URL=\"\" -DPACKAGE=\"cfitsio\" -DVERSION=\"4.6.2\" -DHAVE_STDIO_H=1 -DHAVE_STDLIB_H=1 -DHAVE_STRING_H=1 -DHAVE_INTTYPES_H=1 -DHAVE_STDINT_H=1 -DHAVE_STRINGS_H=1 -DHAVE_SYS_STAT_H=1 -DHAVE_SYS_TYPES_H=1 -DHAVE_UNISTD_H=1 -DSTDC_HEADERS=1 -DHAVE_DLFCN_H=1 -DLT_OBJDIR=\".libs/\" -DHAVE_STDLIB_H=1 -DHAVE_STRING_H=1 -DHAVE_MATH_H=1 -DHAVE_LIMITS_H=1 -D_LARGEFILE_SOURCE=1 -D_FILE_OFFSET_BITS=64 -DCFITSIO_HAVE_CURL=1 -DHAVE_LIBZ=1 -DHAVE_FTRUNCATE=1 -DHAVE_LONGLONG=1 -DHAVE_SHMEM_SERVICES=1 -DHAVE_FMEMOPEN=1 -DHAVE_NET_SERVICES=1 -I. -DPACKAGE_NAME=\"cfitsio\" -DPACKAGE_TARNAME=\"cfitsio\" -DPACKAGE_VERSION=\"4.6.2\" "-DPACKAGE_STRING=\"cfitsio 4.6.2\"" -DPACKAGE_BUGREPORT=\"\" -DPACKAGE_URL=\"\" -DPACKAGE=\"cfitsio\" -DVERSION=\"4.6.2\" -DHAVE_STDIO_H=1 -DHAVE_STDLIB_H=1 -DHAVE_STRING_H=1 -DHAVE_INTTYPES_H=1 -DHAVE_STDINT_H=1 -DHAVE_STRINGS_H=1 -DHAVE_SYS_STAT_H=1 -DHAVE_SYS_TYPES_H=1 -DHAVE_UNISTD_H=1 -DSTDC_HEADERS=1 -DHAVE_DLFCN_H=1 -DLT_OBJDIR=\".libs/\" -DHAVE_STDLIB_H=1 -DHAVE_STRING_H=1 -DHAVE_MATH_H=1 -DHAVE_LIMITS_H=1 -D_LARGEFILE_SOURCE=1 -D_FILE_OFFSET_BITS=64 -DCFITSIO_HAVE_CURL=1 -DHAVE_LIBZ=1 -DHAVE_FTRUNCATE=1 -DHAVE_LONGLONG=1 -DHAVE_SHMEM_SERVICES=1 -DHAVE_FMEMOPEN=1 -DHAVE_NET_SERVICES=1 -g -O2 -Dg77Fortran -MT libcfitsio_la-region.lo -MD -MP -MF .deps/libcfitsio_la-region.Tpo -c region.c  -fPIC -DPIC -o .libs/libcfitsio_la-region.o
libtool: compile:  /share/home/apps/gcc/11.3.0/bin/gcc -m64 -DPACKAGE_NAME=\"cfitsio\" -DPACKAGE_TARNAME=\"cfitsio\" -DPACKAGE_VERSION=\"4.6.2\" "-DPACKAGE_STRING=\"cfitsio 4.6.2\"" -DPACKAGE_BUGREPORT=\"\" -DPACKAGE_URL=\"\" -DPACKAGE=\"cfitsio\" -DVERSION=\"4.6.2\" -DHAVE_STDIO_H=1 -DHAVE_STDLIB_H=1 -DHAVE_STRING_H=1 -DHAVE_INTTYPES_H=1 -DHAVE_STDINT_H=1 -DHAVE_STRINGS_H=1 -DHAVE_SYS_STAT_H=1 -DHAVE_SYS_TYPES_H=1 -DHAVE_UNISTD_H=1 -DSTDC_HEADERS=1 -DHAVE_DLFCN_H=1 -DLT_OBJDIR=\".libs/\" -DHAVE_STDLIB_H=1 -DHAVE_STRING_H=1 -DHAVE_MATH_H=1 -DHAVE_LIMITS_H=1 -D_LARGEFILE_SOURCE=1 -D_FILE_OFFSET_BITS=64 -DCFITSIO_HAVE_CURL=1 -DHAVE_LIBZ=1 -DHAVE_FTRUNCATE=1 -DHAVE_LONGLONG=1 -DHAVE_SHMEM_SERVICES=1 -DHAVE_FMEMOPEN=1 -DHAVE_NET_SERVICES=1 -I. -DPACKAGE_NAME=\"cfitsio\" -DPACKAGE_TARNAME=\"cfitsio\" -DPACKAGE_VERSION=\"4.6.2\" "-DPACKAGE_STRING=\"cfitsio 4.6.2\"" -DPACKAGE_BUGREPORT=\"\" -DPACKAGE_URL=\"\" -DPACKAGE=\"cfitsio\" -DVERSION=\"4.6.2\" -DHAVE_STDIO_H=1 -DHAVE_STDLIB_H=1 -DHAVE_STRING_H=1 -DHAVE_INTTYPES_H=1 -DHAVE_STDINT_H=1 -DHAVE_STRINGS_H=1 -DHAVE_SYS_STAT_H=1 -DHAVE_SYS_TYPES_H=1 -DHAVE_UNISTD_H=1 -DSTDC_HEADERS=1 -DHAVE_DLFCN_H=1 -DLT_OBJDIR=\".libs/\" -DHAVE_STDLIB_H=1 -DHAVE_STRING_H=1 -DHAVE_MATH_H=1 -DHAVE_LIMITS_H=1 -D_LARGEFILE_SOURCE=1 -D_FILE_OFFSET_BITS=64 -DCFITSIO_HAVE_CURL=1 -DHAVE_LIBZ=1 -DHAVE_FTRUNCATE=1 -DHAVE_LONGLONG=1 -DHAVE_SHMEM_SERVICES=1 -DHAVE_FMEMOPEN=1 -DHAVE_NET_SERVICES=1 -g -O2 -Dg77Fortran -MT libcfitsio_la-swapproc.lo -MD -MP -MF .deps/libcfitsio_la-swapproc.Tpo -c swapproc.c  -fPIC -DPIC -o .libs/libcfitsio_la-swapproc.o
libtool: compile:  /share/home/apps/gcc/11.3.0/bin/gcc -m64 -DPACKAGE_NAME=\"cfitsio\" -DPACKAGE_TARNAME=\"cfitsio\" -DPACKAGE_VERSION=\"4.6.2\" "-DPACKAGE_STRING=\"cfitsio 4.6.2\"" -DPACKAGE_BUGREPORT=\"\" -DPACKAGE_URL=\"\" -DPACKAGE=\"cfitsio\" -DVERSION=\"4.6.2\" -DHAVE_STDIO_H=1 -DHAVE_STDLIB_H=1 -DHAVE_STRING_H=1 -DHAVE_INTTYPES_H=1 -DHAVE_STDINT_H=1 -DHAVE_STRINGS_H=1 -DHAVE_SYS_STAT_H=1 -DHAVE_SYS_TYPES_H=1 -DHAVE_UNISTD_H=1 -DSTDC_HEADERS=1 -DHAVE_DLFCN_H=1 -DLT_OBJDIR=\".libs/\" -DHAVE_STDLIB_H=1 -DHAVE_STRING_H=1 -DHAVE_MATH_H=1 -DHAVE_LIMITS_H=1 -D_LARGEFILE_SOURCE=1 -D_FILE_OFFSET_BITS=64 -DCFITSIO_HAVE_CURL=1 -DHAVE_LIBZ=1 -DHAVE_FTRUNCATE=1 -DHAVE_LONGLONG=1 -DHAVE_SHMEM_SERVICES=1 -DHAVE_FMEMOPEN=1 -DHAVE_NET_SERVICES=1 -I. -DPACKAGE_NAME=\"cfitsio\" -DPACKAGE_TARNAME=\"cfitsio\" -DPACKAGE_VERSION=\"4.6.2\" "-DPACKAGE_STRING=\"cfitsio 4.6.2\"" -DPACKAGE_BUGREPORT=\"\" -DPACKAGE_URL=\"\" -DPACKAGE=\"cfitsio\" -DVERSION=\"4.6.2\" -DHAVE_STDIO_H=1 -DHAVE_STDLIB_H=1 -DHAVE_STRING_H=1 -DHAVE_INTTYPES_H=1 -DHAVE_STDINT_H=1 -DHAVE_STRINGS_H=1 -DHAVE_SYS_STAT_H=1 -DHAVE_SYS_TYPES_H=1 -DHAVE_UNISTD_H=1 -DSTDC_HEADERS=1 -DHAVE_DLFCN_H=1 -DLT_OBJDIR=\".libs/\" -DHAVE_STDLIB_H=1 -DHAVE_STRING_H=1 -DHAVE_MATH_H=1 -DHAVE_LIMITS_H=1 -D_LARGEFILE_SOURCE=1 -D_FILE_OFFSET_BITS=64 -DCFITSIO_HAVE_CURL=1 -DHAVE_LIBZ=1 -DHAVE_FTRUNCATE=1 -DHAVE_LONGLONG=1 -DHAVE_SHMEM_SERVICES=1 -DHAVE_FMEMOPEN=1 -DHAVE_NET_SERVICES=1 -g -O2 -Dg77Fortran -MT libcfitsio_la-putcolui.lo -MD -MP -MF .deps/libcfitsio_la-putcolui.Tpo -c putcolui.c  -fPIC -DPIC -o .libs/libcfitsio_la-putcolui.o
libtool: compile:  /share/home/apps/gcc/11.3.0/bin/gcc -m64 -DPACKAGE_NAME=\"cfitsio\" -DPACKAGE_TARNAME=\"cfitsio\" -DPACKAGE_VERSION=\"4.6.2\" "-DPACKAGE_STRING=\"cfitsio 4.6.2\"" -DPACKAGE_BUGREPORT=\"\" -DPACKAGE_URL=\"\" -DPACKAGE=\"cfitsio\" -DVERSION=\"4.6.2\" -DHAVE_STDIO_H=1 -DHAVE_STDLIB_H=1 -DHAVE_STRING_H=1 -DHAVE_INTTYPES_H=1 -DHAVE_STDINT_H=1 -DHAVE_STRINGS_H=1 -DHAVE_SYS_STAT_H=1 -DHAVE_SYS_TYPES_H=1 -DHAVE_UNISTD_H=1 -DSTDC_HEADERS=1 -DHAVE_DLFCN_H=1 -DLT_OBJDIR=\".libs/\" -DHAVE_STDLIB_H=1 -DHAVE_STRING_H=1 -DHAVE_MATH_H=1 -DHAVE_LIMITS_H=1 -D_LARGEFILE_SOURCE=1 -D_FILE_OFFSET_BITS=64 -DCFITSIO_HAVE_CURL=1 -DHAVE_LIBZ=1 -DHAVE_FTRUNCATE=1 -DHAVE_LONGLONG=1 -DHAVE_SHMEM_SERVICES=1 -DHAVE_FMEMOPEN=1 -DHAVE_NET_SERVICES=1 -I. -DPACKAGE_NAME=\"cfitsio\" -DPACKAGE_TARNAME=\"cfitsio\" -DPACKAGE_VERSION=\"4.6.2\" "-DPACKAGE_STRING=\"cfitsio 4.6.2\"" -DPACKAGE_BUGREPORT=\"\" -DPACKAGE_URL=\"\" -DPACKAGE=\"cfitsio\" -DVERSION=\"4.6.2\" -DHAVE_STDIO_H=1 -DHAVE_STDLIB_H=1 -DHAVE_STRING_H=1 -DHAVE_INTTYPES_H=1 -DHAVE_STDINT_H=1 -DHAVE_STRINGS_H=1 -DHAVE_SYS_STAT_H=1 -DHAVE_SYS_TYPES_H=1 -DHAVE_UNISTD_H=1 -DSTDC_HEADERS=1 -DHAVE_DLFCN_H=1 -DLT_OBJDIR=\".libs/\" -DHAVE_STDLIB_H=1 -DHAVE_STRING_H=1 -DHAVE_MATH_H=1 -DHAVE_LIMITS_H=1 -D_LARGEFILE_SOURCE=1 -D_FILE_OFFSET_BITS=64 -DCFITSIO_HAVE_CURL=1 -DHAVE_LIBZ=1 -DHAVE_FTRUNCATE=1 -DHAVE_LONGLONG=1 -DHAVE_SHMEM_SERVICES=1 -DHAVE_FMEMOPEN=1 -DHAVE_NET_SERVICES=1 -g -O2 -Dg77Fortran -MT libcfitsio_la-fits_hcompress.lo -MD -MP -MF .deps/libcfitsio_la-fits_hcompress.Tpo -c fits_hcompress.c  -fPIC -DPIC -o .libs/libcfitsio_la-fits_hcompress.o
libtool: compile:  /share/home/apps/gcc/11.3.0/bin/gcc -m64 -DPACKAGE_NAME=\"cfitsio\" -DPACKAGE_TARNAME=\"cfitsio\" -DPACKAGE_VERSION=\"4.6.2\" "-DPACKAGE_STRING=\"cfitsio 4.6.2\"" -DPACKAGE_BUGREPORT=\"\" -DPACKAGE_URL=\"\" -DPACKAGE=\"cfitsio\" -DVERSION=\"4.6.2\" -DHAVE_STDIO_H=1 -DHAVE_STDLIB_H=1 -DHAVE_STRING_H=1 -DHAVE_INTTYPES_H=1 -DHAVE_STDINT_H=1 -DHAVE_STRINGS_H=1 -DHAVE_SYS_STAT_H=1 -DHAVE_SYS_TYPES_H=1 -DHAVE_UNISTD_H=1 -DSTDC_HEADERS=1 -DHAVE_DLFCN_H=1 -DLT_OBJDIR=\".libs/\" -DHAVE_STDLIB_H=1 -DHAVE_STRING_H=1 -DHAVE_MATH_H=1 -DHAVE_LIMITS_H=1 -D_LARGEFILE_SOURCE=1 -D_FILE_OFFSET_BITS=64 -DCFITSIO_HAVE_CURL=1 -DHAVE_LIBZ=1 -DHAVE_FTRUNCATE=1 -DHAVE_LONGLONG=1 -DHAVE_SHMEM_SERVICES=1 -DHAVE_FMEMOPEN=1 -DHAVE_NET_SERVICES=1 -I. -DPACKAGE_NAME=\"cfitsio\" -DPACKAGE_TARNAME=\"cfitsio\" -DPACKAGE_VERSION=\"4.6.2\" "-DPACKAGE_STRING=\"cfitsio 4.6.2\"" -DPACKAGE_BUGREPORT=\"\" -DPACKAGE_URL=\"\" -DPACKAGE=\"cfitsio\" -DVERSION=\"4.6.2\" -DHAVE_STDIO_H=1 -DHAVE_STDLIB_H=1 -DHAVE_STRING_H=1 -DHAVE_INTTYPES_H=1 -DHAVE_STDINT_H=1 -DHAVE_STRINGS_H=1 -DHAVE_SYS_STAT_H=1 -DHAVE_SYS_TYPES_H=1 -DHAVE_UNISTD_H=1 -DSTDC_HEADERS=1 -DHAVE_DLFCN_H=1 -DLT_OBJDIR=\".libs/\" -DHAVE_STDLIB_H=1 -DHAVE_STRING_H=1 -DHAVE_MATH_H=1 -DHAVE_LIMITS_H=1 -D_LARGEFILE_SOURCE=1 -D_FILE_OFFSET_BITS=64 -DCFITSIO_HAVE_CURL=1 -DHAVE_LIBZ=1 -DHAVE_FTRUNCATE=1 -DHAVE_LONGLONG=1 -DHAVE_SHMEM_SERVICES=1 -DHAVE_FMEMOPEN=1 -DHAVE_NET_SERVICES=1 -g -O2 -Dg77Fortran -MT libcfitsio_la-imcompress.lo -MD -MP -MF .deps/libcfitsio_la-imcompress.Tpo -c imcompress.c  -fPIC -DPIC -o .libs/libcfitsio_la-imcompress.o
libtool: compile:  /share/home/apps/gcc/11.3.0/bin/gcc -m64 -DPACKAGE_NAME=\"cfitsio\" -DPACKAGE_TARNAME=\"cfitsio\" -DPACKAGE_VERSION=\"4.6.2\" "-DPACKAGE_STRING=\"cfitsio 4.6.2\"" -DPACKAGE_BUGREPORT=\"\" -DPACKAGE_URL=\"\" -DPACKAGE=\"cfitsio\" -DVERSION=\"4.6.2\" -DHAVE_STDIO_H=1 -DHAVE_STDLIB_H=1 -DHAVE_STRING_H=1 -DHAVE_INTTYPES_H=1 -DHAVE_STDINT_H=1 -DHAVE_STRINGS_H=1 -DHAVE_SYS_STAT_H=1 -DHAVE_SYS_TYPES_H=1 -DHAVE_UNISTD_H=1 -DSTDC_HEADERS=1 -DHAVE_DLFCN_H=1 -DLT_OBJDIR=\".libs/\" -DHAVE_STDLIB_H=1 -DHAVE_STRING_H=1 -DHAVE_MATH_H=1 -DHAVE_LIMITS_H=1 -D_LARGEFILE_SOURCE=1 -D_FILE_OFFSET_BITS=64 -DCFITSIO_HAVE_CURL=1 -DHAVE_LIBZ=1 -DHAVE_FTRUNCATE=1 -DHAVE_LONGLONG=1 -DHAVE_SHMEM_SERVICES=1 -DHAVE_FMEMOPEN=1 -DHAVE_NET_SERVICES=1 -I. -DPACKAGE_NAME=\"cfitsio\" -DPACKAGE_TARNAME=\"cfitsio\" -DPACKAGE_VERSION=\"4.6.2\" "-DPACKAGE_STRING=\"cfitsio 4.6.2\"" -DPACKAGE_BUGREPORT=\"\" -DPACKAGE_URL=\"\" -DPACKAGE=\"cfitsio\" -DVERSION=\"4.6.2\" -DHAVE_STDIO_H=1 -DHAVE_STDLIB_H=1 -DHAVE_STRING_H=1 -DHAVE_INTTYPES_H=1 -DHAVE_STDINT_H=1 -DHAVE_STRINGS_H=1 -DHAVE_SYS_STAT_H=1 -DHAVE_SYS_TYPES_H=1 -DHAVE_UNISTD_H=1 -DSTDC_HEADERS=1 -DHAVE_DLFCN_H=1 -DLT_OBJDIR=\".libs/\" -DHAVE_STDLIB_H=1 -DHAVE_STRING_H=1 -DHAVE_MATH_H=1 -DHAVE_LIMITS_H=1 -D_LARGEFILE_SOURCE=1 -D_FILE_OFFSET_BITS=64 -DCFITSIO_HAVE_CURL=1 -DHAVE_LIBZ=1 -DHAVE_FTRUNCATE=1 -DHAVE_LONGLONG=1 -DHAVE_SHMEM_SERVICES=1 -DHAVE_FMEMOPEN=1 -DHAVE_NET_SERVICES=1 -g -O2 -Dg77Fortran -MT libcfitsio_la-f77_wrap3.lo -MD -MP -MF .deps/libcfitsio_la-f77_wrap3.Tpo -c f77_wrap3.c  -fPIC -DPIC -o .libs/libcfitsio_la-f77_wrap3.o
libtool: compile:  /share/home/apps/gcc/11.3.0/bin/gcc -m64 -DPACKAGE_NAME=\"cfitsio\" -DPACKAGE_TARNAME=\"cfitsio\" -DPACKAGE_VERSION=\"4.6.2\" "-DPACKAGE_STRING=\"cfitsio 4.6.2\"" -DPACKAGE_BUGREPORT=\"\" -DPACKAGE_URL=\"\" -DPACKAGE=\"cfitsio\" -DVERSION=\"4.6.2\" -DHAVE_STDIO_H=1 -DHAVE_STDLIB_H=1 -DHAVE_STRING_H=1 -DHAVE_INTTYPES_H=1 -DHAVE_STDINT_H=1 -DHAVE_STRINGS_H=1 -DHAVE_SYS_STAT_H=1 -DHAVE_SYS_TYPES_H=1 -DHAVE_UNISTD_H=1 -DSTDC_HEADERS=1 -DHAVE_DLFCN_H=1 -DLT_OBJDIR=\".libs/\" -DHAVE_STDLIB_H=1 -DHAVE_STRING_H=1 -DHAVE_MATH_H=1 -DHAVE_LIMITS_H=1 -D_LARGEFILE_SOURCE=1 -D_FILE_OFFSET_BITS=64 -DCFITSIO_HAVE_CURL=1 -DHAVE_LIBZ=1 -DHAVE_FTRUNCATE=1 -DHAVE_LONGLONG=1 -DHAVE_SHMEM_SERVICES=1 -DHAVE_FMEMOPEN=1 -DHAVE_NET_SERVICES=1 -I. -DPACKAGE_NAME=\"cfitsio\" -DPACKAGE_TARNAME=\"cfitsio\" -DPACKAGE_VERSION=\"4.6.2\" "-DPACKAGE_STRING=\"cfitsio 4.6.2\"" -DPACKAGE_BUGREPORT=\"\" -DPACKAGE_URL=\"\" -DPACKAGE=\"cfitsio\" -DVERSION=\"4.6.2\" -DHAVE_STDIO_H=1 -DHAVE_STDLIB_H=1 -DHAVE_STRING_H=1 -DHAVE_INTTYPES_H=1 -DHAVE_STDINT_H=1 -DHAVE_STRINGS_H=1 -DHAVE_SYS_STAT_H=1 -DHAVE_SYS_TYPES_H=1 -DHAVE_UNISTD_H=1 -DSTDC_HEADERS=1 -DHAVE_DLFCN_H=1 -DLT_OBJDIR=\".libs/\" -DHAVE_STDLIB_H=1 -DHAVE_STRING_H=1 -DHAVE_MATH_H=1 -DHAVE_LIMITS_H=1 -D_LARGEFILE_SOURCE=1 -D_FILE_OFFSET_BITS=64 -DCFITSIO_HAVE_CURL=1 -DHAVE_LIBZ=1 -DHAVE_FTRUNCATE=1 -DHAVE_LONGLONG=1 -DHAVE_SHMEM_SERVICES=1 -DHAVE_FMEMOPEN=1 -DHAVE_NET_SERVICES=1 -g -O2 -Dg77Fortran -MT libcfitsio_la-ricecomp.lo -MD -MP -MF .deps/libcfitsio_la-ricecomp.Tpo -c ricecomp.c  -fPIC -DPIC -o .libs/libcfitsio_la-ricecomp.o
libtool: compile:  /share/home/apps/gcc/11.3.0/bin/gcc -m64 -DPACKAGE_NAME=\"cfitsio\" -DPACKAGE_TARNAME=\"cfitsio\" -DPACKAGE_VERSION=\"4.6.2\" "-DPACKAGE_STRING=\"cfitsio 4.6.2\"" -DPACKAGE_BUGREPORT=\"\" -DPACKAGE_URL=\"\" -DPACKAGE=\"cfitsio\" -DVERSION=\"4.6.2\" -DHAVE_STDIO_H=1 -DHAVE_STDLIB_H=1 -DHAVE_STRING_H=1 -DHAVE_INTTYPES_H=1 -DHAVE_STDINT_H=1 -DHAVE_STRINGS_H=1 -DHAVE_SYS_STAT_H=1 -DHAVE_SYS_TYPES_H=1 -DHAVE_UNISTD_H=1 -DSTDC_HEADERS=1 -DHAVE_DLFCN_H=1 -DLT_OBJDIR=\".libs/\" -DHAVE_STDLIB_H=1 -DHAVE_STRING_H=1 -DHAVE_MATH_H=1 -DHAVE_LIMITS_H=1 -D_LARGEFILE_SOURCE=1 -D_FILE_OFFSET_BITS=64 -DCFITSIO_HAVE_CURL=1 -DHAVE_LIBZ=1 -DHAVE_FTRUNCATE=1 -DHAVE_LONGLONG=1 -DHAVE_SHMEM_SERVICES=1 -DHAVE_FMEMOPEN=1 -DHAVE_NET_SERVICES=1 -I. -DPACKAGE_NAME=\"cfitsio\" -DPACKAGE_TARNAME=\"cfitsio\" -DPACKAGE_VERSION=\"4.6.2\" "-DPACKAGE_STRING=\"cfitsio 4.6.2\"" -DPACKAGE_BUGREPORT=\"\" -DPACKAGE_URL=\"\" -DPACKAGE=\"cfitsio\" -DVERSION=\"4.6.2\" -DHAVE_STDIO_H=1 -DHAVE_STDLIB_H=1 -DHAVE_STRING_H=1 -DHAVE_INTTYPES_H=1 -DHAVE_STDINT_H=1 -DHAVE_STRINGS_H=1 -DHAVE_SYS_STAT_H=1 -DHAVE_SYS_TYPES_H=1 -DHAVE_UNISTD_H=1 -DSTDC_HEADERS=1 -DHAVE_DLFCN_H=1 -DLT_OBJDIR=\".libs/\" -DHAVE_STDLIB_H=1 -DHAVE_STRING_H=1 -DHAVE_MATH_H=1 -DHAVE_LIMITS_H=1 -D_LARGEFILE_SOURCE=1 -D_FILE_OFFSET_BITS=64 -DCFITSIO_HAVE_CURL=1 -DHAVE_LIBZ=1 -DHAVE_FTRUNCATE=1 -DHAVE_LONGLONG=1 -DHAVE_SHMEM_SERVICES=1 -DHAVE_FMEMOPEN=1 -DHAVE_NET_SERVICES=1 -g -O2 -Dg77Fortran -MT libcfitsio_la-simplerng.lo -MD -MP -MF .deps/libcfitsio_la-simplerng.Tpo -c simplerng.c  -fPIC -DPIC -o .libs/libcfitsio_la-simplerng.o
libtool: compile:  /share/home/apps/gcc/11.3.0/bin/gcc -m64 -DPACKAGE_NAME=\"cfitsio\" -DPACKAGE_TARNAME=\"cfitsio\" -DPACKAGE_VERSION=\"4.6.2\" "-DPACKAGE_STRING=\"cfitsio 4.6.2\"" -DPACKAGE_BUGREPORT=\"\" -DPACKAGE_URL=\"\" -DPACKAGE=\"cfitsio\" -DVERSION=\"4.6.2\" -DHAVE_STDIO_H=1 -DHAVE_STDLIB_H=1 -DHAVE_STRING_H=1 -DHAVE_INTTYPES_H=1 -DHAVE_STDINT_H=1 -DHAVE_STRINGS_H=1 -DHAVE_SYS_STAT_H=1 -DHAVE_SYS_TYPES_H=1 -DHAVE_UNISTD_H=1 -DSTDC_HEADERS=1 -DHAVE_DLFCN_H=1 -DLT_OBJDIR=\".libs/\" -DHAVE_STDLIB_H=1 -DHAVE_STRING_H=1 -DHAVE_MATH_H=1 -DHAVE_LIMITS_H=1 -D_LARGEFILE_SOURCE=1 -D_FILE_OFFSET_BITS=64 -DCFITSIO_HAVE_CURL=1 -DHAVE_LIBZ=1 -DHAVE_FTRUNCATE=1 -DHAVE_LONGLONG=1 -DHAVE_SHMEM_SERVICES=1 -DHAVE_FMEMOPEN=1 -DHAVE_NET_SERVICES=1 -I. -DPACKAGE_NAME=\"cfitsio\" -DPACKAGE_TARNAME=\"cfitsio\" -DPACKAGE_VERSION=\"4.6.2\" "-DPACKAGE_STRING=\"cfitsio 4.6.2\"" -DPACKAGE_BUGREPORT=\"\" -DPACKAGE_URL=\"\" -DPACKAGE=\"cfitsio\" -DVERSION=\"4.6.2\" -DHAVE_STDIO_H=1 -DHAVE_STDLIB_H=1 -DHAVE_STRING_H=1 -DHAVE_INTTYPES_H=1 -DHAVE_STDINT_H=1 -DHAVE_STRINGS_H=1 -DHAVE_SYS_STAT_H=1 -DHAVE_SYS_TYPES_H=1 -DHAVE_UNISTD_H=1 -DSTDC_HEADERS=1 -DHAVE_DLFCN_H=1 -DLT_OBJDIR=\".libs/\" -DHAVE_STDLIB_H=1 -DHAVE_STRING_H=1 -DHAVE_MATH_H=1 -DHAVE_LIMITS_H=1 -D_LARGEFILE_SOURCE=1 -D_FILE_OFFSET_BITS=64 -DCFITSIO_HAVE_CURL=1 -DHAVE_LIBZ=1 -DHAVE_FTRUNCATE=1 -DHAVE_LONGLONG=1 -DHAVE_SHMEM_SERVICES=1 -DHAVE_FMEMOPEN=1 -DHAVE_NET_SERVICES=1 -g -O2 -Dg77Fortran -MT libcfitsio_la-f77_wrap2.lo -MD -MP -MF .deps/libcfitsio_la-f77_wrap2.Tpo -c f77_wrap2.c  -fPIC -DPIC -o .libs/libcfitsio_la-f77_wrap2.o
libtool: compile:  /share/home/apps/gcc/11.3.0/bin/gcc -m64 -DPACKAGE_NAME=\"cfitsio\" -DPACKAGE_TARNAME=\"cfitsio\" -DPACKAGE_VERSION=\"4.6.2\" "-DPACKAGE_STRING=\"cfitsio 4.6.2\"" -DPACKAGE_BUGREPORT=\"\" -DPACKAGE_URL=\"\" -DPACKAGE=\"cfitsio\" -DVERSION=\"4.6.2\" -DHAVE_STDIO_H=1 -DHAVE_STDLIB_H=1 -DHAVE_STRING_H=1 -DHAVE_INTTYPES_H=1 -DHAVE_STDINT_H=1 -DHAVE_STRINGS_H=1 -DHAVE_SYS_STAT_H=1 -DHAVE_SYS_TYPES_H=1 -DHAVE_UNISTD_H=1 -DSTDC_HEADERS=1 -DHAVE_DLFCN_H=1 -DLT_OBJDIR=\".libs/\" -DHAVE_STDLIB_H=1 -DHAVE_STRING_H=1 -DHAVE_MATH_H=1 -DHAVE_LIMITS_H=1 -D_LARGEFILE_SOURCE=1 -D_FILE_OFFSET_BITS=64 -DCFITSIO_HAVE_CURL=1 -DHAVE_LIBZ=1 -DHAVE_FTRUNCATE=1 -DHAVE_LONGLONG=1 -DHAVE_SHMEM_SERVICES=1 -DHAVE_FMEMOPEN=1 -DHAVE_NET_SERVICES=1 -I. -DPACKAGE_NAME=\"cfitsio\" -DPACKAGE_TARNAME=\"cfitsio\" -DPACKAGE_VERSION=\"4.6.2\" "-DPACKAGE_STRING=\"cfitsio 4.6.2\"" -DPACKAGE_BUGREPORT=\"\" -DPACKAGE_URL=\"\" -DPACKAGE=\"cfitsio\" -DVERSION=\"4.6.2\" -DHAVE_STDIO_H=1 -DHAVE_STDLIB_H=1 -DHAVE_STRING_H=1 -DHAVE_INTTYPES_H=1 -DHAVE_STDINT_H=1 -DHAVE_STRINGS_H=1 -DHAVE_SYS_STAT_H=1 -DHAVE_SYS_TYPES_H=1 -DHAVE_UNISTD_H=1 -DSTDC_HEADERS=1 -DHAVE_DLFCN_H=1 -DLT_OBJDIR=\".libs/\" -DHAVE_STDLIB_H=1 -DHAVE_STRING_H=1 -DHAVE_MATH_H=1 -DHAVE_LIMITS_H=1 -D_LARGEFILE_SOURCE=1 -D_FILE_OFFSET_BITS=64 -DCFITSIO_HAVE_CURL=1 -DHAVE_LIBZ=1 -DHAVE_FTRUNCATE=1 -DHAVE_LONGLONG=1 -DHAVE_SHMEM_SERVICES=1 -DHAVE_FMEMOPEN=1 -DHAVE_NET_SERVICES=1 -g -O2 -Dg77Fortran -MT libcfitsio_la-zcompress.lo -MD -MP -MF .deps/libcfitsio_la-zcompress.Tpo -c zcompress.c  -fPIC -DPIC -o .libs/libcfitsio_la-zcompress.o
libtool: compile:  /share/home/apps/gcc/11.3.0/bin/gcc -m64 -DPACKAGE_NAME=\"cfitsio\" -DPACKAGE_TARNAME=\"cfitsio\" -DPACKAGE_VERSION=\"4.6.2\" "-DPACKAGE_STRING=\"cfitsio 4.6.2\"" -DPACKAGE_BUGREPORT=\"\" -DPACKAGE_URL=\"\" -DPACKAGE=\"cfitsio\" -DVERSION=\"4.6.2\" -DHAVE_STDIO_H=1 -DHAVE_STDLIB_H=1 -DHAVE_STRING_H=1 -DHAVE_INTTYPES_H=1 -DHAVE_STDINT_H=1 -DHAVE_STRINGS_H=1 -DHAVE_SYS_STAT_H=1 -DHAVE_SYS_TYPES_H=1 -DHAVE_UNISTD_H=1 -DSTDC_HEADERS=1 -DHAVE_DLFCN_H=1 -DLT_OBJDIR=\".libs/\" -DHAVE_STDLIB_H=1 -DHAVE_STRING_H=1 -DHAVE_MATH_H=1 -DHAVE_LIMITS_H=1 -D_LARGEFILE_SOURCE=1 -D_FILE_OFFSET_BITS=64 -DCFITSIO_HAVE_CURL=1 -DHAVE_LIBZ=1 -DHAVE_FTRUNCATE=1 -DHAVE_LONGLONG=1 -DHAVE_SHMEM_SERVICES=1 -DHAVE_FMEMOPEN=1 -DHAVE_NET_SERVICES=1 -I. -DPACKAGE_NAME=\"cfitsio\" -DPACKAGE_TARNAME=\"cfitsio\" -DPACKAGE_VERSION=\"4.6.2\" "-DPACKAGE_STRING=\"cfitsio 4.6.2\"" -DPACKAGE_BUGREPORT=\"\" -DPACKAGE_URL=\"\" -DPACKAGE=\"cfitsio\" -DVERSION=\"4.6.2\" -DHAVE_STDIO_H=1 -DHAVE_STDLIB_H=1 -DHAVE_STRING_H=1 -DHAVE_INTTYPES_H=1 -DHAVE_STDINT_H=1 -DHAVE_STRINGS_H=1 -DHAVE_SYS_STAT_H=1 -DHAVE_SYS_TYPES_H=1 -DHAVE_UNISTD_H=1 -DSTDC_HEADERS=1 -DHAVE_DLFCN_H=1 -DLT_OBJDIR=\".libs/\" -DHAVE_STDLIB_H=1 -DHAVE_STRING_H=1 -DHAVE_MATH_H=1 -DHAVE_LIMITS_H=1 -D_LARGEFILE_SOURCE=1 -D_FILE_OFFSET_BITS=64 -DCFITSIO_HAVE_CURL=1 -DHAVE_LIBZ=1 -DHAVE_FTRUNCATE=1 -DHAVE_LONGLONG=1 -DHAVE_SHMEM_SERVICES=1 -DHAVE_FMEMOPEN=1 -DHAVE_NET_SERVICES=1 -g -O2 -Dg77Fortran -MT libcfitsio_la-f77_wrap1.lo -MD -MP -MF .deps/libcfitsio_la-f77_wrap1.Tpo -c f77_wrap1.c  -fPIC -DPIC -o .libs/libcfitsio_la-f77_wrap1.o
libtool: compile:  /share/home/apps/gcc/11.3.0/bin/gcc -m64 -DPACKAGE_NAME=\"cfitsio\" -DPACKAGE_TARNAME=\"cfitsio\" -DPACKAGE_VERSION=\"4.6.2\" "-DPACKAGE_STRING=\"cfitsio 4.6.2\"" -DPACKAGE_BUGREPORT=\"\" -DPACKAGE_URL=\"\" -DPACKAGE=\"cfitsio\" -DVERSION=\"4.6.2\" -DHAVE_STDIO_H=1 -DHAVE_STDLIB_H=1 -DHAVE_STRING_H=1 -DHAVE_INTTYPES_H=1 -DHAVE_STDINT_H=1 -DHAVE_STRINGS_H=1 -DHAVE_SYS_STAT_H=1 -DHAVE_SYS_TYPES_H=1 -DHAVE_UNISTD_H=1 -DSTDC_HEADERS=1 -DHAVE_DLFCN_H=1 -DLT_OBJDIR=\".libs/\" -DHAVE_STDLIB_H=1 -DHAVE_STRING_H=1 -DHAVE_MATH_H=1 -DHAVE_LIMITS_H=1 -D_LARGEFILE_SOURCE=1 -D_FILE_OFFSET_BITS=64 -DCFITSIO_HAVE_CURL=1 -DHAVE_LIBZ=1 -DHAVE_FTRUNCATE=1 -DHAVE_LONGLONG=1 -DHAVE_SHMEM_SERVICES=1 -DHAVE_FMEMOPEN=1 -DHAVE_NET_SERVICES=1 -I. -DPACKAGE_NAME=\"cfitsio\" -DPACKAGE_TARNAME=\"cfitsio\" -DPACKAGE_VERSION=\"4.6.2\" "-DPACKAGE_STRING=\"cfitsio 4.6.2\"" -DPACKAGE_BUGREPORT=\"\" -DPACKAGE_URL=\"\" -DPACKAGE=\"cfitsio\" -DVERSION=\"4.6.2\" -DHAVE_STDIO_H=1 -DHAVE_STDLIB_H=1 -DHAVE_STRING_H=1 -DHAVE_INTTYPES_H=1 -DHAVE_STDINT_H=1 -DHAVE_STRINGS_H=1 -DHAVE_SYS_STAT_H=1 -DHAVE_SYS_TYPES_H=1 -DHAVE_UNISTD_H=1 -DSTDC_HEADERS=1 -DHAVE_DLFCN_H=1 -DLT_OBJDIR=\".libs/\" -DHAVE_STDLIB_H=1 -DHAVE_STRING_H=1 -DHAVE_MATH_H=1 -DHAVE_LIMITS_H=1 -D_LARGEFILE_SOURCE=1 -D_FILE_OFFSET_BITS=64 -DCFITSIO_HAVE_CURL=1 -DHAVE_LIBZ=1 -DHAVE_FTRUNCATE=1 -DHAVE_LONGLONG=1 -DHAVE_SHMEM_SERVICES=1 -DHAVE_FMEMOPEN=1 -DHAVE_NET_SERVICES=1 -g -O2 -Dg77Fortran -MT libcfitsio_la-pliocomp.lo -MD -MP -MF .deps/libcfitsio_la-pliocomp.Tpo -c pliocomp.c  -fPIC -DPIC -o .libs/libcfitsio_la-pliocomp.o
libtool: compile:  /share/home/apps/gcc/11.3.0/bin/gcc -m64 -DPACKAGE_NAME=\"cfitsio\" -DPACKAGE_TARNAME=\"cfitsio\" -DPACKAGE_VERSION=\"4.6.2\" "-DPACKAGE_STRING=\"cfitsio 4.6.2\"" -DPACKAGE_BUGREPORT=\"\" -DPACKAGE_URL=\"\" -DPACKAGE=\"cfitsio\" -DVERSION=\"4.6.2\" -DHAVE_STDIO_H=1 -DHAVE_STDLIB_H=1 -DHAVE_STRING_H=1 -DHAVE_INTTYPES_H=1 -DHAVE_STDINT_H=1 -DHAVE_STRINGS_H=1 -DHAVE_SYS_STAT_H=1 -DHAVE_SYS_TYPES_H=1 -DHAVE_UNISTD_H=1 -DSTDC_HEADERS=1 -DHAVE_DLFCN_H=1 -DLT_OBJDIR=\".libs/\" -DHAVE_STDLIB_H=1 -DHAVE_STRING_H=1 -DHAVE_MATH_H=1 -DHAVE_LIMITS_H=1 -D_LARGEFILE_SOURCE=1 -D_FILE_OFFSET_BITS=64 -DCFITSIO_HAVE_CURL=1 -DHAVE_LIBZ=1 -DHAVE_FTRUNCATE=1 -DHAVE_LONGLONG=1 -DHAVE_SHMEM_SERVICES=1 -DHAVE_FMEMOPEN=1 -DHAVE_NET_SERVICES=1 -I. -DPACKAGE_NAME=\"cfitsio\" -DPACKAGE_TARNAME=\"cfitsio\" -DPACKAGE_VERSION=\"4.6.2\" "-DPACKAGE_STRING=\"cfitsio 4.6.2\"" -DPACKAGE_BUGREPORT=\"\" -DPACKAGE_URL=\"\" -DPACKAGE=\"cfitsio\" -DVERSION=\"4.6.2\" -DHAVE_STDIO_H=1 -DHAVE_STDLIB_H=1 -DHAVE_STRING_H=1 -DHAVE_INTTYPES_H=1 -DHAVE_STDINT_H=1 -DHAVE_STRINGS_H=1 -DHAVE_SYS_STAT_H=1 -DHAVE_SYS_TYPES_H=1 -DHAVE_UNISTD_H=1 -DSTDC_HEADERS=1 -DHAVE_DLFCN_H=1 -DLT_OBJDIR=\".libs/\" -DHAVE_STDLIB_H=1 -DHAVE_STRING_H=1 -DHAVE_MATH_H=1 -DHAVE_LIMITS_H=1 -D_LARGEFILE_SOURCE=1 -D_FILE_OFFSET_BITS=64 -DCFITSIO_HAVE_CURL=1 -DHAVE_LIBZ=1 -DHAVE_FTRUNCATE=1 -DHAVE_LONGLONG=1 -DHAVE_SHMEM_SERVICES=1 -DHAVE_FMEMOPEN=1 -DHAVE_NET_SERVICES=1 -g -O2 -Dg77Fortran -MT libcfitsio_la-f77_wrap4.lo -MD -MP -MF .deps/libcfitsio_la-f77_wrap4.Tpo -c f77_wrap4.c  -fPIC -DPIC -o .libs/libcfitsio_la-f77_wrap4.o
libtool: compile:  /share/home/apps/gcc/11.3.0/bin/gcc -m64 -DPACKAGE_NAME=\"cfitsio\" -DPACKAGE_TARNAME=\"cfitsio\" -DPACKAGE_VERSION=\"4.6.2\" "-DPACKAGE_STRING=\"cfitsio 4.6.2\"" -DPACKAGE_BUGREPORT=\"\" -DPACKAGE_URL=\"\" -DPACKAGE=\"cfitsio\" -DVERSION=\"4.6.2\" -DHAVE_STDIO_H=1 -DHAVE_STDLIB_H=1 -DHAVE_STRING_H=1 -DHAVE_INTTYPES_H=1 -DHAVE_STDINT_H=1 -DHAVE_STRINGS_H=1 -DHAVE_SYS_STAT_H=1 -DHAVE_SYS_TYPES_H=1 -DHAVE_UNISTD_H=1 -DSTDC_HEADERS=1 -DHAVE_DLFCN_H=1 -DLT_OBJDIR=\".libs/\" -DHAVE_STDLIB_H=1 -DHAVE_STRING_H=1 -DHAVE_MATH_H=1 -DHAVE_LIMITS_H=1 -D_LARGEFILE_SOURCE=1 -D_FILE_OFFSET_BITS=64 -DCFITSIO_HAVE_CURL=1 -DHAVE_LIBZ=1 -DHAVE_FTRUNCATE=1 -DHAVE_LONGLONG=1 -DHAVE_SHMEM_SERVICES=1 -DHAVE_FMEMOPEN=1 -DHAVE_NET_SERVICES=1 -I. -DPACKAGE_NAME=\"cfitsio\" -DPACKAGE_TARNAME=\"cfitsio\" -DPACKAGE_VERSION=\"4.6.2\" "-DPACKAGE_STRING=\"cfitsio 4.6.2\"" -DPACKAGE_BUGREPORT=\"\" -DPACKAGE_URL=\"\" -DPACKAGE=\"cfitsio\" -DVERSION=\"4.6.2\" -DHAVE_STDIO_H=1 -DHAVE_STDLIB_H=1 -DHAVE_STRING_H=1 -DHAVE_INTTYPES_H=1 -DHAVE_STDINT_H=1 -DHAVE_STRINGS_H=1 -DHAVE_SYS_STAT_H=1 -DHAVE_SYS_TYPES_H=1 -DHAVE_UNISTD_H=1 -DSTDC_HEADERS=1 -DHAVE_DLFCN_H=1 -DLT_OBJDIR=\".libs/\" -DHAVE_STDLIB_H=1 -DHAVE_STRING_H=1 -DHAVE_MATH_H=1 -DHAVE_LIMITS_H=1 -D_LARGEFILE_SOURCE=1 -D_FILE_OFFSET_BITS=64 -DCFITSIO_HAVE_CURL=1 -DHAVE_LIBZ=1 -DHAVE_FTRUNCATE=1 -DHAVE_LONGLONG=1 -DHAVE_SHMEM_SERVICES=1 -DHAVE_FMEMOPEN=1 -DHAVE_NET_SERVICES=1 -g -O2 -Dg77Fortran -MT libcfitsio_la-fits_hdecompress.lo -MD -MP -MF .deps/libcfitsio_la-fits_hdecompress.Tpo -c fits_hdecompress.c  -fPIC -DPIC -o .libs/libcfitsio_la-fits_hdecompress.o
depbase=`echo utilities/cookbook.o | sed 's|[^/]*$|.deps/&|;s|\.o$||'`;\
/share/home/apps/gcc/11.3.0/bin/gcc -m64 -DPACKAGE_NAME=\"cfitsio\" -DPACKAGE_TARNAME=\"cfitsio\" -DPACKAGE_VERSION=\"4.6.2\" -DPACKAGE_STRING=\"cfitsio\ 4.6.2\" -DPACKAGE_BUGREPORT=\"\" -DPACKAGE_URL=\"\" -DPACKAGE=\"cfitsio\" -DVERSION=\"4.6.2\" -DHAVE_STDIO_H=1 -DHAVE_STDLIB_H=1 -DHAVE_STRING_H=1 -DHAVE_INTTYPES_H=1 -DHAVE_STDINT_H=1 -DHAVE_STRINGS_H=1 -DHAVE_SYS_STAT_H=1 -DHAVE_SYS_TYPES_H=1 -DHAVE_UNISTD_H=1 -DSTDC_HEADERS=1 -DHAVE_DLFCN_H=1 -DLT_OBJDIR=\".libs/\" -DHAVE_STDLIB_H=1 -DHAVE_STRING_H=1 -DHAVE_MATH_H=1 -DHAVE_LIMITS_H=1 -D_LARGEFILE_SOURCE=1 -D_FILE_OFFSET_BITS=64 -DCFITSIO_HAVE_CURL=1 -DHAVE_LIBZ=1 -DHAVE_FTRUNCATE=1 -DHAVE_LONGLONG=1 -DHAVE_SHMEM_SERVICES=1 -DHAVE_FMEMOPEN=1 -DHAVE_NET_SERVICES=1 -I.     -g -O2 -Dg77Fortran -MT utilities/cookbook.o -MD -MP -MF $depbase.Tpo -c -o utilities/cookbook.o utilities/cookbook.c &&\
mv -f $depbase.Tpo $depbase.Po
mv -f utilities/.deps/fitsverify-fvrf_file.Tpo utilities/.deps/fitsverify-fvrf_file.Po
mv -f utilities/.deps/fitsverify-fvrf_misc.Tpo utilities/.deps/fitsverify-fvrf_misc.Po
libtool: compile:  /share/home/apps/gcc/11.3.0/bin/gcc -m64 -DPACKAGE_NAME=\"cfitsio\" -DPACKAGE_TARNAME=\"cfitsio\" -DPACKAGE_VERSION=\"4.6.2\" "-DPACKAGE_STRING=\"cfitsio 4.6.2\"" -DPACKAGE_BUGREPORT=\"\" -DPACKAGE_URL=\"\" -DPACKAGE=\"cfitsio\" -DVERSION=\"4.6.2\" -DHAVE_STDIO_H=1 -DHAVE_STDLIB_H=1 -DHAVE_STRING_H=1 -DHAVE_INTTYPES_H=1 -DHAVE_STDINT_H=1 -DHAVE_STRINGS_H=1 -DHAVE_SYS_STAT_H=1 -DHAVE_SYS_TYPES_H=1 -DHAVE_UNISTD_H=1 -DSTDC_HEADERS=1 -DHAVE_DLFCN_H=1 -DLT_OBJDIR=\".libs/\" -DHAVE_STDLIB_H=1 -DHAVE_STRING_H=1 -DHAVE_MATH_H=1 -DHAVE_LIMITS_H=1 -D_LARGEFILE_SOURCE=1 -D_FILE_OFFSET_BITS=64 -DCFITSIO_HAVE_CURL=1 -DHAVE_LIBZ=1 -DHAVE_FTRUNCATE=1 -DHAVE_LONGLONG=1 -DHAVE_SHMEM_SERVICES=1 -DHAVE_FMEMOPEN=1 -DHAVE_NET_SERVICES=1 -I. -DPACKAGE_NAME=\"cfitsio\" -DPACKAGE_TARNAME=\"cfitsio\" -DPACKAGE_VERSION=\"4.6.2\" "-DPACKAGE_STRING=\"cfitsio 4.6.2\"" -DPACKAGE_BUGREPORT=\"\" -DPACKAGE_URL=\"\" -DPACKAGE=\"cfitsio\" -DVERSION=\"4.6.2\" -DHAVE_STDIO_H=1 -DHAVE_STDLIB_H=1 -DHAVE_STRING_H=1 -DHAVE_INTTYPES_H=1 -DHAVE_STDINT_H=1 -DHAVE_STRINGS_H=1 -DHAVE_SYS_STAT_H=1 -DHAVE_SYS_TYPES_H=1 -DHAVE_UNISTD_H=1 -DSTDC_HEADERS=1 -DHAVE_DLFCN_H=1 -DLT_OBJDIR=\".libs/\" -DHAVE_STDLIB_H=1 -DHAVE_STRING_H=1 -DHAVE_MATH_H=1 -DHAVE_LIMITS_H=1 -D_LARGEFILE_SOURCE=1 -D_FILE_OFFSET_BITS=64 -DCFITSIO_HAVE_CURL=1 -DHAVE_LIBZ=1 -DHAVE_FTRUNCATE=1 -DHAVE_LONGLONG=1 -DHAVE_SHMEM_SERVICES=1 -DHAVE_FMEMOPEN=1 -DHAVE_NET_SERVICES=1 -g -O2 -Dg77Fortran -MT libcfitsio_la-pliocomp.lo -MD -MP -MF .deps/libcfitsio_la-pliocomp.Tpo -c pliocomp.c -o libcfitsio_la-pliocomp.o >/dev/null 2>&1
mv -f utilities/.deps/fitsverify-ftverify.Tpo utilities/.deps/fitsverify-ftverify.Po
libtool: compile:  /share/home/apps/gcc/11.3.0/bin/gcc -m64 -DPACKAGE_NAME=\"cfitsio\" -DPACKAGE_TARNAME=\"cfitsio\" -DPACKAGE_VERSION=\"4.6.2\" "-DPACKAGE_STRING=\"cfitsio 4.6.2\"" -DPACKAGE_BUGREPORT=\"\" -DPACKAGE_URL=\"\" -DPACKAGE=\"cfitsio\" -DVERSION=\"4.6.2\" -DHAVE_STDIO_H=1 -DHAVE_STDLIB_H=1 -DHAVE_STRING_H=1 -DHAVE_INTTYPES_H=1 -DHAVE_STDINT_H=1 -DHAVE_STRINGS_H=1 -DHAVE_SYS_STAT_H=1 -DHAVE_SYS_TYPES_H=1 -DHAVE_UNISTD_H=1 -DSTDC_HEADERS=1 -DHAVE_DLFCN_H=1 -DLT_OBJDIR=\".libs/\" -DHAVE_STDLIB_H=1 -DHAVE_STRING_H=1 -DHAVE_MATH_H=1 -DHAVE_LIMITS_H=1 -D_LARGEFILE_SOURCE=1 -D_FILE_OFFSET_BITS=64 -DCFITSIO_HAVE_CURL=1 -DHAVE_LIBZ=1 -DHAVE_FTRUNCATE=1 -DHAVE_LONGLONG=1 -DHAVE_SHMEM_SERVICES=1 -DHAVE_FMEMOPEN=1 -DHAVE_NET_SERVICES=1 -I. -DPACKAGE_NAME=\"cfitsio\" -DPACKAGE_TARNAME=\"cfitsio\" -DPACKAGE_VERSION=\"4.6.2\" "-DPACKAGE_STRING=\"cfitsio 4.6.2\"" -DPACKAGE_BUGREPORT=\"\" -DPACKAGE_URL=\"\" -DPACKAGE=\"cfitsio\" -DVERSION=\"4.6.2\" -DHAVE_STDIO_H=1 -DHAVE_STDLIB_H=1 -DHAVE_STRING_H=1 -DHAVE_INTTYPES_H=1 -DHAVE_STDINT_H=1 -DHAVE_STRINGS_H=1 -DHAVE_SYS_STAT_H=1 -DHAVE_SYS_TYPES_H=1 -DHAVE_UNISTD_H=1 -DSTDC_HEADERS=1 -DHAVE_DLFCN_H=1 -DLT_OBJDIR=\".libs/\" -DHAVE_STDLIB_H=1 -DHAVE_STRING_H=1 -DHAVE_MATH_H=1 -DHAVE_LIMITS_H=1 -D_LARGEFILE_SOURCE=1 -D_FILE_OFFSET_BITS=64 -DCFITSIO_HAVE_CURL=1 -DHAVE_LIBZ=1 -DHAVE_FTRUNCATE=1 -DHAVE_LONGLONG=1 -DHAVE_SHMEM_SERVICES=1 -DHAVE_FMEMOPEN=1 -DHAVE_NET_SERVICES=1 -g -O2 -Dg77Fortran -MT libcfitsio_la-simplerng.lo -MD -MP -MF .deps/libcfitsio_la-simplerng.Tpo -c simplerng.c -o libcfitsio_la-simplerng.o >/dev/null 2>&1
libtool: compile:  /share/home/apps/gcc/11.3.0/bin/gcc -m64 -DPACKAGE_NAME=\"cfitsio\" -DPACKAGE_TARNAME=\"cfitsio\" -DPACKAGE_VERSION=\"4.6.2\" "-DPACKAGE_STRING=\"cfitsio 4.6.2\"" -DPACKAGE_BUGREPORT=\"\" -DPACKAGE_URL=\"\" -DPACKAGE=\"cfitsio\" -DVERSION=\"4.6.2\" -DHAVE_STDIO_H=1 -DHAVE_STDLIB_H=1 -DHAVE_STRING_H=1 -DHAVE_INTTYPES_H=1 -DHAVE_STDINT_H=1 -DHAVE_STRINGS_H=1 -DHAVE_SYS_STAT_H=1 -DHAVE_SYS_TYPES_H=1 -DHAVE_UNISTD_H=1 -DSTDC_HEADERS=1 -DHAVE_DLFCN_H=1 -DLT_OBJDIR=\".libs/\" -DHAVE_STDLIB_H=1 -DHAVE_STRING_H=1 -DHAVE_MATH_H=1 -DHAVE_LIMITS_H=1 -D_LARGEFILE_SOURCE=1 -D_FILE_OFFSET_BITS=64 -DCFITSIO_HAVE_CURL=1 -DHAVE_LIBZ=1 -DHAVE_FTRUNCATE=1 -DHAVE_LONGLONG=1 -DHAVE_SHMEM_SERVICES=1 -DHAVE_FMEMOPEN=1 -DHAVE_NET_SERVICES=1 -I. -DPACKAGE_NAME=\"cfitsio\" -DPACKAGE_TARNAME=\"cfitsio\" -DPACKAGE_VERSION=\"4.6.2\" "-DPACKAGE_STRING=\"cfitsio 4.6.2\"" -DPACKAGE_BUGREPORT=\"\" -DPACKAGE_URL=\"\" -DPACKAGE=\"cfitsio\" -DVERSION=\"4.6.2\" -DHAVE_STDIO_H=1 -DHAVE_STDLIB_H=1 -DHAVE_STRING_H=1 -DHAVE_INTTYPES_H=1 -DHAVE_STDINT_H=1 -DHAVE_STRINGS_H=1 -DHAVE_SYS_STAT_H=1 -DHAVE_SYS_TYPES_H=1 -DHAVE_UNISTD_H=1 -DSTDC_HEADERS=1 -DHAVE_DLFCN_H=1 -DLT_OBJDIR=\".libs/\" -DHAVE_STDLIB_H=1 -DHAVE_STRING_H=1 -DHAVE_MATH_H=1 -DHAVE_LIMITS_H=1 -D_LARGEFILE_SOURCE=1 -D_FILE_OFFSET_BITS=64 -DCFITSIO_HAVE_CURL=1 -DHAVE_LIBZ=1 -DHAVE_FTRUNCATE=1 -DHAVE_LONGLONG=1 -DHAVE_SHMEM_SERVICES=1 -DHAVE_FMEMOPEN=1 -DHAVE_NET_SERVICES=1 -g -O2 -Dg77Fortran -MT libcfitsio_la-zuncompress.lo -MD -MP -MF .deps/libcfitsio_la-zuncompress.Tpo -c zuncompress.c -o libcfitsio_la-zuncompress.o >/dev/null 2>&1
mv -f utilities/.deps/fitsverify-fvrf_data.Tpo utilities/.deps/fitsverify-fvrf_data.Po
libtool: compile:  /share/home/apps/gcc/11.3.0/bin/gcc -m64 -DPACKAGE_NAME=\"cfitsio\" -DPACKAGE_TARNAME=\"cfitsio\" -DPACKAGE_VERSION=\"4.6.2\" "-DPACKAGE_STRING=\"cfitsio 4.6.2\"" -DPACKAGE_BUGREPORT=\"\" -DPACKAGE_URL=\"\" -DPACKAGE=\"cfitsio\" -DVERSION=\"4.6.2\" -DHAVE_STDIO_H=1 -DHAVE_STDLIB_H=1 -DHAVE_STRING_H=1 -DHAVE_INTTYPES_H=1 -DHAVE_STDINT_H=1 -DHAVE_STRINGS_H=1 -DHAVE_SYS_STAT_H=1 -DHAVE_SYS_TYPES_H=1 -DHAVE_UNISTD_H=1 -DSTDC_HEADERS=1 -DHAVE_DLFCN_H=1 -DLT_OBJDIR=\".libs/\" -DHAVE_STDLIB_H=1 -DHAVE_STRING_H=1 -DHAVE_MATH_H=1 -DHAVE_LIMITS_H=1 -D_LARGEFILE_SOURCE=1 -D_FILE_OFFSET_BITS=64 -DCFITSIO_HAVE_CURL=1 -DHAVE_LIBZ=1 -DHAVE_FTRUNCATE=1 -DHAVE_LONGLONG=1 -DHAVE_SHMEM_SERVICES=1 -DHAVE_FMEMOPEN=1 -DHAVE_NET_SERVICES=1 -I. -DPACKAGE_NAME=\"cfitsio\" -DPACKAGE_TARNAME=\"cfitsio\" -DPACKAGE_VERSION=\"4.6.2\" "-DPACKAGE_STRING=\"cfitsio 4.6.2\"" -DPACKAGE_BUGREPORT=\"\" -DPACKAGE_URL=\"\" -DPACKAGE=\"cfitsio\" -DVERSION=\"4.6.2\" -DHAVE_STDIO_H=1 -DHAVE_STDLIB_H=1 -DHAVE_STRING_H=1 -DHAVE_INTTYPES_H=1 -DHAVE_STDINT_H=1 -DHAVE_STRINGS_H=1 -DHAVE_SYS_STAT_H=1 -DHAVE_SYS_TYPES_H=1 -DHAVE_UNISTD_H=1 -DSTDC_HEADERS=1 -DHAVE_DLFCN_H=1 -DLT_OBJDIR=\".libs/\" -DHAVE_STDLIB_H=1 -DHAVE_STRING_H=1 -DHAVE_MATH_H=1 -DHAVE_LIMITS_H=1 -D_LARGEFILE_SOURCE=1 -D_FILE_OFFSET_BITS=64 -DCFITSIO_HAVE_CURL=1 -DHAVE_LIBZ=1 -DHAVE_FTRUNCATE=1 -DHAVE_LONGLONG=1 -DHAVE_SHMEM_SERVICES=1 -DHAVE_FMEMOPEN=1 -DHAVE_NET_SERVICES=1 -g -O2 -Dg77Fortran -MT libcfitsio_la-scalnull.lo -MD -MP -MF .deps/libcfitsio_la-scalnull.Tpo -c scalnull.c -o libcfitsio_la-scalnull.o >/dev/null 2>&1
libtool: compile:  /share/home/apps/gcc/11.3.0/bin/gcc -m64 -DPACKAGE_NAME=\"cfitsio\" -DPACKAGE_TARNAME=\"cfitsio\" -DPACKAGE_VERSION=\"4.6.2\" "-DPACKAGE_STRING=\"cfitsio 4.6.2\"" -DPACKAGE_BUGREPORT=\"\" -DPACKAGE_URL=\"\" -DPACKAGE=\"cfitsio\" -DVERSION=\"4.6.2\" -DHAVE_STDIO_H=1 -DHAVE_STDLIB_H=1 -DHAVE_STRING_H=1 -DHAVE_INTTYPES_H=1 -DHAVE_STDINT_H=1 -DHAVE_STRINGS_H=1 -DHAVE_SYS_STAT_H=1 -DHAVE_SYS_TYPES_H=1 -DHAVE_UNISTD_H=1 -DSTDC_HEADERS=1 -DHAVE_DLFCN_H=1 -DLT_OBJDIR=\".libs/\" -DHAVE_STDLIB_H=1 -DHAVE_STRING_H=1 -DHAVE_MATH_H=1 -DHAVE_LIMITS_H=1 -D_LARGEFILE_SOURCE=1 -D_FILE_OFFSET_BITS=64 -DCFITSIO_HAVE_CURL=1 -DHAVE_LIBZ=1 -DHAVE_FTRUNCATE=1 -DHAVE_LONGLONG=1 -DHAVE_SHMEM_SERVICES=1 -DHAVE_FMEMOPEN=1 -DHAVE_NET_SERVICES=1 -I. -DPACKAGE_NAME=\"cfitsio\" -DPACKAGE_TARNAME=\"cfitsio\" -DPACKAGE_VERSION=\"4.6.2\" "-DPACKAGE_STRING=\"cfitsio 4.6.2\"" -DPACKAGE_BUGREPORT=\"\" -DPACKAGE_URL=\"\" -DPACKAGE=\"cfitsio\" -DVERSION=\"4.6.2\" -DHAVE_STDIO_H=1 -DHAVE_STDLIB_H=1 -DHAVE_STRING_H=1 -DHAVE_INTTYPES_H=1 -DHAVE_STDINT_H=1 -DHAVE_STRINGS_H=1 -DHAVE_SYS_STAT_H=1 -DHAVE_SYS_TYPES_H=1 -DHAVE_UNISTD_H=1 -DSTDC_HEADERS=1 -DHAVE_DLFCN_H=1 -DLT_OBJDIR=\".libs/\" -DHAVE_STDLIB_H=1 -DHAVE_STRING_H=1 -DHAVE_MATH_H=1 -DHAVE_LIMITS_H=1 -D_LARGEFILE_SOURCE=1 -D_FILE_OFFSET_BITS=64 -DCFITSIO_HAVE_CURL=1 -DHAVE_LIBZ=1 -DHAVE_FTRUNCATE=1 -DHAVE_LONGLONG=1 -DHAVE_SHMEM_SERVICES=1 -DHAVE_FMEMOPEN=1 -DHAVE_NET_SERVICES=1 -g -O2 -Dg77Fortran -MT libcfitsio_la-checksum.lo -MD -MP -MF .deps/libcfitsio_la-checksum.Tpo -c checksum.c -o libcfitsio_la-checksum.o >/dev/null 2>&1
libtool: compile:  /share/home/apps/gcc/11.3.0/bin/gcc -m64 -DPACKAGE_NAME=\"cfitsio\" -DPACKAGE_TARNAME=\"cfitsio\" -DPACKAGE_VERSION=\"4.6.2\" "-DPACKAGE_STRING=\"cfitsio 4.6.2\"" -DPACKAGE_BUGREPORT=\"\" -DPACKAGE_URL=\"\" -DPACKAGE=\"cfitsio\" -DVERSION=\"4.6.2\" -DHAVE_STDIO_H=1 -DHAVE_STDLIB_H=1 -DHAVE_STRING_H=1 -DHAVE_INTTYPES_H=1 -DHAVE_STDINT_H=1 -DHAVE_STRINGS_H=1 -DHAVE_SYS_STAT_H=1 -DHAVE_SYS_TYPES_H=1 -DHAVE_UNISTD_H=1 -DSTDC_HEADERS=1 -DHAVE_DLFCN_H=1 -DLT_OBJDIR=\".libs/\" -DHAVE_STDLIB_H=1 -DHAVE_STRING_H=1 -DHAVE_MATH_H=1 -DHAVE_LIMITS_H=1 -D_LARGEFILE_SOURCE=1 -D_FILE_OFFSET_BITS=64 -DCFITSIO_HAVE_CURL=1 -DHAVE_LIBZ=1 -DHAVE_FTRUNCATE=1 -DHAVE_LONGLONG=1 -DHAVE_SHMEM_SERVICES=1 -DHAVE_FMEMOPEN=1 -DHAVE_NET_SERVICES=1 -I. -DPACKAGE_NAME=\"cfitsio\" -DPACKAGE_TARNAME=\"cfitsio\" -DPACKAGE_VERSION=\"4.6.2\" "-DPACKAGE_STRING=\"cfitsio 4.6.2\"" -DPACKAGE_BUGREPORT=\"\" -DPACKAGE_URL=\"\" -DPACKAGE=\"cfitsio\" -DVERSION=\"4.6.2\" -DHAVE_STDIO_H=1 -DHAVE_STDLIB_H=1 -DHAVE_STRING_H=1 -DHAVE_INTTYPES_H=1 -DHAVE_STDINT_H=1 -DHAVE_STRINGS_H=1 -DHAVE_SYS_STAT_H=1 -DHAVE_SYS_TYPES_H=1 -DHAVE_UNISTD_H=1 -DSTDC_HEADERS=1 -DHAVE_DLFCN_H=1 -DLT_OBJDIR=\".libs/\" -DHAVE_STDLIB_H=1 -DHAVE_STRING_H=1 -DHAVE_MATH_H=1 -DHAVE_LIMITS_H=1 -D_LARGEFILE_SOURCE=1 -D_FILE_OFFSET_BITS=64 -DCFITSIO_HAVE_CURL=1 -DHAVE_LIBZ=1 -DHAVE_FTRUNCATE=1 -DHAVE_LONGLONG=1 -DHAVE_SHMEM_SERVICES=1 -DHAVE_FMEMOPEN=1 -DHAVE_NET_SERVICES=1 -g -O2 -Dg77Fortran -MT libcfitsio_la-putcoll.lo -MD -MP -MF .deps/libcfitsio_la-putcoll.Tpo -c putcoll.c -o libcfitsio_la-putcoll.o >/dev/null 2>&1
libtool: compile:  /share/home/apps/gcc/11.3.0/bin/gcc -m64 -DPACKAGE_NAME=\"cfitsio\" -DPACKAGE_TARNAME=\"cfitsio\" -DPACKAGE_VERSION=\"4.6.2\" "-DPACKAGE_STRING=\"cfitsio 4.6.2\"" -DPACKAGE_BUGREPORT=\"\" -DPACKAGE_URL=\"\" -DPACKAGE=\"cfitsio\" -DVERSION=\"4.6.2\" -DHAVE_STDIO_H=1 -DHAVE_STDLIB_H=1 -DHAVE_STRING_H=1 -DHAVE_INTTYPES_H=1 -DHAVE_STDINT_H=1 -DHAVE_STRINGS_H=1 -DHAVE_SYS_STAT_H=1 -DHAVE_SYS_TYPES_H=1 -DHAVE_UNISTD_H=1 -DSTDC_HEADERS=1 -DHAVE_DLFCN_H=1 -DLT_OBJDIR=\".libs/\" -DHAVE_STDLIB_H=1 -DHAVE_STRING_H=1 -DHAVE_MATH_H=1 -DHAVE_LIMITS_H=1 -D_LARGEFILE_SOURCE=1 -D_FILE_OFFSET_BITS=64 -DCFITSIO_HAVE_CURL=1 -DHAVE_LIBZ=1 -DHAVE_FTRUNCATE=1 -DHAVE_LONGLONG=1 -DHAVE_SHMEM_SERVICES=1 -DHAVE_FMEMOPEN=1 -DHAVE_NET_SERVICES=1 -I. -DPACKAGE_NAME=\"cfitsio\" -DPACKAGE_TARNAME=\"cfitsio\" -DPACKAGE_VERSION=\"4.6.2\" "-DPACKAGE_STRING=\"cfitsio 4.6.2\"" -DPACKAGE_BUGREPORT=\"\" -DPACKAGE_URL=\"\" -DPACKAGE=\"cfitsio\" -DVERSION=\"4.6.2\" -DHAVE_STDIO_H=1 -DHAVE_STDLIB_H=1 -DHAVE_STRING_H=1 -DHAVE_INTTYPES_H=1 -DHAVE_STDINT_H=1 -DHAVE_STRINGS_H=1 -DHAVE_SYS_STAT_H=1 -DHAVE_SYS_TYPES_H=1 -DHAVE_UNISTD_H=1 -DSTDC_HEADERS=1 -DHAVE_DLFCN_H=1 -DLT_OBJDIR=\".libs/\" -DHAVE_STDLIB_H=1 -DHAVE_STRING_H=1 -DHAVE_MATH_H=1 -DHAVE_LIMITS_H=1 -D_LARGEFILE_SOURCE=1 -D_FILE_OFFSET_BITS=64 -DCFITSIO_HAVE_CURL=1 -DHAVE_LIBZ=1 -DHAVE_FTRUNCATE=1 -DHAVE_LONGLONG=1 -DHAVE_SHMEM_SERVICES=1 -DHAVE_FMEMOPEN=1 -DHAVE_NET_SERVICES=1 -g -O2 -Dg77Fortran -MT libcfitsio_la-swapproc.lo -MD -MP -MF .deps/libcfitsio_la-swapproc.Tpo -c swapproc.c -o libcfitsio_la-swapproc.o >/dev/null 2>&1
libtool: compile:  /share/home/apps/gcc/11.3.0/bin/gcc -m64 -DPACKAGE_NAME=\"cfitsio\" -DPACKAGE_TARNAME=\"cfitsio\" -DPACKAGE_VERSION=\"4.6.2\" "-DPACKAGE_STRING=\"cfitsio 4.6.2\"" -DPACKAGE_BUGREPORT=\"\" -DPACKAGE_URL=\"\" -DPACKAGE=\"cfitsio\" -DVERSION=\"4.6.2\" -DHAVE_STDIO_H=1 -DHAVE_STDLIB_H=1 -DHAVE_STRING_H=1 -DHAVE_INTTYPES_H=1 -DHAVE_STDINT_H=1 -DHAVE_STRINGS_H=1 -DHAVE_SYS_STAT_H=1 -DHAVE_SYS_TYPES_H=1 -DHAVE_UNISTD_H=1 -DSTDC_HEADERS=1 -DHAVE_DLFCN_H=1 -DLT_OBJDIR=\".libs/\" -DHAVE_STDLIB_H=1 -DHAVE_STRING_H=1 -DHAVE_MATH_H=1 -DHAVE_LIMITS_H=1 -D_LARGEFILE_SOURCE=1 -D_FILE_OFFSET_BITS=64 -DCFITSIO_HAVE_CURL=1 -DHAVE_LIBZ=1 -DHAVE_FTRUNCATE=1 -DHAVE_LONGLONG=1 -DHAVE_SHMEM_SERVICES=1 -DHAVE_FMEMOPEN=1 -DHAVE_NET_SERVICES=1 -I. -DPACKAGE_NAME=\"cfitsio\" -DPACKAGE_TARNAME=\"cfitsio\" -DPACKAGE_VERSION=\"4.6.2\" "-DPACKAGE_STRING=\"cfitsio 4.6.2\"" -DPACKAGE_BUGREPORT=\"\" -DPACKAGE_URL=\"\" -DPACKAGE=\"cfitsio\" -DVERSION=\"4.6.2\" -DHAVE_STDIO_H=1 -DHAVE_STDLIB_H=1 -DHAVE_STRING_H=1 -DHAVE_INTTYPES_H=1 -DHAVE_STDINT_H=1 -DHAVE_STRINGS_H=1 -DHAVE_SYS_STAT_H=1 -DHAVE_SYS_TYPES_H=1 -DHAVE_UNISTD_H=1 -DSTDC_HEADERS=1 -DHAVE_DLFCN_H=1 -DLT_OBJDIR=\".libs/\" -DHAVE_STDLIB_H=1 -DHAVE_STRING_H=1 -DHAVE_MATH_H=1 -DHAVE_LIMITS_H=1 -D_LARGEFILE_SOURCE=1 -D_FILE_OFFSET_BITS=64 -DCFITSIO_HAVE_CURL=1 -DHAVE_LIBZ=1 -DHAVE_FTRUNCATE=1 -DHAVE_LONGLONG=1 -DHAVE_SHMEM_SERVICES=1 -DHAVE_FMEMOPEN=1 -DHAVE_NET_SERVICES=1 -g -O2 -Dg77Fortran -MT libcfitsio_la-zcompress.lo -MD -MP -MF .deps/libcfitsio_la-zcompress.Tpo -c zcompress.c -o libcfitsio_la-zcompress.o >/dev/null 2>&1
libtool: compile:  /share/home/apps/gcc/11.3.0/bin/gcc -m64 -DPACKAGE_NAME=\"cfitsio\" -DPACKAGE_TARNAME=\"cfitsio\" -DPACKAGE_VERSION=\"4.6.2\" "-DPACKAGE_STRING=\"cfitsio 4.6.2\"" -DPACKAGE_BUGREPORT=\"\" -DPACKAGE_URL=\"\" -DPACKAGE=\"cfitsio\" -DVERSION=\"4.6.2\" -DHAVE_STDIO_H=1 -DHAVE_STDLIB_H=1 -DHAVE_STRING_H=1 -DHAVE_INTTYPES_H=1 -DHAVE_STDINT_H=1 -DHAVE_STRINGS_H=1 -DHAVE_SYS_STAT_H=1 -DHAVE_SYS_TYPES_H=1 -DHAVE_UNISTD_H=1 -DSTDC_HEADERS=1 -DHAVE_DLFCN_H=1 -DLT_OBJDIR=\".libs/\" -DHAVE_STDLIB_H=1 -DHAVE_STRING_H=1 -DHAVE_MATH_H=1 -DHAVE_LIMITS_H=1 -D_LARGEFILE_SOURCE=1 -D_FILE_OFFSET_BITS=64 -DCFITSIO_HAVE_CURL=1 -DHAVE_LIBZ=1 -DHAVE_FTRUNCATE=1 -DHAVE_LONGLONG=1 -DHAVE_SHMEM_SERVICES=1 -DHAVE_FMEMOPEN=1 -DHAVE_NET_SERVICES=1 -I. -DPACKAGE_NAME=\"cfitsio\" -DPACKAGE_TARNAME=\"cfitsio\" -DPACKAGE_VERSION=\"4.6.2\" "-DPACKAGE_STRING=\"cfitsio 4.6.2\"" -DPACKAGE_BUGREPORT=\"\" -DPACKAGE_URL=\"\" -DPACKAGE=\"cfitsio\" -DVERSION=\"4.6.2\" -DHAVE_STDIO_H=1 -DHAVE_STDLIB_H=1 -DHAVE_STRING_H=1 -DHAVE_INTTYPES_H=1 -DHAVE_STDINT_H=1 -DHAVE_STRINGS_H=1 -DHAVE_SYS_STAT_H=1 -DHAVE_SYS_TYPES_H=1 -DHAVE_UNISTD_H=1 -DSTDC_HEADERS=1 -DHAVE_DLFCN_H=1 -DLT_OBJDIR=\".libs/\" -DHAVE_STDLIB_H=1 -DHAVE_STRING_H=1 -DHAVE_MATH_H=1 -DHAVE_LIMITS_H=1 -D_LARGEFILE_SOURCE=1 -D_FILE_OFFSET_BITS=64 -DCFITSIO_HAVE_CURL=1 -DHAVE_LIBZ=1 -DHAVE_FTRUNCATE=1 -DHAVE_LONGLONG=1 -DHAVE_SHMEM_SERVICES=1 -DHAVE_FMEMOPEN=1 -DHAVE_NET_SERVICES=1 -g -O2 -Dg77Fortran -MT libcfitsio_la-getcoll.lo -MD -MP -MF .deps/libcfitsio_la-getcoll.Tpo -c getcoll.c -o libcfitsio_la-getcoll.o >/dev/null 2>&1
mv -f utilities/.deps/fitsverify-fvrf_key.Tpo utilities/.deps/fitsverify-fvrf_key.Po
libtool: compile:  /share/home/apps/gcc/11.3.0/bin/gcc -m64 -DPACKAGE_NAME=\"cfitsio\" -DPACKAGE_TARNAME=\"cfitsio\" -DPACKAGE_VERSION=\"4.6.2\" "-DPACKAGE_STRING=\"cfitsio 4.6.2\"" -DPACKAGE_BUGREPORT=\"\" -DPACKAGE_URL=\"\" -DPACKAGE=\"cfitsio\" -DVERSION=\"4.6.2\" -DHAVE_STDIO_H=1 -DHAVE_STDLIB_H=1 -DHAVE_STRING_H=1 -DHAVE_INTTYPES_H=1 -DHAVE_STDINT_H=1 -DHAVE_STRINGS_H=1 -DHAVE_SYS_STAT_H=1 -DHAVE_SYS_TYPES_H=1 -DHAVE_UNISTD_H=1 -DSTDC_HEADERS=1 -DHAVE_DLFCN_H=1 -DLT_OBJDIR=\".libs/\" -DHAVE_STDLIB_H=1 -DHAVE_STRING_H=1 -DHAVE_MATH_H=1 -DHAVE_LIMITS_H=1 -D_LARGEFILE_SOURCE=1 -D_FILE_OFFSET_BITS=64 -DCFITSIO_HAVE_CURL=1 -DHAVE_LIBZ=1 -DHAVE_FTRUNCATE=1 -DHAVE_LONGLONG=1 -DHAVE_SHMEM_SERVICES=1 -DHAVE_FMEMOPEN=1 -DHAVE_NET_SERVICES=1 -I. -DPACKAGE_NAME=\"cfitsio\" -DPACKAGE_TARNAME=\"cfitsio\" -DPACKAGE_VERSION=\"4.6.2\" "-DPACKAGE_STRING=\"cfitsio 4.6.2\"" -DPACKAGE_BUGREPORT=\"\" -DPACKAGE_URL=\"\" -DPACKAGE=\"cfitsio\" -DVERSION=\"4.6.2\" -DHAVE_STDIO_H=1 -DHAVE_STDLIB_H=1 -DHAVE_STRING_H=1 -DHAVE_INTTYPES_H=1 -DHAVE_STDINT_H=1 -DHAVE_STRINGS_H=1 -DHAVE_SYS_STAT_H=1 -DHAVE_SYS_TYPES_H=1 -DHAVE_UNISTD_H=1 -DSTDC_HEADERS=1 -DHAVE_DLFCN_H=1 -DLT_OBJDIR=\".libs/\" -DHAVE_STDLIB_H=1 -DHAVE_STRING_H=1 -DHAVE_MATH_H=1 -DHAVE_LIMITS_H=1 -D_LARGEFILE_SOURCE=1 -D_FILE_OFFSET_BITS=64 -DCFITSIO_HAVE_CURL=1 -DHAVE_LIBZ=1 -DHAVE_FTRUNCATE=1 -DHAVE_LONGLONG=1 -DHAVE_SHMEM_SERVICES=1 -DHAVE_FMEMOPEN=1 -DHAVE_NET_SERVICES=1 -g -O2 -Dg77Fortran -MT libcfitsio_la-putcols.lo -MD -MP -MF .deps/libcfitsio_la-putcols.Tpo -c putcols.c -o libcfitsio_la-putcols.o >/dev/null 2>&1
libtool: compile:  /share/home/apps/gcc/11.3.0/bin/gcc -m64 -DPACKAGE_NAME=\"cfitsio\" -DPACKAGE_TARNAME=\"cfitsio\" -DPACKAGE_VERSION=\"4.6.2\" "-DPACKAGE_STRING=\"cfitsio 4.6.2\"" -DPACKAGE_BUGREPORT=\"\" -DPACKAGE_URL=\"\" -DPACKAGE=\"cfitsio\" -DVERSION=\"4.6.2\" -DHAVE_STDIO_H=1 -DHAVE_STDLIB_H=1 -DHAVE_STRING_H=1 -DHAVE_INTTYPES_H=1 -DHAVE_STDINT_H=1 -DHAVE_STRINGS_H=1 -DHAVE_SYS_STAT_H=1 -DHAVE_SYS_TYPES_H=1 -DHAVE_UNISTD_H=1 -DSTDC_HEADERS=1 -DHAVE_DLFCN_H=1 -DLT_OBJDIR=\".libs/\" -DHAVE_STDLIB_H=1 -DHAVE_STRING_H=1 -DHAVE_MATH_H=1 -DHAVE_LIMITS_H=1 -D_LARGEFILE_SOURCE=1 -D_FILE_OFFSET_BITS=64 -DCFITSIO_HAVE_CURL=1 -DHAVE_LIBZ=1 -DHAVE_FTRUNCATE=1 -DHAVE_LONGLONG=1 -DHAVE_SHMEM_SERVICES=1 -DHAVE_FMEMOPEN=1 -DHAVE_NET_SERVICES=1 -I. -DPACKAGE_NAME=\"cfitsio\" -DPACKAGE_TARNAME=\"cfitsio\" -DPACKAGE_VERSION=\"4.6.2\" "-DPACKAGE_STRING=\"cfitsio 4.6.2\"" -DPACKAGE_BUGREPORT=\"\" -DPACKAGE_URL=\"\" -DPACKAGE=\"cfitsio\" -DVERSION=\"4.6.2\" -DHAVE_STDIO_H=1 -DHAVE_STDLIB_H=1 -DHAVE_STRING_H=1 -DHAVE_INTTYPES_H=1 -DHAVE_STDINT_H=1 -DHAVE_STRINGS_H=1 -DHAVE_SYS_STAT_H=1 -DHAVE_SYS_TYPES_H=1 -DHAVE_UNISTD_H=1 -DSTDC_HEADERS=1 -DHAVE_DLFCN_H=1 -DLT_OBJDIR=\".libs/\" -DHAVE_STDLIB_H=1 -DHAVE_STRING_H=1 -DHAVE_MATH_H=1 -DHAVE_LIMITS_H=1 -D_LARGEFILE_SOURCE=1 -D_FILE_OFFSET_BITS=64 -DCFITSIO_HAVE_CURL=1 -DHAVE_LIBZ=1 -DHAVE_FTRUNCATE=1 -DHAVE_LONGLONG=1 -DHAVE_SHMEM_SERVICES=1 -DHAVE_FMEMOPEN=1 -DHAVE_NET_SERVICES=1 -g -O2 -Dg77Fortran -MT libcfitsio_la-putcolu.lo -MD -MP -MF .deps/libcfitsio_la-putcolu.Tpo -c putcolu.c -o libcfitsio_la-putcolu.o >/dev/null 2>&1
libtool: compile:  /share/home/apps/gcc/11.3.0/bin/gcc -m64 -DPACKAGE_NAME=\"cfitsio\" -DPACKAGE_TARNAME=\"cfitsio\" -DPACKAGE_VERSION=\"4.6.2\" "-DPACKAGE_STRING=\"cfitsio 4.6.2\"" -DPACKAGE_BUGREPORT=\"\" -DPACKAGE_URL=\"\" -DPACKAGE=\"cfitsio\" -DVERSION=\"4.6.2\" -DHAVE_STDIO_H=1 -DHAVE_STDLIB_H=1 -DHAVE_STRING_H=1 -DHAVE_INTTYPES_H=1 -DHAVE_STDINT_H=1 -DHAVE_STRINGS_H=1 -DHAVE_SYS_STAT_H=1 -DHAVE_SYS_TYPES_H=1 -DHAVE_UNISTD_H=1 -DSTDC_HEADERS=1 -DHAVE_DLFCN_H=1 -DLT_OBJDIR=\".libs/\" -DHAVE_STDLIB_H=1 -DHAVE_STRING_H=1 -DHAVE_MATH_H=1 -DHAVE_LIMITS_H=1 -D_LARGEFILE_SOURCE=1 -D_FILE_OFFSET_BITS=64 -DCFITSIO_HAVE_CURL=1 -DHAVE_LIBZ=1 -DHAVE_FTRUNCATE=1 -DHAVE_LONGLONG=1 -DHAVE_SHMEM_SERVICES=1 -DHAVE_FMEMOPEN=1 -DHAVE_NET_SERVICES=1 -I. -DPACKAGE_NAME=\"cfitsio\" -DPACKAGE_TARNAME=\"cfitsio\" -DPACKAGE_VERSION=\"4.6.2\" "-DPACKAGE_STRING=\"cfitsio 4.6.2\"" -DPACKAGE_BUGREPORT=\"\" -DPACKAGE_URL=\"\" -DPACKAGE=\"cfitsio\" -DVERSION=\"4.6.2\" -DHAVE_STDIO_H=1 -DHAVE_STDLIB_H=1 -DHAVE_STRING_H=1 -DHAVE_INTTYPES_H=1 -DHAVE_STDINT_H=1 -DHAVE_STRINGS_H=1 -DHAVE_SYS_STAT_H=1 -DHAVE_SYS_TYPES_H=1 -DHAVE_UNISTD_H=1 -DSTDC_HEADERS=1 -DHAVE_DLFCN_H=1 -DLT_OBJDIR=\".libs/\" -DHAVE_STDLIB_H=1 -DHAVE_STRING_H=1 -DHAVE_MATH_H=1 -DHAVE_LIMITS_H=1 -D_LARGEFILE_SOURCE=1 -D_FILE_OFFSET_BITS=64 -DCFITSIO_HAVE_CURL=1 -DHAVE_LIBZ=1 -DHAVE_FTRUNCATE=1 -DHAVE_LONGLONG=1 -DHAVE_SHMEM_SERVICES=1 -DHAVE_FMEMOPEN=1 -DHAVE_NET_SERVICES=1 -g -O2 -Dg77Fortran -MT libcfitsio_la-drvrfile.lo -MD -MP -MF .deps/libcfitsio_la-drvrfile.Tpo -c drvrfile.c -o libcfitsio_la-drvrfile.o >/dev/null 2>&1
libtool: compile:  /share/home/apps/gcc/11.3.0/bin/gcc -m64 -DPACKAGE_NAME=\"cfitsio\" -DPACKAGE_TARNAME=\"cfitsio\" -DPACKAGE_VERSION=\"4.6.2\" "-DPACKAGE_STRING=\"cfitsio 4.6.2\"" -DPACKAGE_BUGREPORT=\"\" -DPACKAGE_URL=\"\" -DPACKAGE=\"cfitsio\" -DVERSION=\"4.6.2\" -DHAVE_STDIO_H=1 -DHAVE_STDLIB_H=1 -DHAVE_STRING_H=1 -DHAVE_INTTYPES_H=1 -DHAVE_STDINT_H=1 -DHAVE_STRINGS_H=1 -DHAVE_SYS_STAT_H=1 -DHAVE_SYS_TYPES_H=1 -DHAVE_UNISTD_H=1 -DSTDC_HEADERS=1 -DHAVE_DLFCN_H=1 -DLT_OBJDIR=\".libs/\" -DHAVE_STDLIB_H=1 -DHAVE_STRING_H=1 -DHAVE_MATH_H=1 -DHAVE_LIMITS_H=1 -D_LARGEFILE_SOURCE=1 -D_FILE_OFFSET_BITS=64 -DCFITSIO_HAVE_CURL=1 -DHAVE_LIBZ=1 -DHAVE_FTRUNCATE=1 -DHAVE_LONGLONG=1 -DHAVE_SHMEM_SERVICES=1 -DHAVE_FMEMOPEN=1 -DHAVE_NET_SERVICES=1 -I. -DPACKAGE_NAME=\"cfitsio\" -DPACKAGE_TARNAME=\"cfitsio\" -DPACKAGE_VERSION=\"4.6.2\" "-DPACKAGE_STRING=\"cfitsio 4.6.2\"" -DPACKAGE_BUGREPORT=\"\" -DPACKAGE_URL=\"\" -DPACKAGE=\"cfitsio\" -DVERSION=\"4.6.2\" -DHAVE_STDIO_H=1 -DHAVE_STDLIB_H=1 -DHAVE_STRING_H=1 -DHAVE_INTTYPES_H=1 -DHAVE_STDINT_H=1 -DHAVE_STRINGS_H=1 -DHAVE_SYS_STAT_H=1 -DHAVE_SYS_TYPES_H=1 -DHAVE_UNISTD_H=1 -DSTDC_HEADERS=1 -DHAVE_DLFCN_H=1 -DLT_OBJDIR=\".libs/\" -DHAVE_STDLIB_H=1 -DHAVE_STRING_H=1 -DHAVE_MATH_H=1 -DHAVE_LIMITS_H=1 -D_LARGEFILE_SOURCE=1 -D_FILE_OFFSET_BITS=64 -DCFITSIO_HAVE_CURL=1 -DHAVE_LIBZ=1 -DHAVE_FTRUNCATE=1 -DHAVE_LONGLONG=1 -DHAVE_SHMEM_SERVICES=1 -DHAVE_FMEMOPEN=1 -DHAVE_NET_SERVICES=1 -g -O2 -Dg77Fortran -MT libcfitsio_la-putcole.lo -MD -MP -MF .deps/libcfitsio_la-putcole.Tpo -c putcole.c -o libcfitsio_la-putcole.o >/dev/null 2>&1
libtool: compile:  /share/home/apps/gcc/11.3.0/bin/gcc -m64 -DPACKAGE_NAME=\"cfitsio\" -DPACKAGE_TARNAME=\"cfitsio\" -DPACKAGE_VERSION=\"4.6.2\" "-DPACKAGE_STRING=\"cfitsio 4.6.2\"" -DPACKAGE_BUGREPORT=\"\" -DPACKAGE_URL=\"\" -DPACKAGE=\"cfitsio\" -DVERSION=\"4.6.2\" -DHAVE_STDIO_H=1 -DHAVE_STDLIB_H=1 -DHAVE_STRING_H=1 -DHAVE_INTTYPES_H=1 -DHAVE_STDINT_H=1 -DHAVE_STRINGS_H=1 -DHAVE_SYS_STAT_H=1 -DHAVE_SYS_TYPES_H=1 -DHAVE_UNISTD_H=1 -DSTDC_HEADERS=1 -DHAVE_DLFCN_H=1 -DLT_OBJDIR=\".libs/\" -DHAVE_STDLIB_H=1 -DHAVE_STRING_H=1 -DHAVE_MATH_H=1 -DHAVE_LIMITS_H=1 -D_LARGEFILE_SOURCE=1 -D_FILE_OFFSET_BITS=64 -DCFITSIO_HAVE_CURL=1 -DHAVE_LIBZ=1 -DHAVE_FTRUNCATE=1 -DHAVE_LONGLONG=1 -DHAVE_SHMEM_SERVICES=1 -DHAVE_FMEMOPEN=1 -DHAVE_NET_SERVICES=1 -I. -DPACKAGE_NAME=\"cfitsio\" -DPACKAGE_TARNAME=\"cfitsio\" -DPACKAGE_VERSION=\"4.6.2\" "-DPACKAGE_STRING=\"cfitsio 4.6.2\"" -DPACKAGE_BUGREPORT=\"\" -DPACKAGE_URL=\"\" -DPACKAGE=\"cfitsio\" -DVERSION=\"4.6.2\" -DHAVE_STDIO_H=1 -DHAVE_STDLIB_H=1 -DHAVE_STRING_H=1 -DHAVE_INTTYPES_H=1 -DHAVE_STDINT_H=1 -DHAVE_STRINGS_H=1 -DHAVE_SYS_STAT_H=1 -DHAVE_SYS_TYPES_H=1 -DHAVE_UNISTD_H=1 -DSTDC_HEADERS=1 -DHAVE_DLFCN_H=1 -DLT_OBJDIR=\".libs/\" -DHAVE_STDLIB_H=1 -DHAVE_STRING_H=1 -DHAVE_MATH_H=1 -DHAVE_LIMITS_H=1 -D_LARGEFILE_SOURCE=1 -D_FILE_OFFSET_BITS=64 -DCFITSIO_HAVE_CURL=1 -DHAVE_LIBZ=1 -DHAVE_FTRUNCATE=1 -DHAVE_LONGLONG=1 -DHAVE_SHMEM_SERVICES=1 -DHAVE_FMEMOPEN=1 -DHAVE_NET_SERVICES=1 -g -O2 -Dg77Fortran -MT libcfitsio_la-putcolb.lo -MD -MP -MF .deps/libcfitsio_la-putcolb.Tpo -c putcolb.c -o libcfitsio_la-putcolb.o >/dev/null 2>&1
libtool: compile:  /share/home/apps/gcc/11.3.0/bin/gcc -m64 -DPACKAGE_NAME=\"cfitsio\" -DPACKAGE_TARNAME=\"cfitsio\" -DPACKAGE_VERSION=\"4.6.2\" "-DPACKAGE_STRING=\"cfitsio 4.6.2\"" -DPACKAGE_BUGREPORT=\"\" -DPACKAGE_URL=\"\" -DPACKAGE=\"cfitsio\" -DVERSION=\"4.6.2\" -DHAVE_STDIO_H=1 -DHAVE_STDLIB_H=1 -DHAVE_STRING_H=1 -DHAVE_INTTYPES_H=1 -DHAVE_STDINT_H=1 -DHAVE_STRINGS_H=1 -DHAVE_SYS_STAT_H=1 -DHAVE_SYS_TYPES_H=1 -DHAVE_UNISTD_H=1 -DSTDC_HEADERS=1 -DHAVE_DLFCN_H=1 -DLT_OBJDIR=\".libs/\" -DHAVE_STDLIB_H=1 -DHAVE_STRING_H=1 -DHAVE_MATH_H=1 -DHAVE_LIMITS_H=1 -D_LARGEFILE_SOURCE=1 -D_FILE_OFFSET_BITS=64 -DCFITSIO_HAVE_CURL=1 -DHAVE_LIBZ=1 -DHAVE_FTRUNCATE=1 -DHAVE_LONGLONG=1 -DHAVE_SHMEM_SERVICES=1 -DHAVE_FMEMOPEN=1 -DHAVE_NET_SERVICES=1 -I. -DPACKAGE_NAME=\"cfitsio\" -DPACKAGE_TARNAME=\"cfitsio\" -DPACKAGE_VERSION=\"4.6.2\" "-DPACKAGE_STRING=\"cfitsio 4.6.2\"" -DPACKAGE_BUGREPORT=\"\" -DPACKAGE_URL=\"\" -DPACKAGE=\"cfitsio\" -DVERSION=\"4.6.2\" -DHAVE_STDIO_H=1 -DHAVE_STDLIB_H=1 -DHAVE_STRING_H=1 -DHAVE_INTTYPES_H=1 -DHAVE_STDINT_H=1 -DHAVE_STRINGS_H=1 -DHAVE_SYS_STAT_H=1 -DHAVE_SYS_TYPES_H=1 -DHAVE_UNISTD_H=1 -DSTDC_HEADERS=1 -DHAVE_DLFCN_H=1 -DLT_OBJDIR=\".libs/\" -DHAVE_STDLIB_H=1 -DHAVE_STRING_H=1 -DHAVE_MATH_H=1 -DHAVE_LIMITS_H=1 -D_LARGEFILE_SOURCE=1 -D_FILE_OFFSET_BITS=64 -DCFITSIO_HAVE_CURL=1 -DHAVE_LIBZ=1 -DHAVE_FTRUNCATE=1 -DHAVE_LONGLONG=1 -DHAVE_SHMEM_SERVICES=1 -DHAVE_FMEMOPEN=1 -DHAVE_NET_SERVICES=1 -g -O2 -Dg77Fortran -MT libcfitsio_la-putcoluk.lo -MD -MP -MF .deps/libcfitsio_la-putcoluk.Tpo -c putcoluk.c -o libcfitsio_la-putcoluk.o >/dev/null 2>&1
libtool: compile:  /share/home/apps/gcc/11.3.0/bin/gcc -m64 -DPACKAGE_NAME=\"cfitsio\" -DPACKAGE_TARNAME=\"cfitsio\" -DPACKAGE_VERSION=\"4.6.2\" "-DPACKAGE_STRING=\"cfitsio 4.6.2\"" -DPACKAGE_BUGREPORT=\"\" -DPACKAGE_URL=\"\" -DPACKAGE=\"cfitsio\" -DVERSION=\"4.6.2\" -DHAVE_STDIO_H=1 -DHAVE_STDLIB_H=1 -DHAVE_STRING_H=1 -DHAVE_INTTYPES_H=1 -DHAVE_STDINT_H=1 -DHAVE_STRINGS_H=1 -DHAVE_SYS_STAT_H=1 -DHAVE_SYS_TYPES_H=1 -DHAVE_UNISTD_H=1 -DSTDC_HEADERS=1 -DHAVE_DLFCN_H=1 -DLT_OBJDIR=\".libs/\" -DHAVE_STDLIB_H=1 -DHAVE_STRING_H=1 -DHAVE_MATH_H=1 -DHAVE_LIMITS_H=1 -D_LARGEFILE_SOURCE=1 -D_FILE_OFFSET_BITS=64 -DCFITSIO_HAVE_CURL=1 -DHAVE_LIBZ=1 -DHAVE_FTRUNCATE=1 -DHAVE_LONGLONG=1 -DHAVE_SHMEM_SERVICES=1 -DHAVE_FMEMOPEN=1 -DHAVE_NET_SERVICES=1 -I. -DPACKAGE_NAME=\"cfitsio\" -DPACKAGE_TARNAME=\"cfitsio\" -DPACKAGE_VERSION=\"4.6.2\" "-DPACKAGE_STRING=\"cfitsio 4.6.2\"" -DPACKAGE_BUGREPORT=\"\" -DPACKAGE_URL=\"\" -DPACKAGE=\"cfitsio\" -DVERSION=\"4.6.2\" -DHAVE_STDIO_H=1 -DHAVE_STDLIB_H=1 -DHAVE_STRING_H=1 -DHAVE_INTTYPES_H=1 -DHAVE_STDINT_H=1 -DHAVE_STRINGS_H=1 -DHAVE_SYS_STAT_H=1 -DHAVE_SYS_TYPES_H=1 -DHAVE_UNISTD_H=1 -DSTDC_HEADERS=1 -DHAVE_DLFCN_H=1 -DLT_OBJDIR=\".libs/\" -DHAVE_STDLIB_H=1 -DHAVE_STRING_H=1 -DHAVE_MATH_H=1 -DHAVE_LIMITS_H=1 -D_LARGEFILE_SOURCE=1 -D_FILE_OFFSET_BITS=64 -DCFITSIO_HAVE_CURL=1 -DHAVE_LIBZ=1 -DHAVE_FTRUNCATE=1 -DHAVE_LONGLONG=1 -DHAVE_SHMEM_SERVICES=1 -DHAVE_FMEMOPEN=1 -DHAVE_NET_SERVICES=1 -g -O2 -Dg77Fortran -MT libcfitsio_la-drvrmem.lo -MD -MP -MF .deps/libcfitsio_la-drvrmem.Tpo -c drvrmem.c -o libcfitsio_la-drvrmem.o >/dev/null 2>&1
libtool: compile:  /share/home/apps/gcc/11.3.0/bin/gcc -m64 -DPACKAGE_NAME=\"cfitsio\" -DPACKAGE_TARNAME=\"cfitsio\" -DPACKAGE_VERSION=\"4.6.2\" "-DPACKAGE_STRING=\"cfitsio 4.6.2\"" -DPACKAGE_BUGREPORT=\"\" -DPACKAGE_URL=\"\" -DPACKAGE=\"cfitsio\" -DVERSION=\"4.6.2\" -DHAVE_STDIO_H=1 -DHAVE_STDLIB_H=1 -DHAVE_STRING_H=1 -DHAVE_INTTYPES_H=1 -DHAVE_STDINT_H=1 -DHAVE_STRINGS_H=1 -DHAVE_SYS_STAT_H=1 -DHAVE_SYS_TYPES_H=1 -DHAVE_UNISTD_H=1 -DSTDC_HEADERS=1 -DHAVE_DLFCN_H=1 -DLT_OBJDIR=\".libs/\" -DHAVE_STDLIB_H=1 -DHAVE_STRING_H=1 -DHAVE_MATH_H=1 -DHAVE_LIMITS_H=1 -D_LARGEFILE_SOURCE=1 -D_FILE_OFFSET_BITS=64 -DCFITSIO_HAVE_CURL=1 -DHAVE_LIBZ=1 -DHAVE_FTRUNCATE=1 -DHAVE_LONGLONG=1 -DHAVE_SHMEM_SERVICES=1 -DHAVE_FMEMOPEN=1 -DHAVE_NET_SERVICES=1 -I. -DPACKAGE_NAME=\"cfitsio\" -DPACKAGE_TARNAME=\"cfitsio\" -DPACKAGE_VERSION=\"4.6.2\" "-DPACKAGE_STRING=\"cfitsio 4.6.2\"" -DPACKAGE_BUGREPORT=\"\" -DPACKAGE_URL=\"\" -DPACKAGE=\"cfitsio\" -DVERSION=\"4.6.2\" -DHAVE_STDIO_H=1 -DHAVE_STDLIB_H=1 -DHAVE_STRING_H=1 -DHAVE_INTTYPES_H=1 -DHAVE_STDINT_H=1 -DHAVE_STRINGS_H=1 -DHAVE_SYS_STAT_H=1 -DHAVE_SYS_TYPES_H=1 -DHAVE_UNISTD_H=1 -DSTDC_HEADERS=1 -DHAVE_DLFCN_H=1 -DLT_OBJDIR=\".libs/\" -DHAVE_STDLIB_H=1 -DHAVE_STRING_H=1 -DHAVE_MATH_H=1 -DHAVE_LIMITS_H=1 -D_LARGEFILE_SOURCE=1 -D_FILE_OFFSET_BITS=64 -DCFITSIO_HAVE_CURL=1 -DHAVE_LIBZ=1 -DHAVE_FTRUNCATE=1 -DHAVE_LONGLONG=1 -DHAVE_SHMEM_SERVICES=1 -DHAVE_FMEMOPEN=1 -DHAVE_NET_SERVICES=1 -g -O2 -Dg77Fortran -MT libcfitsio_la-putcolui.lo -MD -MP -MF .deps/libcfitsio_la-putcolui.Tpo -c putcolui.c -o libcfitsio_la-putcolui.o >/dev/null 2>&1
libtool: compile:  /share/home/apps/gcc/11.3.0/bin/gcc -m64 -DPACKAGE_NAME=\"cfitsio\" -DPACKAGE_TARNAME=\"cfitsio\" -DPACKAGE_VERSION=\"4.6.2\" "-DPACKAGE_STRING=\"cfitsio 4.6.2\"" -DPACKAGE_BUGREPORT=\"\" -DPACKAGE_URL=\"\" -DPACKAGE=\"cfitsio\" -DVERSION=\"4.6.2\" -DHAVE_STDIO_H=1 -DHAVE_STDLIB_H=1 -DHAVE_STRING_H=1 -DHAVE_INTTYPES_H=1 -DHAVE_STDINT_H=1 -DHAVE_STRINGS_H=1 -DHAVE_SYS_STAT_H=1 -DHAVE_SYS_TYPES_H=1 -DHAVE_UNISTD_H=1 -DSTDC_HEADERS=1 -DHAVE_DLFCN_H=1 -DLT_OBJDIR=\".libs/\" -DHAVE_STDLIB_H=1 -DHAVE_STRING_H=1 -DHAVE_MATH_H=1 -DHAVE_LIMITS_H=1 -D_LARGEFILE_SOURCE=1 -D_FILE_OFFSET_BITS=64 -DCFITSIO_HAVE_CURL=1 -DHAVE_LIBZ=1 -DHAVE_FTRUNCATE=1 -DHAVE_LONGLONG=1 -DHAVE_SHMEM_SERVICES=1 -DHAVE_FMEMOPEN=1 -DHAVE_NET_SERVICES=1 -I. -DPACKAGE_NAME=\"cfitsio\" -DPACKAGE_TARNAME=\"cfitsio\" -DPACKAGE_VERSION=\"4.6.2\" "-DPACKAGE_STRING=\"cfitsio 4.6.2\"" -DPACKAGE_BUGREPORT=\"\" -DPACKAGE_URL=\"\" -DPACKAGE=\"cfitsio\" -DVERSION=\"4.6.2\" -DHAVE_STDIO_H=1 -DHAVE_STDLIB_H=1 -DHAVE_STRING_H=1 -DHAVE_INTTYPES_H=1 -DHAVE_STDINT_H=1 -DHAVE_STRINGS_H=1 -DHAVE_SYS_STAT_H=1 -DHAVE_SYS_TYPES_H=1 -DHAVE_UNISTD_H=1 -DSTDC_HEADERS=1 -DHAVE_DLFCN_H=1 -DLT_OBJDIR=\".libs/\" -DHAVE_STDLIB_H=1 -DHAVE_STRING_H=1 -DHAVE_MATH_H=1 -DHAVE_LIMITS_H=1 -D_LARGEFILE_SOURCE=1 -D_FILE_OFFSET_BITS=64 -DCFITSIO_HAVE_CURL=1 -DHAVE_LIBZ=1 -DHAVE_FTRUNCATE=1 -DHAVE_LONGLONG=1 -DHAVE_SHMEM_SERVICES=1 -DHAVE_FMEMOPEN=1 -DHAVE_NET_SERVICES=1 -g -O2 -Dg77Fortran -MT libcfitsio_la-getcol.lo -MD -MP -MF .deps/libcfitsio_la-getcol.Tpo -c getcol.c -o libcfitsio_la-getcol.o >/dev/null 2>&1
libtool: compile:  /share/home/apps/gcc/11.3.0/bin/gcc -m64 -DPACKAGE_NAME=\"cfitsio\" -DPACKAGE_TARNAME=\"cfitsio\" -DPACKAGE_VERSION=\"4.6.2\" "-DPACKAGE_STRING=\"cfitsio 4.6.2\"" -DPACKAGE_BUGREPORT=\"\" -DPACKAGE_URL=\"\" -DPACKAGE=\"cfitsio\" -DVERSION=\"4.6.2\" -DHAVE_STDIO_H=1 -DHAVE_STDLIB_H=1 -DHAVE_STRING_H=1 -DHAVE_INTTYPES_H=1 -DHAVE_STDINT_H=1 -DHAVE_STRINGS_H=1 -DHAVE_SYS_STAT_H=1 -DHAVE_SYS_TYPES_H=1 -DHAVE_UNISTD_H=1 -DSTDC_HEADERS=1 -DHAVE_DLFCN_H=1 -DLT_OBJDIR=\".libs/\" -DHAVE_STDLIB_H=1 -DHAVE_STRING_H=1 -DHAVE_MATH_H=1 -DHAVE_LIMITS_H=1 -D_LARGEFILE_SOURCE=1 -D_FILE_OFFSET_BITS=64 -DCFITSIO_HAVE_CURL=1 -DHAVE_LIBZ=1 -DHAVE_FTRUNCATE=1 -DHAVE_LONGLONG=1 -DHAVE_SHMEM_SERVICES=1 -DHAVE_FMEMOPEN=1 -DHAVE_NET_SERVICES=1 -I. -DPACKAGE_NAME=\"cfitsio\" -DPACKAGE_TARNAME=\"cfitsio\" -DPACKAGE_VERSION=\"4.6.2\" "-DPACKAGE_STRING=\"cfitsio 4.6.2\"" -DPACKAGE_BUGREPORT=\"\" -DPACKAGE_URL=\"\" -DPACKAGE=\"cfitsio\" -DVERSION=\"4.6.2\" -DHAVE_STDIO_H=1 -DHAVE_STDLIB_H=1 -DHAVE_STRING_H=1 -DHAVE_INTTYPES_H=1 -DHAVE_STDINT_H=1 -DHAVE_STRINGS_H=1 -DHAVE_SYS_STAT_H=1 -DHAVE_SYS_TYPES_H=1 -DHAVE_UNISTD_H=1 -DSTDC_HEADERS=1 -DHAVE_DLFCN_H=1 -DLT_OBJDIR=\".libs/\" -DHAVE_STDLIB_H=1 -DHAVE_STRING_H=1 -DHAVE_MATH_H=1 -DHAVE_LIMITS_H=1 -D_LARGEFILE_SOURCE=1 -D_FILE_OFFSET_BITS=64 -DCFITSIO_HAVE_CURL=1 -DHAVE_LIBZ=1 -DHAVE_FTRUNCATE=1 -DHAVE_LONGLONG=1 -DHAVE_SHMEM_SERVICES=1 -DHAVE_FMEMOPEN=1 -DHAVE_NET_SERVICES=1 -g -O2 -Dg77Fortran -MT libcfitsio_la-edithdu.lo -MD -MP -MF .deps/libcfitsio_la-edithdu.Tpo -c edithdu.c -o libcfitsio_la-edithdu.o >/dev/null 2>&1
libtool: compile:  /share/home/apps/gcc/11.3.0/bin/gcc -m64 -DPACKAGE_NAME=\"cfitsio\" -DPACKAGE_TARNAME=\"cfitsio\" -DPACKAGE_VERSION=\"4.6.2\" "-DPACKAGE_STRING=\"cfitsio 4.6.2\"" -DPACKAGE_BUGREPORT=\"\" -DPACKAGE_URL=\"\" -DPACKAGE=\"cfitsio\" -DVERSION=\"4.6.2\" -DHAVE_STDIO_H=1 -DHAVE_STDLIB_H=1 -DHAVE_STRING_H=1 -DHAVE_INTTYPES_H=1 -DHAVE_STDINT_H=1 -DHAVE_STRINGS_H=1 -DHAVE_SYS_STAT_H=1 -DHAVE_SYS_TYPES_H=1 -DHAVE_UNISTD_H=1 -DSTDC_HEADERS=1 -DHAVE_DLFCN_H=1 -DLT_OBJDIR=\".libs/\" -DHAVE_STDLIB_H=1 -DHAVE_STRING_H=1 -DHAVE_MATH_H=1 -DHAVE_LIMITS_H=1 -D_LARGEFILE_SOURCE=1 -D_FILE_OFFSET_BITS=64 -DCFITSIO_HAVE_CURL=1 -DHAVE_LIBZ=1 -DHAVE_FTRUNCATE=1 -DHAVE_LONGLONG=1 -DHAVE_SHMEM_SERVICES=1 -DHAVE_FMEMOPEN=1 -DHAVE_NET_SERVICES=1 -I. -DPACKAGE_NAME=\"cfitsio\" -DPACKAGE_TARNAME=\"cfitsio\" -DPACKAGE_VERSION=\"4.6.2\" "-DPACKAGE_STRING=\"cfitsio 4.6.2\"" -DPACKAGE_BUGREPORT=\"\" -DPACKAGE_URL=\"\" -DPACKAGE=\"cfitsio\" -DVERSION=\"4.6.2\" -DHAVE_STDIO_H=1 -DHAVE_STDLIB_H=1 -DHAVE_STRING_H=1 -DHAVE_INTTYPES_H=1 -DHAVE_STDINT_H=1 -DHAVE_STRINGS_H=1 -DHAVE_SYS_STAT_H=1 -DHAVE_SYS_TYPES_H=1 -DHAVE_UNISTD_H=1 -DSTDC_HEADERS=1 -DHAVE_DLFCN_H=1 -DLT_OBJDIR=\".libs/\" -DHAVE_STDLIB_H=1 -DHAVE_STRING_H=1 -DHAVE_MATH_H=1 -DHAVE_LIMITS_H=1 -D_LARGEFILE_SOURCE=1 -D_FILE_OFFSET_BITS=64 -DCFITSIO_HAVE_CURL=1 -DHAVE_LIBZ=1 -DHAVE_FTRUNCATE=1 -DHAVE_LONGLONG=1 -DHAVE_SHMEM_SERVICES=1 -DHAVE_FMEMOPEN=1 -DHAVE_NET_SERVICES=1 -g -O2 -Dg77Fortran -MT libcfitsio_la-buffers.lo -MD -MP -MF .deps/libcfitsio_la-buffers.Tpo -c buffers.c -o libcfitsio_la-buffers.o >/dev/null 2>&1
libtool: compile:  /share/home/apps/gcc/11.3.0/bin/gcc -m64 -DPACKAGE_NAME=\"cfitsio\" -DPACKAGE_TARNAME=\"cfitsio\" -DPACKAGE_VERSION=\"4.6.2\" "-DPACKAGE_STRING=\"cfitsio 4.6.2\"" -DPACKAGE_BUGREPORT=\"\" -DPACKAGE_URL=\"\" -DPACKAGE=\"cfitsio\" -DVERSION=\"4.6.2\" -DHAVE_STDIO_H=1 -DHAVE_STDLIB_H=1 -DHAVE_STRING_H=1 -DHAVE_INTTYPES_H=1 -DHAVE_STDINT_H=1 -DHAVE_STRINGS_H=1 -DHAVE_SYS_STAT_H=1 -DHAVE_SYS_TYPES_H=1 -DHAVE_UNISTD_H=1 -DSTDC_HEADERS=1 -DHAVE_DLFCN_H=1 -DLT_OBJDIR=\".libs/\" -DHAVE_STDLIB_H=1 -DHAVE_STRING_H=1 -DHAVE_MATH_H=1 -DHAVE_LIMITS_H=1 -D_LARGEFILE_SOURCE=1 -D_FILE_OFFSET_BITS=64 -DCFITSIO_HAVE_CURL=1 -DHAVE_LIBZ=1 -DHAVE_FTRUNCATE=1 -DHAVE_LONGLONG=1 -DHAVE_SHMEM_SERVICES=1 -DHAVE_FMEMOPEN=1 -DHAVE_NET_SERVICES=1 -I. -DPACKAGE_NAME=\"cfitsio\" -DPACKAGE_TARNAME=\"cfitsio\" -DPACKAGE_VERSION=\"4.6.2\" "-DPACKAGE_STRING=\"cfitsio 4.6.2\"" -DPACKAGE_BUGREPORT=\"\" -DPACKAGE_URL=\"\" -DPACKAGE=\"cfitsio\" -DVERSION=\"4.6.2\" -DHAVE_STDIO_H=1 -DHAVE_STDLIB_H=1 -DHAVE_STRING_H=1 -DHAVE_INTTYPES_H=1 -DHAVE_STDINT_H=1 -DHAVE_STRINGS_H=1 -DHAVE_SYS_STAT_H=1 -DHAVE_SYS_TYPES_H=1 -DHAVE_UNISTD_H=1 -DSTDC_HEADERS=1 -DHAVE_DLFCN_H=1 -DLT_OBJDIR=\".libs/\" -DHAVE_STDLIB_H=1 -DHAVE_STRING_H=1 -DHAVE_MATH_H=1 -DHAVE_LIMITS_H=1 -D_LARGEFILE_SOURCE=1 -D_FILE_OFFSET_BITS=64 -DCFITSIO_HAVE_CURL=1 -DHAVE_LIBZ=1 -DHAVE_FTRUNCATE=1 -DHAVE_LONGLONG=1 -DHAVE_SHMEM_SERVICES=1 -DHAVE_FMEMOPEN=1 -DHAVE_NET_SERVICES=1 -g -O2 -Dg77Fortran -MT libcfitsio_la-putcoli.lo -MD -MP -MF .deps/libcfitsio_la-putcoli.Tpo -c putcoli.c -o libcfitsio_la-putcoli.o >/dev/null 2>&1
libtool: compile:  /share/home/apps/gcc/11.3.0/bin/gcc -m64 -DPACKAGE_NAME=\"cfitsio\" -DPACKAGE_TARNAME=\"cfitsio\" -DPACKAGE_VERSION=\"4.6.2\" "-DPACKAGE_STRING=\"cfitsio 4.6.2\"" -DPACKAGE_BUGREPORT=\"\" -DPACKAGE_URL=\"\" -DPACKAGE=\"cfitsio\" -DVERSION=\"4.6.2\" -DHAVE_STDIO_H=1 -DHAVE_STDLIB_H=1 -DHAVE_STRING_H=1 -DHAVE_INTTYPES_H=1 -DHAVE_STDINT_H=1 -DHAVE_STRINGS_H=1 -DHAVE_SYS_STAT_H=1 -DHAVE_SYS_TYPES_H=1 -DHAVE_UNISTD_H=1 -DSTDC_HEADERS=1 -DHAVE_DLFCN_H=1 -DLT_OBJDIR=\".libs/\" -DHAVE_STDLIB_H=1 -DHAVE_STRING_H=1 -DHAVE_MATH_H=1 -DHAVE_LIMITS_H=1 -D_LARGEFILE_SOURCE=1 -D_FILE_OFFSET_BITS=64 -DCFITSIO_HAVE_CURL=1 -DHAVE_LIBZ=1 -DHAVE_FTRUNCATE=1 -DHAVE_LONGLONG=1 -DHAVE_SHMEM_SERVICES=1 -DHAVE_FMEMOPEN=1 -DHAVE_NET_SERVICES=1 -I. -DPACKAGE_NAME=\"cfitsio\" -DPACKAGE_TARNAME=\"cfitsio\" -DPACKAGE_VERSION=\"4.6.2\" "-DPACKAGE_STRING=\"cfitsio 4.6.2\"" -DPACKAGE_BUGREPORT=\"\" -DPACKAGE_URL=\"\" -DPACKAGE=\"cfitsio\" -DVERSION=\"4.6.2\" -DHAVE_STDIO_H=1 -DHAVE_STDLIB_H=1 -DHAVE_STRING_H=1 -DHAVE_INTTYPES_H=1 -DHAVE_STDINT_H=1 -DHAVE_STRINGS_H=1 -DHAVE_SYS_STAT_H=1 -DHAVE_SYS_TYPES_H=1 -DHAVE_UNISTD_H=1 -DSTDC_HEADERS=1 -DHAVE_DLFCN_H=1 -DLT_OBJDIR=\".libs/\" -DHAVE_STDLIB_H=1 -DHAVE_STRING_H=1 -DHAVE_MATH_H=1 -DHAVE_LIMITS_H=1 -D_LARGEFILE_SOURCE=1 -D_FILE_OFFSET_BITS=64 -DCFITSIO_HAVE_CURL=1 -DHAVE_LIBZ=1 -DHAVE_FTRUNCATE=1 -DHAVE_LONGLONG=1 -DHAVE_SHMEM_SERVICES=1 -DHAVE_FMEMOPEN=1 -DHAVE_NET_SERVICES=1 -g -O2 -Dg77Fortran -MT libcfitsio_la-getcols.lo -MD -MP -MF .deps/libcfitsio_la-getcols.Tpo -c getcols.c -o libcfitsio_la-getcols.o >/dev/null 2>&1
libtool: compile:  /share/home/apps/gcc/11.3.0/bin/gcc -m64 -DPACKAGE_NAME=\"cfitsio\" -DPACKAGE_TARNAME=\"cfitsio\" -DPACKAGE_VERSION=\"4.6.2\" "-DPACKAGE_STRING=\"cfitsio 4.6.2\"" -DPACKAGE_BUGREPORT=\"\" -DPACKAGE_URL=\"\" -DPACKAGE=\"cfitsio\" -DVERSION=\"4.6.2\" -DHAVE_STDIO_H=1 -DHAVE_STDLIB_H=1 -DHAVE_STRING_H=1 -DHAVE_INTTYPES_H=1 -DHAVE_STDINT_H=1 -DHAVE_STRINGS_H=1 -DHAVE_SYS_STAT_H=1 -DHAVE_SYS_TYPES_H=1 -DHAVE_UNISTD_H=1 -DSTDC_HEADERS=1 -DHAVE_DLFCN_H=1 -DLT_OBJDIR=\".libs/\" -DHAVE_STDLIB_H=1 -DHAVE_STRING_H=1 -DHAVE_MATH_H=1 -DHAVE_LIMITS_H=1 -D_LARGEFILE_SOURCE=1 -D_FILE_OFFSET_BITS=64 -DCFITSIO_HAVE_CURL=1 -DHAVE_LIBZ=1 -DHAVE_FTRUNCATE=1 -DHAVE_LONGLONG=1 -DHAVE_SHMEM_SERVICES=1 -DHAVE_FMEMOPEN=1 -DHAVE_NET_SERVICES=1 -I. -DPACKAGE_NAME=\"cfitsio\" -DPACKAGE_TARNAME=\"cfitsio\" -DPACKAGE_VERSION=\"4.6.2\" "-DPACKAGE_STRING=\"cfitsio 4.6.2\"" -DPACKAGE_BUGREPORT=\"\" -DPACKAGE_URL=\"\" -DPACKAGE=\"cfitsio\" -DVERSION=\"4.6.2\" -DHAVE_STDIO_H=1 -DHAVE_STDLIB_H=1 -DHAVE_STRING_H=1 -DHAVE_INTTYPES_H=1 -DHAVE_STDINT_H=1 -DHAVE_STRINGS_H=1 -DHAVE_SYS_STAT_H=1 -DHAVE_SYS_TYPES_H=1 -DHAVE_UNISTD_H=1 -DSTDC_HEADERS=1 -DHAVE_DLFCN_H=1 -DLT_OBJDIR=\".libs/\" -DHAVE_STDLIB_H=1 -DHAVE_STRING_H=1 -DHAVE_MATH_H=1 -DHAVE_LIMITS_H=1 -D_LARGEFILE_SOURCE=1 -D_FILE_OFFSET_BITS=64 -DCFITSIO_HAVE_CURL=1 -DHAVE_LIBZ=1 -DHAVE_FTRUNCATE=1 -DHAVE_LONGLONG=1 -DHAVE_SHMEM_SERVICES=1 -DHAVE_FMEMOPEN=1 -DHAVE_NET_SERVICES=1 -g -O2 -Dg77Fortran -MT libcfitsio_la-putcold.lo -MD -MP -MF .deps/libcfitsio_la-putcold.Tpo -c putcold.c -o libcfitsio_la-putcold.o >/dev/null 2>&1
mv -f .deps/libcfitsio_la-simplerng.Tpo .deps/libcfitsio_la-simplerng.Plo
libtool: compile:  /share/home/apps/gcc/11.3.0/bin/gcc -m64 -DPACKAGE_NAME=\"cfitsio\" -DPACKAGE_TARNAME=\"cfitsio\" -DPACKAGE_VERSION=\"4.6.2\" "-DPACKAGE_STRING=\"cfitsio 4.6.2\"" -DPACKAGE_BUGREPORT=\"\" -DPACKAGE_URL=\"\" -DPACKAGE=\"cfitsio\" -DVERSION=\"4.6.2\" -DHAVE_STDIO_H=1 -DHAVE_STDLIB_H=1 -DHAVE_STRING_H=1 -DHAVE_INTTYPES_H=1 -DHAVE_STDINT_H=1 -DHAVE_STRINGS_H=1 -DHAVE_SYS_STAT_H=1 -DHAVE_SYS_TYPES_H=1 -DHAVE_UNISTD_H=1 -DSTDC_HEADERS=1 -DHAVE_DLFCN_H=1 -DLT_OBJDIR=\".libs/\" -DHAVE_STDLIB_H=1 -DHAVE_STRING_H=1 -DHAVE_MATH_H=1 -DHAVE_LIMITS_H=1 -D_LARGEFILE_SOURCE=1 -D_FILE_OFFSET_BITS=64 -DCFITSIO_HAVE_CURL=1 -DHAVE_LIBZ=1 -DHAVE_FTRUNCATE=1 -DHAVE_LONGLONG=1 -DHAVE_SHMEM_SERVICES=1 -DHAVE_FMEMOPEN=1 -DHAVE_NET_SERVICES=1 -I. -DPACKAGE_NAME=\"cfitsio\" -DPACKAGE_TARNAME=\"cfitsio\" -DPACKAGE_VERSION=\"4.6.2\" "-DPACKAGE_STRING=\"cfitsio 4.6.2\"" -DPACKAGE_BUGREPORT=\"\" -DPACKAGE_URL=\"\" -DPACKAGE=\"cfitsio\" -DVERSION=\"4.6.2\" -DHAVE_STDIO_H=1 -DHAVE_STDLIB_H=1 -DHAVE_STRING_H=1 -DHAVE_INTTYPES_H=1 -DHAVE_STDINT_H=1 -DHAVE_STRINGS_H=1 -DHAVE_SYS_STAT_H=1 -DHAVE_SYS_TYPES_H=1 -DHAVE_UNISTD_H=1 -DSTDC_HEADERS=1 -DHAVE_DLFCN_H=1 -DLT_OBJDIR=\".libs/\" -DHAVE_STDLIB_H=1 -DHAVE_STRING_H=1 -DHAVE_MATH_H=1 -DHAVE_LIMITS_H=1 -D_LARGEFILE_SOURCE=1 -D_FILE_OFFSET_BITS=64 -DCFITSIO_HAVE_CURL=1 -DHAVE_LIBZ=1 -DHAVE_FTRUNCATE=1 -DHAVE_LONGLONG=1 -DHAVE_SHMEM_SERVICES=1 -DHAVE_FMEMOPEN=1 -DHAVE_NET_SERVICES=1 -g -O2 -Dg77Fortran -MT libcfitsio_la-wcsutil.lo -MD -MP -MF .deps/libcfitsio_la-wcsutil.Tpo -c wcsutil.c -o libcfitsio_la-wcsutil.o >/dev/null 2>&1
libtool: compile:  /share/home/apps/gcc/11.3.0/bin/gcc -m64 -DPACKAGE_NAME=\"cfitsio\" -DPACKAGE_TARNAME=\"cfitsio\" -DPACKAGE_VERSION=\"4.6.2\" "-DPACKAGE_STRING=\"cfitsio 4.6.2\"" -DPACKAGE_BUGREPORT=\"\" -DPACKAGE_URL=\"\" -DPACKAGE=\"cfitsio\" -DVERSION=\"4.6.2\" -DHAVE_STDIO_H=1 -DHAVE_STDLIB_H=1 -DHAVE_STRING_H=1 -DHAVE_INTTYPES_H=1 -DHAVE_STDINT_H=1 -DHAVE_STRINGS_H=1 -DHAVE_SYS_STAT_H=1 -DHAVE_SYS_TYPES_H=1 -DHAVE_UNISTD_H=1 -DSTDC_HEADERS=1 -DHAVE_DLFCN_H=1 -DLT_OBJDIR=\".libs/\" -DHAVE_STDLIB_H=1 -DHAVE_STRING_H=1 -DHAVE_MATH_H=1 -DHAVE_LIMITS_H=1 -D_LARGEFILE_SOURCE=1 -D_FILE_OFFSET_BITS=64 -DCFITSIO_HAVE_CURL=1 -DHAVE_LIBZ=1 -DHAVE_FTRUNCATE=1 -DHAVE_LONGLONG=1 -DHAVE_SHMEM_SERVICES=1 -DHAVE_FMEMOPEN=1 -DHAVE_NET_SERVICES=1 -I. -DPACKAGE_NAME=\"cfitsio\" -DPACKAGE_TARNAME=\"cfitsio\" -DPACKAGE_VERSION=\"4.6.2\" "-DPACKAGE_STRING=\"cfitsio 4.6.2\"" -DPACKAGE_BUGREPORT=\"\" -DPACKAGE_URL=\"\" -DPACKAGE=\"cfitsio\" -DVERSION=\"4.6.2\" -DHAVE_STDIO_H=1 -DHAVE_STDLIB_H=1 -DHAVE_STRING_H=1 -DHAVE_INTTYPES_H=1 -DHAVE_STDINT_H=1 -DHAVE_STRINGS_H=1 -DHAVE_SYS_STAT_H=1 -DHAVE_SYS_TYPES_H=1 -DHAVE_UNISTD_H=1 -DSTDC_HEADERS=1 -DHAVE_DLFCN_H=1 -DLT_OBJDIR=\".libs/\" -DHAVE_STDLIB_H=1 -DHAVE_STRING_H=1 -DHAVE_MATH_H=1 -DHAVE_LIMITS_H=1 -D_LARGEFILE_SOURCE=1 -D_FILE_OFFSET_BITS=64 -DCFITSIO_HAVE_CURL=1 -DHAVE_LIBZ=1 -DHAVE_FTRUNCATE=1 -DHAVE_LONGLONG=1 -DHAVE_SHMEM_SERVICES=1 -DHAVE_FMEMOPEN=1 -DHAVE_NET_SERVICES=1 -g -O2 -Dg77Fortran -MT libcfitsio_la-putcolsb.lo -MD -MP -MF .deps/libcfitsio_la-putcolsb.Tpo -c putcolsb.c -o libcfitsio_la-putcolsb.o >/dev/null 2>&1
libtool: compile:  /share/home/apps/gcc/11.3.0/bin/gcc -m64 -DPACKAGE_NAME=\"cfitsio\" -DPACKAGE_TARNAME=\"cfitsio\" -DPACKAGE_VERSION=\"4.6.2\" "-DPACKAGE_STRING=\"cfitsio 4.6.2\"" -DPACKAGE_BUGREPORT=\"\" -DPACKAGE_URL=\"\" -DPACKAGE=\"cfitsio\" -DVERSION=\"4.6.2\" -DHAVE_STDIO_H=1 -DHAVE_STDLIB_H=1 -DHAVE_STRING_H=1 -DHAVE_INTTYPES_H=1 -DHAVE_STDINT_H=1 -DHAVE_STRINGS_H=1 -DHAVE_SYS_STAT_H=1 -DHAVE_SYS_TYPES_H=1 -DHAVE_UNISTD_H=1 -DSTDC_HEADERS=1 -DHAVE_DLFCN_H=1 -DLT_OBJDIR=\".libs/\" -DHAVE_STDLIB_H=1 -DHAVE_STRING_H=1 -DHAVE_MATH_H=1 -DHAVE_LIMITS_H=1 -D_LARGEFILE_SOURCE=1 -D_FILE_OFFSET_BITS=64 -DCFITSIO_HAVE_CURL=1 -DHAVE_LIBZ=1 -DHAVE_FTRUNCATE=1 -DHAVE_LONGLONG=1 -DHAVE_SHMEM_SERVICES=1 -DHAVE_FMEMOPEN=1 -DHAVE_NET_SERVICES=1 -I. -DPACKAGE_NAME=\"cfitsio\" -DPACKAGE_TARNAME=\"cfitsio\" -DPACKAGE_VERSION=\"4.6.2\" "-DPACKAGE_STRING=\"cfitsio 4.6.2\"" -DPACKAGE_BUGREPORT=\"\" -DPACKAGE_URL=\"\" -DPACKAGE=\"cfitsio\" -DVERSION=\"4.6.2\" -DHAVE_STDIO_H=1 -DHAVE_STDLIB_H=1 -DHAVE_STRING_H=1 -DHAVE_INTTYPES_H=1 -DHAVE_STDINT_H=1 -DHAVE_STRINGS_H=1 -DHAVE_SYS_STAT_H=1 -DHAVE_SYS_TYPES_H=1 -DHAVE_UNISTD_H=1 -DSTDC_HEADERS=1 -DHAVE_DLFCN_H=1 -DLT_OBJDIR=\".libs/\" -DHAVE_STDLIB_H=1 -DHAVE_STRING_H=1 -DHAVE_MATH_H=1 -DHAVE_LIMITS_H=1 -D_LARGEFILE_SOURCE=1 -D_FILE_OFFSET_BITS=64 -DCFITSIO_HAVE_CURL=1 -DHAVE_LIBZ=1 -DHAVE_FTRUNCATE=1 -DHAVE_LONGLONG=1 -DHAVE_SHMEM_SERVICES=1 -DHAVE_FMEMOPEN=1 -DHAVE_NET_SERVICES=1 -g -O2 -Dg77Fortran -MT libcfitsio_la-putcolk.lo -MD -MP -MF .deps/libcfitsio_la-putcolk.Tpo -c putcolk.c -o libcfitsio_la-putcolk.o >/dev/null 2>&1
libtool: compile:  /share/home/apps/gcc/11.3.0/bin/gcc -m64 -DPACKAGE_NAME=\"cfitsio\" -DPACKAGE_TARNAME=\"cfitsio\" -DPACKAGE_VERSION=\"4.6.2\" "-DPACKAGE_STRING=\"cfitsio 4.6.2\"" -DPACKAGE_BUGREPORT=\"\" -DPACKAGE_URL=\"\" -DPACKAGE=\"cfitsio\" -DVERSION=\"4.6.2\" -DHAVE_STDIO_H=1 -DHAVE_STDLIB_H=1 -DHAVE_STRING_H=1 -DHAVE_INTTYPES_H=1 -DHAVE_STDINT_H=1 -DHAVE_STRINGS_H=1 -DHAVE_SYS_STAT_H=1 -DHAVE_SYS_TYPES_H=1 -DHAVE_UNISTD_H=1 -DSTDC_HEADERS=1 -DHAVE_DLFCN_H=1 -DLT_OBJDIR=\".libs/\" -DHAVE_STDLIB_H=1 -DHAVE_STRING_H=1 -DHAVE_MATH_H=1 -DHAVE_LIMITS_H=1 -D_LARGEFILE_SOURCE=1 -D_FILE_OFFSET_BITS=64 -DCFITSIO_HAVE_CURL=1 -DHAVE_LIBZ=1 -DHAVE_FTRUNCATE=1 -DHAVE_LONGLONG=1 -DHAVE_SHMEM_SERVICES=1 -DHAVE_FMEMOPEN=1 -DHAVE_NET_SERVICES=1 -I. -DPACKAGE_NAME=\"cfitsio\" -DPACKAGE_TARNAME=\"cfitsio\" -DPACKAGE_VERSION=\"4.6.2\" "-DPACKAGE_STRING=\"cfitsio 4.6.2\"" -DPACKAGE_BUGREPORT=\"\" -DPACKAGE_URL=\"\" -DPACKAGE=\"cfitsio\" -DVERSION=\"4.6.2\" -DHAVE_STDIO_H=1 -DHAVE_STDLIB_H=1 -DHAVE_STRING_H=1 -DHAVE_INTTYPES_H=1 -DHAVE_STDINT_H=1 -DHAVE_STRINGS_H=1 -DHAVE_SYS_STAT_H=1 -DHAVE_SYS_TYPES_H=1 -DHAVE_UNISTD_H=1 -DSTDC_HEADERS=1 -DHAVE_DLFCN_H=1 -DLT_OBJDIR=\".libs/\" -DHAVE_STDLIB_H=1 -DHAVE_STRING_H=1 -DHAVE_MATH_H=1 -DHAVE_LIMITS_H=1 -D_LARGEFILE_SOURCE=1 -D_FILE_OFFSET_BITS=64 -DCFITSIO_HAVE_CURL=1 -DHAVE_LIBZ=1 -DHAVE_FTRUNCATE=1 -DHAVE_LONGLONG=1 -DHAVE_SHMEM_SERVICES=1 -DHAVE_FMEMOPEN=1 -DHAVE_NET_SERVICES=1 -g -O2 -Dg77Fortran -MT libcfitsio_la-wcssub.lo -MD -MP -MF .deps/libcfitsio_la-wcssub.Tpo -c wcssub.c -o libcfitsio_la-wcssub.o >/dev/null 2>&1
libtool: compile:  /share/home/apps/gcc/11.3.0/bin/gcc -m64 -DPACKAGE_NAME=\"cfitsio\" -DPACKAGE_TARNAME=\"cfitsio\" -DPACKAGE_VERSION=\"4.6.2\" "-DPACKAGE_STRING=\"cfitsio 4.6.2\"" -DPACKAGE_BUGREPORT=\"\" -DPACKAGE_URL=\"\" -DPACKAGE=\"cfitsio\" -DVERSION=\"4.6.2\" -DHAVE_STDIO_H=1 -DHAVE_STDLIB_H=1 -DHAVE_STRING_H=1 -DHAVE_INTTYPES_H=1 -DHAVE_STDINT_H=1 -DHAVE_STRINGS_H=1 -DHAVE_SYS_STAT_H=1 -DHAVE_SYS_TYPES_H=1 -DHAVE_UNISTD_H=1 -DSTDC_HEADERS=1 -DHAVE_DLFCN_H=1 -DLT_OBJDIR=\".libs/\" -DHAVE_STDLIB_H=1 -DHAVE_STRING_H=1 -DHAVE_MATH_H=1 -DHAVE_LIMITS_H=1 -D_LARGEFILE_SOURCE=1 -D_FILE_OFFSET_BITS=64 -DCFITSIO_HAVE_CURL=1 -DHAVE_LIBZ=1 -DHAVE_FTRUNCATE=1 -DHAVE_LONGLONG=1 -DHAVE_SHMEM_SERVICES=1 -DHAVE_FMEMOPEN=1 -DHAVE_NET_SERVICES=1 -I. -DPACKAGE_NAME=\"cfitsio\" -DPACKAGE_TARNAME=\"cfitsio\" -DPACKAGE_VERSION=\"4.6.2\" "-DPACKAGE_STRING=\"cfitsio 4.6.2\"" -DPACKAGE_BUGREPORT=\"\" -DPACKAGE_URL=\"\" -DPACKAGE=\"cfitsio\" -DVERSION=\"4.6.2\" -DHAVE_STDIO_H=1 -DHAVE_STDLIB_H=1 -DHAVE_STRING_H=1 -DHAVE_INTTYPES_H=1 -DHAVE_STDINT_H=1 -DHAVE_STRINGS_H=1 -DHAVE_SYS_STAT_H=1 -DHAVE_SYS_TYPES_H=1 -DHAVE_UNISTD_H=1 -DSTDC_HEADERS=1 -DHAVE_DLFCN_H=1 -DLT_OBJDIR=\".libs/\" -DHAVE_STDLIB_H=1 -DHAVE_STRING_H=1 -DHAVE_MATH_H=1 -DHAVE_LIMITS_H=1 -D_LARGEFILE_SOURCE=1 -D_FILE_OFFSET_BITS=64 -DCFITSIO_HAVE_CURL=1 -DHAVE_LIBZ=1 -DHAVE_FTRUNCATE=1 -DHAVE_LONGLONG=1 -DHAVE_SHMEM_SERVICES=1 -DHAVE_FMEMOPEN=1 -DHAVE_NET_SERVICES=1 -g -O2 -Dg77Fortran -MT libcfitsio_la-iraffits.lo -MD -MP -MF .deps/libcfitsio_la-iraffits.Tpo -c iraffits.c -o libcfitsio_la-iraffits.o >/dev/null 2>&1
libtool: compile:  /share/home/apps/gcc/11.3.0/bin/gcc -m64 -DPACKAGE_NAME=\"cfitsio\" -DPACKAGE_TARNAME=\"cfitsio\" -DPACKAGE_VERSION=\"4.6.2\" "-DPACKAGE_STRING=\"cfitsio 4.6.2\"" -DPACKAGE_BUGREPORT=\"\" -DPACKAGE_URL=\"\" -DPACKAGE=\"cfitsio\" -DVERSION=\"4.6.2\" -DHAVE_STDIO_H=1 -DHAVE_STDLIB_H=1 -DHAVE_STRING_H=1 -DHAVE_INTTYPES_H=1 -DHAVE_STDINT_H=1 -DHAVE_STRINGS_H=1 -DHAVE_SYS_STAT_H=1 -DHAVE_SYS_TYPES_H=1 -DHAVE_UNISTD_H=1 -DSTDC_HEADERS=1 -DHAVE_DLFCN_H=1 -DLT_OBJDIR=\".libs/\" -DHAVE_STDLIB_H=1 -DHAVE_STRING_H=1 -DHAVE_MATH_H=1 -DHAVE_LIMITS_H=1 -D_LARGEFILE_SOURCE=1 -D_FILE_OFFSET_BITS=64 -DCFITSIO_HAVE_CURL=1 -DHAVE_LIBZ=1 -DHAVE_FTRUNCATE=1 -DHAVE_LONGLONG=1 -DHAVE_SHMEM_SERVICES=1 -DHAVE_FMEMOPEN=1 -DHAVE_NET_SERVICES=1 -I. -DPACKAGE_NAME=\"cfitsio\" -DPACKAGE_TARNAME=\"cfitsio\" -DPACKAGE_VERSION=\"4.6.2\" "-DPACKAGE_STRING=\"cfitsio 4.6.2\"" -DPACKAGE_BUGREPORT=\"\" -DPACKAGE_URL=\"\" -DPACKAGE=\"cfitsio\" -DVERSION=\"4.6.2\" -DHAVE_STDIO_H=1 -DHAVE_STDLIB_H=1 -DHAVE_STRING_H=1 -DHAVE_INTTYPES_H=1 -DHAVE_STDINT_H=1 -DHAVE_STRINGS_H=1 -DHAVE_SYS_STAT_H=1 -DHAVE_SYS_TYPES_H=1 -DHAVE_UNISTD_H=1 -DSTDC_HEADERS=1 -DHAVE_DLFCN_H=1 -DLT_OBJDIR=\".libs/\" -DHAVE_STDLIB_H=1 -DHAVE_STRING_H=1 -DHAVE_MATH_H=1 -DHAVE_LIMITS_H=1 -D_LARGEFILE_SOURCE=1 -D_FILE_OFFSET_BITS=64 -DCFITSIO_HAVE_CURL=1 -DHAVE_LIBZ=1 -DHAVE_FTRUNCATE=1 -DHAVE_LONGLONG=1 -DHAVE_SHMEM_SERVICES=1 -DHAVE_FMEMOPEN=1 -DHAVE_NET_SERVICES=1 -g -O2 -Dg77Fortran -MT libcfitsio_la-ricecomp.lo -MD -MP -MF .deps/libcfitsio_la-ricecomp.Tpo -c ricecomp.c -o libcfitsio_la-ricecomp.o >/dev/null 2>&1
mv -f .deps/libcfitsio_la-zuncompress.Tpo .deps/libcfitsio_la-zuncompress.Plo
libtool: compile:  /share/home/apps/gcc/11.3.0/bin/gcc -m64 -DPACKAGE_NAME=\"cfitsio\" -DPACKAGE_TARNAME=\"cfitsio\" -DPACKAGE_VERSION=\"4.6.2\" "-DPACKAGE_STRING=\"cfitsio 4.6.2\"" -DPACKAGE_BUGREPORT=\"\" -DPACKAGE_URL=\"\" -DPACKAGE=\"cfitsio\" -DVERSION=\"4.6.2\" -DHAVE_STDIO_H=1 -DHAVE_STDLIB_H=1 -DHAVE_STRING_H=1 -DHAVE_INTTYPES_H=1 -DHAVE_STDINT_H=1 -DHAVE_STRINGS_H=1 -DHAVE_SYS_STAT_H=1 -DHAVE_SYS_TYPES_H=1 -DHAVE_UNISTD_H=1 -DSTDC_HEADERS=1 -DHAVE_DLFCN_H=1 -DLT_OBJDIR=\".libs/\" -DHAVE_STDLIB_H=1 -DHAVE_STRING_H=1 -DHAVE_MATH_H=1 -DHAVE_LIMITS_H=1 -D_LARGEFILE_SOURCE=1 -D_FILE_OFFSET_BITS=64 -DCFITSIO_HAVE_CURL=1 -DHAVE_LIBZ=1 -DHAVE_FTRUNCATE=1 -DHAVE_LONGLONG=1 -DHAVE_SHMEM_SERVICES=1 -DHAVE_FMEMOPEN=1 -DHAVE_NET_SERVICES=1 -I. -DPACKAGE_NAME=\"cfitsio\" -DPACKAGE_TARNAME=\"cfitsio\" -DPACKAGE_VERSION=\"4.6.2\" "-DPACKAGE_STRING=\"cfitsio 4.6.2\"" -DPACKAGE_BUGREPORT=\"\" -DPACKAGE_URL=\"\" -DPACKAGE=\"cfitsio\" -DVERSION=\"4.6.2\" -DHAVE_STDIO_H=1 -DHAVE_STDLIB_H=1 -DHAVE_STRING_H=1 -DHAVE_INTTYPES_H=1 -DHAVE_STDINT_H=1 -DHAVE_STRINGS_H=1 -DHAVE_SYS_STAT_H=1 -DHAVE_SYS_TYPES_H=1 -DHAVE_UNISTD_H=1 -DSTDC_HEADERS=1 -DHAVE_DLFCN_H=1 -DLT_OBJDIR=\".libs/\" -DHAVE_STDLIB_H=1 -DHAVE_STRING_H=1 -DHAVE_MATH_H=1 -DHAVE_LIMITS_H=1 -D_LARGEFILE_SOURCE=1 -D_FILE_OFFSET_BITS=64 -DCFITSIO_HAVE_CURL=1 -DHAVE_LIBZ=1 -DHAVE_FTRUNCATE=1 -DHAVE_LONGLONG=1 -DHAVE_SHMEM_SERVICES=1 -DHAVE_FMEMOPEN=1 -DHAVE_NET_SERVICES=1 -g -O2 -Dg77Fortran -MT libcfitsio_la-grparser.lo -MD -MP -MF .deps/libcfitsio_la-grparser.Tpo -c grparser.c -o libcfitsio_la-grparser.o >/dev/null 2>&1
libtool: compile:  /share/home/apps/gcc/11.3.0/bin/gcc -m64 -DPACKAGE_NAME=\"cfitsio\" -DPACKAGE_TARNAME=\"cfitsio\" -DPACKAGE_VERSION=\"4.6.2\" "-DPACKAGE_STRING=\"cfitsio 4.6.2\"" -DPACKAGE_BUGREPORT=\"\" -DPACKAGE_URL=\"\" -DPACKAGE=\"cfitsio\" -DVERSION=\"4.6.2\" -DHAVE_STDIO_H=1 -DHAVE_STDLIB_H=1 -DHAVE_STRING_H=1 -DHAVE_INTTYPES_H=1 -DHAVE_STDINT_H=1 -DHAVE_STRINGS_H=1 -DHAVE_SYS_STAT_H=1 -DHAVE_SYS_TYPES_H=1 -DHAVE_UNISTD_H=1 -DSTDC_HEADERS=1 -DHAVE_DLFCN_H=1 -DLT_OBJDIR=\".libs/\" -DHAVE_STDLIB_H=1 -DHAVE_STRING_H=1 -DHAVE_MATH_H=1 -DHAVE_LIMITS_H=1 -D_LARGEFILE_SOURCE=1 -D_FILE_OFFSET_BITS=64 -DCFITSIO_HAVE_CURL=1 -DHAVE_LIBZ=1 -DHAVE_FTRUNCATE=1 -DHAVE_LONGLONG=1 -DHAVE_SHMEM_SERVICES=1 -DHAVE_FMEMOPEN=1 -DHAVE_NET_SERVICES=1 -I. -DPACKAGE_NAME=\"cfitsio\" -DPACKAGE_TARNAME=\"cfitsio\" -DPACKAGE_VERSION=\"4.6.2\" "-DPACKAGE_STRING=\"cfitsio 4.6.2\"" -DPACKAGE_BUGREPORT=\"\" -DPACKAGE_URL=\"\" -DPACKAGE=\"cfitsio\" -DVERSION=\"4.6.2\" -DHAVE_STDIO_H=1 -DHAVE_STDLIB_H=1 -DHAVE_STRING_H=1 -DHAVE_INTTYPES_H=1 -DHAVE_STDINT_H=1 -DHAVE_STRINGS_H=1 -DHAVE_SYS_STAT_H=1 -DHAVE_SYS_TYPES_H=1 -DHAVE_UNISTD_H=1 -DSTDC_HEADERS=1 -DHAVE_DLFCN_H=1 -DLT_OBJDIR=\".libs/\" -DHAVE_STDLIB_H=1 -DHAVE_STRING_H=1 -DHAVE_MATH_H=1 -DHAVE_LIMITS_H=1 -D_LARGEFILE_SOURCE=1 -D_FILE_OFFSET_BITS=64 -DCFITSIO_HAVE_CURL=1 -DHAVE_LIBZ=1 -DHAVE_FTRUNCATE=1 -DHAVE_LONGLONG=1 -DHAVE_SHMEM_SERVICES=1 -DHAVE_FMEMOPEN=1 -DHAVE_NET_SERVICES=1 -g -O2 -Dg77Fortran -MT libcfitsio_la-drvrsmem.lo -MD -MP -MF .deps/libcfitsio_la-drvrsmem.Tpo -c drvrsmem.c -o libcfitsio_la-drvrsmem.o >/dev/null 2>&1
libtool: compile:  /share/home/apps/gcc/11.3.0/bin/gcc -m64 -DPACKAGE_NAME=\"cfitsio\" -DPACKAGE_TARNAME=\"cfitsio\" -DPACKAGE_VERSION=\"4.6.2\" "-DPACKAGE_STRING=\"cfitsio 4.6.2\"" -DPACKAGE_BUGREPORT=\"\" -DPACKAGE_URL=\"\" -DPACKAGE=\"cfitsio\" -DVERSION=\"4.6.2\" -DHAVE_STDIO_H=1 -DHAVE_STDLIB_H=1 -DHAVE_STRING_H=1 -DHAVE_INTTYPES_H=1 -DHAVE_STDINT_H=1 -DHAVE_STRINGS_H=1 -DHAVE_SYS_STAT_H=1 -DHAVE_SYS_TYPES_H=1 -DHAVE_UNISTD_H=1 -DSTDC_HEADERS=1 -DHAVE_DLFCN_H=1 -DLT_OBJDIR=\".libs/\" -DHAVE_STDLIB_H=1 -DHAVE_STRING_H=1 -DHAVE_MATH_H=1 -DHAVE_LIMITS_H=1 -D_LARGEFILE_SOURCE=1 -D_FILE_OFFSET_BITS=64 -DCFITSIO_HAVE_CURL=1 -DHAVE_LIBZ=1 -DHAVE_FTRUNCATE=1 -DHAVE_LONGLONG=1 -DHAVE_SHMEM_SERVICES=1 -DHAVE_FMEMOPEN=1 -DHAVE_NET_SERVICES=1 -I. -DPACKAGE_NAME=\"cfitsio\" -DPACKAGE_TARNAME=\"cfitsio\" -DPACKAGE_VERSION=\"4.6.2\" "-DPACKAGE_STRING=\"cfitsio 4.6.2\"" -DPACKAGE_BUGREPORT=\"\" -DPACKAGE_URL=\"\" -DPACKAGE=\"cfitsio\" -DVERSION=\"4.6.2\" -DHAVE_STDIO_H=1 -DHAVE_STDLIB_H=1 -DHAVE_STRING_H=1 -DHAVE_INTTYPES_H=1 -DHAVE_STDINT_H=1 -DHAVE_STRINGS_H=1 -DHAVE_SYS_STAT_H=1 -DHAVE_SYS_TYPES_H=1 -DHAVE_UNISTD_H=1 -DSTDC_HEADERS=1 -DHAVE_DLFCN_H=1 -DLT_OBJDIR=\".libs/\" -DHAVE_STDLIB_H=1 -DHAVE_STRING_H=1 -DHAVE_MATH_H=1 -DHAVE_LIMITS_H=1 -D_LARGEFILE_SOURCE=1 -D_FILE_OFFSET_BITS=64 -DCFITSIO_HAVE_CURL=1 -DHAVE_LIBZ=1 -DHAVE_FTRUNCATE=1 -DHAVE_LONGLONG=1 -DHAVE_SHMEM_SERVICES=1 -DHAVE_FMEMOPEN=1 -DHAVE_NET_SERVICES=1 -g -O2 -Dg77Fortran -MT libcfitsio_la-putcoluj.lo -MD -MP -MF .deps/libcfitsio_la-putcoluj.Tpo -c putcoluj.c -o libcfitsio_la-putcoluj.o >/dev/null 2>&1
libtool: compile:  /share/home/apps/gcc/11.3.0/bin/gcc -m64 -DPACKAGE_NAME=\"cfitsio\" -DPACKAGE_TARNAME=\"cfitsio\" -DPACKAGE_VERSION=\"4.6.2\" "-DPACKAGE_STRING=\"cfitsio 4.6.2\"" -DPACKAGE_BUGREPORT=\"\" -DPACKAGE_URL=\"\" -DPACKAGE=\"cfitsio\" -DVERSION=\"4.6.2\" -DHAVE_STDIO_H=1 -DHAVE_STDLIB_H=1 -DHAVE_STRING_H=1 -DHAVE_INTTYPES_H=1 -DHAVE_STDINT_H=1 -DHAVE_STRINGS_H=1 -DHAVE_SYS_STAT_H=1 -DHAVE_SYS_TYPES_H=1 -DHAVE_UNISTD_H=1 -DSTDC_HEADERS=1 -DHAVE_DLFCN_H=1 -DLT_OBJDIR=\".libs/\" -DHAVE_STDLIB_H=1 -DHAVE_STRING_H=1 -DHAVE_MATH_H=1 -DHAVE_LIMITS_H=1 -D_LARGEFILE_SOURCE=1 -D_FILE_OFFSET_BITS=64 -DCFITSIO_HAVE_CURL=1 -DHAVE_LIBZ=1 -DHAVE_FTRUNCATE=1 -DHAVE_LONGLONG=1 -DHAVE_SHMEM_SERVICES=1 -DHAVE_FMEMOPEN=1 -DHAVE_NET_SERVICES=1 -I. -DPACKAGE_NAME=\"cfitsio\" -DPACKAGE_TARNAME=\"cfitsio\" -DPACKAGE_VERSION=\"4.6.2\" "-DPACKAGE_STRING=\"cfitsio 4.6.2\"" -DPACKAGE_BUGREPORT=\"\" -DPACKAGE_URL=\"\" -DPACKAGE=\"cfitsio\" -DVERSION=\"4.6.2\" -DHAVE_STDIO_H=1 -DHAVE_STDLIB_H=1 -DHAVE_STRING_H=1 -DHAVE_INTTYPES_H=1 -DHAVE_STDINT_H=1 -DHAVE_STRINGS_H=1 -DHAVE_SYS_STAT_H=1 -DHAVE_SYS_TYPES_H=1 -DHAVE_UNISTD_H=1 -DSTDC_HEADERS=1 -DHAVE_DLFCN_H=1 -DLT_OBJDIR=\".libs/\" -DHAVE_STDLIB_H=1 -DHAVE_STRING_H=1 -DHAVE_MATH_H=1 -DHAVE_LIMITS_H=1 -D_LARGEFILE_SOURCE=1 -D_FILE_OFFSET_BITS=64 -DCFITSIO_HAVE_CURL=1 -DHAVE_LIBZ=1 -DHAVE_FTRUNCATE=1 -DHAVE_LONGLONG=1 -DHAVE_SHMEM_SERVICES=1 -DHAVE_FMEMOPEN=1 -DHAVE_NET_SERVICES=1 -g -O2 -Dg77Fortran -MT libcfitsio_la-putcol.lo -MD -MP -MF .deps/libcfitsio_la-putcol.Tpo -c putcol.c -o libcfitsio_la-putcol.o >/dev/null 2>&1
libtool: compile:  /share/home/apps/gcc/11.3.0/bin/gcc -m64 -DPACKAGE_NAME=\"cfitsio\" -DPACKAGE_TARNAME=\"cfitsio\" -DPACKAGE_VERSION=\"4.6.2\" "-DPACKAGE_STRING=\"cfitsio 4.6.2\"" -DPACKAGE_BUGREPORT=\"\" -DPACKAGE_URL=\"\" -DPACKAGE=\"cfitsio\" -DVERSION=\"4.6.2\" -DHAVE_STDIO_H=1 -DHAVE_STDLIB_H=1 -DHAVE_STRING_H=1 -DHAVE_INTTYPES_H=1 -DHAVE_STDINT_H=1 -DHAVE_STRINGS_H=1 -DHAVE_SYS_STAT_H=1 -DHAVE_SYS_TYPES_H=1 -DHAVE_UNISTD_H=1 -DSTDC_HEADERS=1 -DHAVE_DLFCN_H=1 -DLT_OBJDIR=\".libs/\" -DHAVE_STDLIB_H=1 -DHAVE_STRING_H=1 -DHAVE_MATH_H=1 -DHAVE_LIMITS_H=1 -D_LARGEFILE_SOURCE=1 -D_FILE_OFFSET_BITS=64 -DCFITSIO_HAVE_CURL=1 -DHAVE_LIBZ=1 -DHAVE_FTRUNCATE=1 -DHAVE_LONGLONG=1 -DHAVE_SHMEM_SERVICES=1 -DHAVE_FMEMOPEN=1 -DHAVE_NET_SERVICES=1 -I. -DPACKAGE_NAME=\"cfitsio\" -DPACKAGE_TARNAME=\"cfitsio\" -DPACKAGE_VERSION=\"4.6.2\" "-DPACKAGE_STRING=\"cfitsio 4.6.2\"" -DPACKAGE_BUGREPORT=\"\" -DPACKAGE_URL=\"\" -DPACKAGE=\"cfitsio\" -DVERSION=\"4.6.2\" -DHAVE_STDIO_H=1 -DHAVE_STDLIB_H=1 -DHAVE_STRING_H=1 -DHAVE_INTTYPES_H=1 -DHAVE_STDINT_H=1 -DHAVE_STRINGS_H=1 -DHAVE_SYS_STAT_H=1 -DHAVE_SYS_TYPES_H=1 -DHAVE_UNISTD_H=1 -DSTDC_HEADERS=1 -DHAVE_DLFCN_H=1 -DLT_OBJDIR=\".libs/\" -DHAVE_STDLIB_H=1 -DHAVE_STRING_H=1 -DHAVE_MATH_H=1 -DHAVE_LIMITS_H=1 -D_LARGEFILE_SOURCE=1 -D_FILE_OFFSET_BITS=64 -DCFITSIO_HAVE_CURL=1 -DHAVE_LIBZ=1 -DHAVE_FTRUNCATE=1 -DHAVE_LONGLONG=1 -DHAVE_SHMEM_SERVICES=1 -DHAVE_FMEMOPEN=1 -DHAVE_NET_SERVICES=1 -g -O2 -Dg77Fortran -MT libcfitsio_la-eval_l.lo -MD -MP -MF .deps/libcfitsio_la-eval_l.Tpo -c eval_l.c -o libcfitsio_la-eval_l.o >/dev/null 2>&1
libtool: compile:  /share/home/apps/gcc/11.3.0/bin/gcc -m64 -DPACKAGE_NAME=\"cfitsio\" -DPACKAGE_TARNAME=\"cfitsio\" -DPACKAGE_VERSION=\"4.6.2\" "-DPACKAGE_STRING=\"cfitsio 4.6.2\"" -DPACKAGE_BUGREPORT=\"\" -DPACKAGE_URL=\"\" -DPACKAGE=\"cfitsio\" -DVERSION=\"4.6.2\" -DHAVE_STDIO_H=1 -DHAVE_STDLIB_H=1 -DHAVE_STRING_H=1 -DHAVE_INTTYPES_H=1 -DHAVE_STDINT_H=1 -DHAVE_STRINGS_H=1 -DHAVE_SYS_STAT_H=1 -DHAVE_SYS_TYPES_H=1 -DHAVE_UNISTD_H=1 -DSTDC_HEADERS=1 -DHAVE_DLFCN_H=1 -DLT_OBJDIR=\".libs/\" -DHAVE_STDLIB_H=1 -DHAVE_STRING_H=1 -DHAVE_MATH_H=1 -DHAVE_LIMITS_H=1 -D_LARGEFILE_SOURCE=1 -D_FILE_OFFSET_BITS=64 -DCFITSIO_HAVE_CURL=1 -DHAVE_LIBZ=1 -DHAVE_FTRUNCATE=1 -DHAVE_LONGLONG=1 -DHAVE_SHMEM_SERVICES=1 -DHAVE_FMEMOPEN=1 -DHAVE_NET_SERVICES=1 -I. -DPACKAGE_NAME=\"cfitsio\" -DPACKAGE_TARNAME=\"cfitsio\" -DPACKAGE_VERSION=\"4.6.2\" "-DPACKAGE_STRING=\"cfitsio 4.6.2\"" -DPACKAGE_BUGREPORT=\"\" -DPACKAGE_URL=\"\" -DPACKAGE=\"cfitsio\" -DVERSION=\"4.6.2\" -DHAVE_STDIO_H=1 -DHAVE_STDLIB_H=1 -DHAVE_STRING_H=1 -DHAVE_INTTYPES_H=1 -DHAVE_STDINT_H=1 -DHAVE_STRINGS_H=1 -DHAVE_SYS_STAT_H=1 -DHAVE_SYS_TYPES_H=1 -DHAVE_UNISTD_H=1 -DSTDC_HEADERS=1 -DHAVE_DLFCN_H=1 -DLT_OBJDIR=\".libs/\" -DHAVE_STDLIB_H=1 -DHAVE_STRING_H=1 -DHAVE_MATH_H=1 -DHAVE_LIMITS_H=1 -D_LARGEFILE_SOURCE=1 -D_FILE_OFFSET_BITS=64 -DCFITSIO_HAVE_CURL=1 -DHAVE_LIBZ=1 -DHAVE_FTRUNCATE=1 -DHAVE_LONGLONG=1 -DHAVE_SHMEM_SERVICES=1 -DHAVE_FMEMOPEN=1 -DHAVE_NET_SERVICES=1 -g -O2 -Dg77Fortran -MT libcfitsio_la-getcolk.lo -MD -MP -MF .deps/libcfitsio_la-getcolk.Tpo -c getcolk.c -o libcfitsio_la-getcolk.o >/dev/null 2>&1
mv -f .deps/libcfitsio_la-scalnull.Tpo .deps/libcfitsio_la-scalnull.Plo
libtool: compile:  /share/home/apps/gcc/11.3.0/bin/gcc -m64 -DPACKAGE_NAME=\"cfitsio\" -DPACKAGE_TARNAME=\"cfitsio\" -DPACKAGE_VERSION=\"4.6.2\" "-DPACKAGE_STRING=\"cfitsio 4.6.2\"" -DPACKAGE_BUGREPORT=\"\" -DPACKAGE_URL=\"\" -DPACKAGE=\"cfitsio\" -DVERSION=\"4.6.2\" -DHAVE_STDIO_H=1 -DHAVE_STDLIB_H=1 -DHAVE_STRING_H=1 -DHAVE_INTTYPES_H=1 -DHAVE_STDINT_H=1 -DHAVE_STRINGS_H=1 -DHAVE_SYS_STAT_H=1 -DHAVE_SYS_TYPES_H=1 -DHAVE_UNISTD_H=1 -DSTDC_HEADERS=1 -DHAVE_DLFCN_H=1 -DLT_OBJDIR=\".libs/\" -DHAVE_STDLIB_H=1 -DHAVE_STRING_H=1 -DHAVE_MATH_H=1 -DHAVE_LIMITS_H=1 -D_LARGEFILE_SOURCE=1 -D_FILE_OFFSET_BITS=64 -DCFITSIO_HAVE_CURL=1 -DHAVE_LIBZ=1 -DHAVE_FTRUNCATE=1 -DHAVE_LONGLONG=1 -DHAVE_SHMEM_SERVICES=1 -DHAVE_FMEMOPEN=1 -DHAVE_NET_SERVICES=1 -I. -DPACKAGE_NAME=\"cfitsio\" -DPACKAGE_TARNAME=\"cfitsio\" -DPACKAGE_VERSION=\"4.6.2\" "-DPACKAGE_STRING=\"cfitsio 4.6.2\"" -DPACKAGE_BUGREPORT=\"\" -DPACKAGE_URL=\"\" -DPACKAGE=\"cfitsio\" -DVERSION=\"4.6.2\" -DHAVE_STDIO_H=1 -DHAVE_STDLIB_H=1 -DHAVE_STRING_H=1 -DHAVE_INTTYPES_H=1 -DHAVE_STDINT_H=1 -DHAVE_STRINGS_H=1 -DHAVE_SYS_STAT_H=1 -DHAVE_SYS_TYPES_H=1 -DHAVE_UNISTD_H=1 -DSTDC_HEADERS=1 -DHAVE_DLFCN_H=1 -DLT_OBJDIR=\".libs/\" -DHAVE_STDLIB_H=1 -DHAVE_STRING_H=1 -DHAVE_MATH_H=1 -DHAVE_LIMITS_H=1 -D_LARGEFILE_SOURCE=1 -D_FILE_OFFSET_BITS=64 -DCFITSIO_HAVE_CURL=1 -DHAVE_LIBZ=1 -DHAVE_FTRUNCATE=1 -DHAVE_LONGLONG=1 -DHAVE_SHMEM_SERVICES=1 -DHAVE_FMEMOPEN=1 -DHAVE_NET_SERVICES=1 -g -O2 -Dg77Fortran -MT libcfitsio_la-getcold.lo -MD -MP -MF .deps/libcfitsio_la-getcold.Tpo -c getcold.c -o libcfitsio_la-getcold.o >/dev/null 2>&1
libtool: compile:  /share/home/apps/gcc/11.3.0/bin/gcc -m64 -DPACKAGE_NAME=\"cfitsio\" -DPACKAGE_TARNAME=\"cfitsio\" -DPACKAGE_VERSION=\"4.6.2\" "-DPACKAGE_STRING=\"cfitsio 4.6.2\"" -DPACKAGE_BUGREPORT=\"\" -DPACKAGE_URL=\"\" -DPACKAGE=\"cfitsio\" -DVERSION=\"4.6.2\" -DHAVE_STDIO_H=1 -DHAVE_STDLIB_H=1 -DHAVE_STRING_H=1 -DHAVE_INTTYPES_H=1 -DHAVE_STDINT_H=1 -DHAVE_STRINGS_H=1 -DHAVE_SYS_STAT_H=1 -DHAVE_SYS_TYPES_H=1 -DHAVE_UNISTD_H=1 -DSTDC_HEADERS=1 -DHAVE_DLFCN_H=1 -DLT_OBJDIR=\".libs/\" -DHAVE_STDLIB_H=1 -DHAVE_STRING_H=1 -DHAVE_MATH_H=1 -DHAVE_LIMITS_H=1 -D_LARGEFILE_SOURCE=1 -D_FILE_OFFSET_BITS=64 -DCFITSIO_HAVE_CURL=1 -DHAVE_LIBZ=1 -DHAVE_FTRUNCATE=1 -DHAVE_LONGLONG=1 -DHAVE_SHMEM_SERVICES=1 -DHAVE_FMEMOPEN=1 -DHAVE_NET_SERVICES=1 -I. -DPACKAGE_NAME=\"cfitsio\" -DPACKAGE_TARNAME=\"cfitsio\" -DPACKAGE_VERSION=\"4.6.2\" "-DPACKAGE_STRING=\"cfitsio 4.6.2\"" -DPACKAGE_BUGREPORT=\"\" -DPACKAGE_URL=\"\" -DPACKAGE=\"cfitsio\" -DVERSION=\"4.6.2\" -DHAVE_STDIO_H=1 -DHAVE_STDLIB_H=1 -DHAVE_STRING_H=1 -DHAVE_INTTYPES_H=1 -DHAVE_STDINT_H=1 -DHAVE_STRINGS_H=1 -DHAVE_SYS_STAT_H=1 -DHAVE_SYS_TYPES_H=1 -DHAVE_UNISTD_H=1 -DSTDC_HEADERS=1 -DHAVE_DLFCN_H=1 -DLT_OBJDIR=\".libs/\" -DHAVE_STDLIB_H=1 -DHAVE_STRING_H=1 -DHAVE_MATH_H=1 -DHAVE_LIMITS_H=1 -D_LARGEFILE_SOURCE=1 -D_FILE_OFFSET_BITS=64 -DCFITSIO_HAVE_CURL=1 -DHAVE_LIBZ=1 -DHAVE_FTRUNCATE=1 -DHAVE_LONGLONG=1 -DHAVE_SHMEM_SERVICES=1 -DHAVE_FMEMOPEN=1 -DHAVE_NET_SERVICES=1 -g -O2 -Dg77Fortran -MT libcfitsio_la-getcolui.lo -MD -MP -MF .deps/libcfitsio_la-getcolui.Tpo -c getcolui.c -o libcfitsio_la-getcolui.o >/dev/null 2>&1
mv -f .deps/libcfitsio_la-pliocomp.Tpo .deps/libcfitsio_la-pliocomp.Plo
libtool: compile:  /share/home/apps/gcc/11.3.0/bin/gcc -m64 -DPACKAGE_NAME=\"cfitsio\" -DPACKAGE_TARNAME=\"cfitsio\" -DPACKAGE_VERSION=\"4.6.2\" "-DPACKAGE_STRING=\"cfitsio 4.6.2\"" -DPACKAGE_BUGREPORT=\"\" -DPACKAGE_URL=\"\" -DPACKAGE=\"cfitsio\" -DVERSION=\"4.6.2\" -DHAVE_STDIO_H=1 -DHAVE_STDLIB_H=1 -DHAVE_STRING_H=1 -DHAVE_INTTYPES_H=1 -DHAVE_STDINT_H=1 -DHAVE_STRINGS_H=1 -DHAVE_SYS_STAT_H=1 -DHAVE_SYS_TYPES_H=1 -DHAVE_UNISTD_H=1 -DSTDC_HEADERS=1 -DHAVE_DLFCN_H=1 -DLT_OBJDIR=\".libs/\" -DHAVE_STDLIB_H=1 -DHAVE_STRING_H=1 -DHAVE_MATH_H=1 -DHAVE_LIMITS_H=1 -D_LARGEFILE_SOURCE=1 -D_FILE_OFFSET_BITS=64 -DCFITSIO_HAVE_CURL=1 -DHAVE_LIBZ=1 -DHAVE_FTRUNCATE=1 -DHAVE_LONGLONG=1 -DHAVE_SHMEM_SERVICES=1 -DHAVE_FMEMOPEN=1 -DHAVE_NET_SERVICES=1 -I. -DPACKAGE_NAME=\"cfitsio\" -DPACKAGE_TARNAME=\"cfitsio\" -DPACKAGE_VERSION=\"4.6.2\" "-DPACKAGE_STRING=\"cfitsio 4.6.2\"" -DPACKAGE_BUGREPORT=\"\" -DPACKAGE_URL=\"\" -DPACKAGE=\"cfitsio\" -DVERSION=\"4.6.2\" -DHAVE_STDIO_H=1 -DHAVE_STDLIB_H=1 -DHAVE_STRING_H=1 -DHAVE_INTTYPES_H=1 -DHAVE_STDINT_H=1 -DHAVE_STRINGS_H=1 -DHAVE_SYS_STAT_H=1 -DHAVE_SYS_TYPES_H=1 -DHAVE_UNISTD_H=1 -DSTDC_HEADERS=1 -DHAVE_DLFCN_H=1 -DLT_OBJDIR=\".libs/\" -DHAVE_STDLIB_H=1 -DHAVE_STRING_H=1 -DHAVE_MATH_H=1 -DHAVE_LIMITS_H=1 -D_LARGEFILE_SOURCE=1 -D_FILE_OFFSET_BITS=64 -DCFITSIO_HAVE_CURL=1 -DHAVE_LIBZ=1 -DHAVE_FTRUNCATE=1 -DHAVE_LONGLONG=1 -DHAVE_SHMEM_SERVICES=1 -DHAVE_FMEMOPEN=1 -DHAVE_NET_SERVICES=1 -g -O2 -Dg77Fortran -MT libcfitsio_la-modkey.lo -MD -MP -MF .deps/libcfitsio_la-modkey.Tpo -c modkey.c -o libcfitsio_la-modkey.o >/dev/null 2>&1
libtool: compile:  /share/home/apps/gcc/11.3.0/bin/gcc -m64 -DPACKAGE_NAME=\"cfitsio\" -DPACKAGE_TARNAME=\"cfitsio\" -DPACKAGE_VERSION=\"4.6.2\" "-DPACKAGE_STRING=\"cfitsio 4.6.2\"" -DPACKAGE_BUGREPORT=\"\" -DPACKAGE_URL=\"\" -DPACKAGE=\"cfitsio\" -DVERSION=\"4.6.2\" -DHAVE_STDIO_H=1 -DHAVE_STDLIB_H=1 -DHAVE_STRING_H=1 -DHAVE_INTTYPES_H=1 -DHAVE_STDINT_H=1 -DHAVE_STRINGS_H=1 -DHAVE_SYS_STAT_H=1 -DHAVE_SYS_TYPES_H=1 -DHAVE_UNISTD_H=1 -DSTDC_HEADERS=1 -DHAVE_DLFCN_H=1 -DLT_OBJDIR=\".libs/\" -DHAVE_STDLIB_H=1 -DHAVE_STRING_H=1 -DHAVE_MATH_H=1 -DHAVE_LIMITS_H=1 -D_LARGEFILE_SOURCE=1 -D_FILE_OFFSET_BITS=64 -DCFITSIO_HAVE_CURL=1 -DHAVE_LIBZ=1 -DHAVE_FTRUNCATE=1 -DHAVE_LONGLONG=1 -DHAVE_SHMEM_SERVICES=1 -DHAVE_FMEMOPEN=1 -DHAVE_NET_SERVICES=1 -I. -DPACKAGE_NAME=\"cfitsio\" -DPACKAGE_TARNAME=\"cfitsio\" -DPACKAGE_VERSION=\"4.6.2\" "-DPACKAGE_STRING=\"cfitsio 4.6.2\"" -DPACKAGE_BUGREPORT=\"\" -DPACKAGE_URL=\"\" -DPACKAGE=\"cfitsio\" -DVERSION=\"4.6.2\" -DHAVE_STDIO_H=1 -DHAVE_STDLIB_H=1 -DHAVE_STRING_H=1 -DHAVE_INTTYPES_H=1 -DHAVE_STDINT_H=1 -DHAVE_STRINGS_H=1 -DHAVE_SYS_STAT_H=1 -DHAVE_SYS_TYPES_H=1 -DHAVE_UNISTD_H=1 -DSTDC_HEADERS=1 -DHAVE_DLFCN_H=1 -DLT_OBJDIR=\".libs/\" -DHAVE_STDLIB_H=1 -DHAVE_STRING_H=1 -DHAVE_MATH_H=1 -DHAVE_LIMITS_H=1 -D_LARGEFILE_SOURCE=1 -D_FILE_OFFSET_BITS=64 -DCFITSIO_HAVE_CURL=1 -DHAVE_LIBZ=1 -DHAVE_FTRUNCATE=1 -DHAVE_LONGLONG=1 -DHAVE_SHMEM_SERVICES=1 -DHAVE_FMEMOPEN=1 -DHAVE_NET_SERVICES=1 -g -O2 -Dg77Fortran -MT libcfitsio_la-putcolj.lo -MD -MP -MF .deps/libcfitsio_la-putcolj.Tpo -c putcolj.c -o libcfitsio_la-putcolj.o >/dev/null 2>&1
libtool: compile:  /share/home/apps/gcc/11.3.0/bin/gcc -m64 -DPACKAGE_NAME=\"cfitsio\" -DPACKAGE_TARNAME=\"cfitsio\" -DPACKAGE_VERSION=\"4.6.2\" "-DPACKAGE_STRING=\"cfitsio 4.6.2\"" -DPACKAGE_BUGREPORT=\"\" -DPACKAGE_URL=\"\" -DPACKAGE=\"cfitsio\" -DVERSION=\"4.6.2\" -DHAVE_STDIO_H=1 -DHAVE_STDLIB_H=1 -DHAVE_STRING_H=1 -DHAVE_INTTYPES_H=1 -DHAVE_STDINT_H=1 -DHAVE_STRINGS_H=1 -DHAVE_SYS_STAT_H=1 -DHAVE_SYS_TYPES_H=1 -DHAVE_UNISTD_H=1 -DSTDC_HEADERS=1 -DHAVE_DLFCN_H=1 -DLT_OBJDIR=\".libs/\" -DHAVE_STDLIB_H=1 -DHAVE_STRING_H=1 -DHAVE_MATH_H=1 -DHAVE_LIMITS_H=1 -D_LARGEFILE_SOURCE=1 -D_FILE_OFFSET_BITS=64 -DCFITSIO_HAVE_CURL=1 -DHAVE_LIBZ=1 -DHAVE_FTRUNCATE=1 -DHAVE_LONGLONG=1 -DHAVE_SHMEM_SERVICES=1 -DHAVE_FMEMOPEN=1 -DHAVE_NET_SERVICES=1 -I. -DPACKAGE_NAME=\"cfitsio\" -DPACKAGE_TARNAME=\"cfitsio\" -DPACKAGE_VERSION=\"4.6.2\" "-DPACKAGE_STRING=\"cfitsio 4.6.2\"" -DPACKAGE_BUGREPORT=\"\" -DPACKAGE_URL=\"\" -DPACKAGE=\"cfitsio\" -DVERSION=\"4.6.2\" -DHAVE_STDIO_H=1 -DHAVE_STDLIB_H=1 -DHAVE_STRING_H=1 -DHAVE_INTTYPES_H=1 -DHAVE_STDINT_H=1 -DHAVE_STRINGS_H=1 -DHAVE_SYS_STAT_H=1 -DHAVE_SYS_TYPES_H=1 -DHAVE_UNISTD_H=1 -DSTDC_HEADERS=1 -DHAVE_DLFCN_H=1 -DLT_OBJDIR=\".libs/\" -DHAVE_STDLIB_H=1 -DHAVE_STRING_H=1 -DHAVE_MATH_H=1 -DHAVE_LIMITS_H=1 -D_LARGEFILE_SOURCE=1 -D_FILE_OFFSET_BITS=64 -DCFITSIO_HAVE_CURL=1 -DHAVE_LIBZ=1 -DHAVE_FTRUNCATE=1 -DHAVE_LONGLONG=1 -DHAVE_SHMEM_SERVICES=1 -DHAVE_FMEMOPEN=1 -DHAVE_NET_SERVICES=1 -g -O2 -Dg77Fortran -MT libcfitsio_la-getcolsb.lo -MD -MP -MF .deps/libcfitsio_la-getcolsb.Tpo -c getcolsb.c -o libcfitsio_la-getcolsb.o >/dev/null 2>&1
mv -f .deps/libcfitsio_la-swapproc.Tpo .deps/libcfitsio_la-swapproc.Plo
mv -f .deps/libcfitsio_la-putcoll.Tpo .deps/libcfitsio_la-putcoll.Plo
libtool: compile:  /share/home/apps/gcc/11.3.0/bin/gcc -m64 -DPACKAGE_NAME=\"cfitsio\" -DPACKAGE_TARNAME=\"cfitsio\" -DPACKAGE_VERSION=\"4.6.2\" "-DPACKAGE_STRING=\"cfitsio 4.6.2\"" -DPACKAGE_BUGREPORT=\"\" -DPACKAGE_URL=\"\" -DPACKAGE=\"cfitsio\" -DVERSION=\"4.6.2\" -DHAVE_STDIO_H=1 -DHAVE_STDLIB_H=1 -DHAVE_STRING_H=1 -DHAVE_INTTYPES_H=1 -DHAVE_STDINT_H=1 -DHAVE_STRINGS_H=1 -DHAVE_SYS_STAT_H=1 -DHAVE_SYS_TYPES_H=1 -DHAVE_UNISTD_H=1 -DSTDC_HEADERS=1 -DHAVE_DLFCN_H=1 -DLT_OBJDIR=\".libs/\" -DHAVE_STDLIB_H=1 -DHAVE_STRING_H=1 -DHAVE_MATH_H=1 -DHAVE_LIMITS_H=1 -D_LARGEFILE_SOURCE=1 -D_FILE_OFFSET_BITS=64 -DCFITSIO_HAVE_CURL=1 -DHAVE_LIBZ=1 -DHAVE_FTRUNCATE=1 -DHAVE_LONGLONG=1 -DHAVE_SHMEM_SERVICES=1 -DHAVE_FMEMOPEN=1 -DHAVE_NET_SERVICES=1 -I. -DPACKAGE_NAME=\"cfitsio\" -DPACKAGE_TARNAME=\"cfitsio\" -DPACKAGE_VERSION=\"4.6.2\" "-DPACKAGE_STRING=\"cfitsio 4.6.2\"" -DPACKAGE_BUGREPORT=\"\" -DPACKAGE_URL=\"\" -DPACKAGE=\"cfitsio\" -DVERSION=\"4.6.2\" -DHAVE_STDIO_H=1 -DHAVE_STDLIB_H=1 -DHAVE_STRING_H=1 -DHAVE_INTTYPES_H=1 -DHAVE_STDINT_H=1 -DHAVE_STRINGS_H=1 -DHAVE_SYS_STAT_H=1 -DHAVE_SYS_TYPES_H=1 -DHAVE_UNISTD_H=1 -DSTDC_HEADERS=1 -DHAVE_DLFCN_H=1 -DLT_OBJDIR=\".libs/\" -DHAVE_STDLIB_H=1 -DHAVE_STRING_H=1 -DHAVE_MATH_H=1 -DHAVE_LIMITS_H=1 -D_LARGEFILE_SOURCE=1 -D_FILE_OFFSET_BITS=64 -DCFITSIO_HAVE_CURL=1 -DHAVE_LIBZ=1 -DHAVE_FTRUNCATE=1 -DHAVE_LONGLONG=1 -DHAVE_SHMEM_SERVICES=1 -DHAVE_FMEMOPEN=1 -DHAVE_NET_SERVICES=1 -g -O2 -Dg77Fortran -MT libcfitsio_la-getcoluk.lo -MD -MP -MF .deps/libcfitsio_la-getcoluk.Tpo -c getcoluk.c -o libcfitsio_la-getcoluk.o >/dev/null 2>&1
mv -f .deps/libcfitsio_la-zcompress.Tpo .deps/libcfitsio_la-zcompress.Plo
libtool: compile:  /share/home/apps/gcc/11.3.0/bin/gcc -m64 -DPACKAGE_NAME=\"cfitsio\" -DPACKAGE_TARNAME=\"cfitsio\" -DPACKAGE_VERSION=\"4.6.2\" "-DPACKAGE_STRING=\"cfitsio 4.6.2\"" -DPACKAGE_BUGREPORT=\"\" -DPACKAGE_URL=\"\" -DPACKAGE=\"cfitsio\" -DVERSION=\"4.6.2\" -DHAVE_STDIO_H=1 -DHAVE_STDLIB_H=1 -DHAVE_STRING_H=1 -DHAVE_INTTYPES_H=1 -DHAVE_STDINT_H=1 -DHAVE_STRINGS_H=1 -DHAVE_SYS_STAT_H=1 -DHAVE_SYS_TYPES_H=1 -DHAVE_UNISTD_H=1 -DSTDC_HEADERS=1 -DHAVE_DLFCN_H=1 -DLT_OBJDIR=\".libs/\" -DHAVE_STDLIB_H=1 -DHAVE_STRING_H=1 -DHAVE_MATH_H=1 -DHAVE_LIMITS_H=1 -D_LARGEFILE_SOURCE=1 -D_FILE_OFFSET_BITS=64 -DCFITSIO_HAVE_CURL=1 -DHAVE_LIBZ=1 -DHAVE_FTRUNCATE=1 -DHAVE_LONGLONG=1 -DHAVE_SHMEM_SERVICES=1 -DHAVE_FMEMOPEN=1 -DHAVE_NET_SERVICES=1 -I. -DPACKAGE_NAME=\"cfitsio\" -DPACKAGE_TARNAME=\"cfitsio\" -DPACKAGE_VERSION=\"4.6.2\" "-DPACKAGE_STRING=\"cfitsio 4.6.2\"" -DPACKAGE_BUGREPORT=\"\" -DPACKAGE_URL=\"\" -DPACKAGE=\"cfitsio\" -DVERSION=\"4.6.2\" -DHAVE_STDIO_H=1 -DHAVE_STDLIB_H=1 -DHAVE_STRING_H=1 -DHAVE_INTTYPES_H=1 -DHAVE_STDINT_H=1 -DHAVE_STRINGS_H=1 -DHAVE_SYS_STAT_H=1 -DHAVE_SYS_TYPES_H=1 -DHAVE_UNISTD_H=1 -DSTDC_HEADERS=1 -DHAVE_DLFCN_H=1 -DLT_OBJDIR=\".libs/\" -DHAVE_STDLIB_H=1 -DHAVE_STRING_H=1 -DHAVE_MATH_H=1 -DHAVE_LIMITS_H=1 -D_LARGEFILE_SOURCE=1 -D_FILE_OFFSET_BITS=64 -DCFITSIO_HAVE_CURL=1 -DHAVE_LIBZ=1 -DHAVE_FTRUNCATE=1 -DHAVE_LONGLONG=1 -DHAVE_SHMEM_SERVICES=1 -DHAVE_FMEMOPEN=1 -DHAVE_NET_SERVICES=1 -g -O2 -Dg77Fortran -MT libcfitsio_la-getcolb.lo -MD -MP -MF .deps/libcfitsio_la-getcolb.Tpo -c getcolb.c -o libcfitsio_la-getcolb.o >/dev/null 2>&1
libtool: compile:  /share/home/apps/gcc/11.3.0/bin/gcc -m64 -DPACKAGE_NAME=\"cfitsio\" -DPACKAGE_TARNAME=\"cfitsio\" -DPACKAGE_VERSION=\"4.6.2\" "-DPACKAGE_STRING=\"cfitsio 4.6.2\"" -DPACKAGE_BUGREPORT=\"\" -DPACKAGE_URL=\"\" -DPACKAGE=\"cfitsio\" -DVERSION=\"4.6.2\" -DHAVE_STDIO_H=1 -DHAVE_STDLIB_H=1 -DHAVE_STRING_H=1 -DHAVE_INTTYPES_H=1 -DHAVE_STDINT_H=1 -DHAVE_STRINGS_H=1 -DHAVE_SYS_STAT_H=1 -DHAVE_SYS_TYPES_H=1 -DHAVE_UNISTD_H=1 -DSTDC_HEADERS=1 -DHAVE_DLFCN_H=1 -DLT_OBJDIR=\".libs/\" -DHAVE_STDLIB_H=1 -DHAVE_STRING_H=1 -DHAVE_MATH_H=1 -DHAVE_LIMITS_H=1 -D_LARGEFILE_SOURCE=1 -D_FILE_OFFSET_BITS=64 -DCFITSIO_HAVE_CURL=1 -DHAVE_LIBZ=1 -DHAVE_FTRUNCATE=1 -DHAVE_LONGLONG=1 -DHAVE_SHMEM_SERVICES=1 -DHAVE_FMEMOPEN=1 -DHAVE_NET_SERVICES=1 -I. -DPACKAGE_NAME=\"cfitsio\" -DPACKAGE_TARNAME=\"cfitsio\" -DPACKAGE_VERSION=\"4.6.2\" "-DPACKAGE_STRING=\"cfitsio 4.6.2\"" -DPACKAGE_BUGREPORT=\"\" -DPACKAGE_URL=\"\" -DPACKAGE=\"cfitsio\" -DVERSION=\"4.6.2\" -DHAVE_STDIO_H=1 -DHAVE_STDLIB_H=1 -DHAVE_STRING_H=1 -DHAVE_INTTYPES_H=1 -DHAVE_STDINT_H=1 -DHAVE_STRINGS_H=1 -DHAVE_SYS_STAT_H=1 -DHAVE_SYS_TYPES_H=1 -DHAVE_UNISTD_H=1 -DSTDC_HEADERS=1 -DHAVE_DLFCN_H=1 -DLT_OBJDIR=\".libs/\" -DHAVE_STDLIB_H=1 -DHAVE_STRING_H=1 -DHAVE_MATH_H=1 -DHAVE_LIMITS_H=1 -D_LARGEFILE_SOURCE=1 -D_FILE_OFFSET_BITS=64 -DCFITSIO_HAVE_CURL=1 -DHAVE_LIBZ=1 -DHAVE_FTRUNCATE=1 -DHAVE_LONGLONG=1 -DHAVE_SHMEM_SERVICES=1 -DHAVE_FMEMOPEN=1 -DHAVE_NET_SERVICES=1 -g -O2 -Dg77Fortran -MT libcfitsio_la-getcoli.lo -MD -MP -MF .deps/libcfitsio_la-getcoli.Tpo -c getcoli.c -o libcfitsio_la-getcoli.o >/dev/null 2>&1
libtool: compile:  /share/home/apps/gcc/11.3.0/bin/gcc -m64 -DPACKAGE_NAME=\"cfitsio\" -DPACKAGE_TARNAME=\"cfitsio\" -DPACKAGE_VERSION=\"4.6.2\" "-DPACKAGE_STRING=\"cfitsio 4.6.2\"" -DPACKAGE_BUGREPORT=\"\" -DPACKAGE_URL=\"\" -DPACKAGE=\"cfitsio\" -DVERSION=\"4.6.2\" -DHAVE_STDIO_H=1 -DHAVE_STDLIB_H=1 -DHAVE_STRING_H=1 -DHAVE_INTTYPES_H=1 -DHAVE_STDINT_H=1 -DHAVE_STRINGS_H=1 -DHAVE_SYS_STAT_H=1 -DHAVE_SYS_TYPES_H=1 -DHAVE_UNISTD_H=1 -DSTDC_HEADERS=1 -DHAVE_DLFCN_H=1 -DLT_OBJDIR=\".libs/\" -DHAVE_STDLIB_H=1 -DHAVE_STRING_H=1 -DHAVE_MATH_H=1 -DHAVE_LIMITS_H=1 -D_LARGEFILE_SOURCE=1 -D_FILE_OFFSET_BITS=64 -DCFITSIO_HAVE_CURL=1 -DHAVE_LIBZ=1 -DHAVE_FTRUNCATE=1 -DHAVE_LONGLONG=1 -DHAVE_SHMEM_SERVICES=1 -DHAVE_FMEMOPEN=1 -DHAVE_NET_SERVICES=1 -I. -DPACKAGE_NAME=\"cfitsio\" -DPACKAGE_TARNAME=\"cfitsio\" -DPACKAGE_VERSION=\"4.6.2\" "-DPACKAGE_STRING=\"cfitsio 4.6.2\"" -DPACKAGE_BUGREPORT=\"\" -DPACKAGE_URL=\"\" -DPACKAGE=\"cfitsio\" -DVERSION=\"4.6.2\" -DHAVE_STDIO_H=1 -DHAVE_STDLIB_H=1 -DHAVE_STRING_H=1 -DHAVE_INTTYPES_H=1 -DHAVE_STDINT_H=1 -DHAVE_STRINGS_H=1 -DHAVE_SYS_STAT_H=1 -DHAVE_SYS_TYPES_H=1 -DHAVE_UNISTD_H=1 -DSTDC_HEADERS=1 -DHAVE_DLFCN_H=1 -DLT_OBJDIR=\".libs/\" -DHAVE_STDLIB_H=1 -DHAVE_STRING_H=1 -DHAVE_MATH_H=1 -DHAVE_LIMITS_H=1 -D_LARGEFILE_SOURCE=1 -D_FILE_OFFSET_BITS=64 -DCFITSIO_HAVE_CURL=1 -DHAVE_LIBZ=1 -DHAVE_FTRUNCATE=1 -DHAVE_LONGLONG=1 -DHAVE_SHMEM_SERVICES=1 -DHAVE_FMEMOPEN=1 -DHAVE_NET_SERVICES=1 -g -O2 -Dg77Fortran -MT libcfitsio_la-fits_hcompress.lo -MD -MP -MF .deps/libcfitsio_la-fits_hcompress.Tpo -c fits_hcompress.c -o libcfitsio_la-fits_hcompress.o >/dev/null 2>&1
mv -f .deps/libcfitsio_la-checksum.Tpo .deps/libcfitsio_la-checksum.Plo
mv -f .deps/libcfitsio_la-getcoll.Tpo .deps/libcfitsio_la-getcoll.Plo
mv -f .deps/libcfitsio_la-putcols.Tpo .deps/libcfitsio_la-putcols.Plo
mv -f .deps/libcfitsio_la-putcolu.Tpo .deps/libcfitsio_la-putcolu.Plo
libtool: compile:  /share/home/apps/gcc/11.3.0/bin/gcc -m64 -DPACKAGE_NAME=\"cfitsio\" -DPACKAGE_TARNAME=\"cfitsio\" -DPACKAGE_VERSION=\"4.6.2\" "-DPACKAGE_STRING=\"cfitsio 4.6.2\"" -DPACKAGE_BUGREPORT=\"\" -DPACKAGE_URL=\"\" -DPACKAGE=\"cfitsio\" -DVERSION=\"4.6.2\" -DHAVE_STDIO_H=1 -DHAVE_STDLIB_H=1 -DHAVE_STRING_H=1 -DHAVE_INTTYPES_H=1 -DHAVE_STDINT_H=1 -DHAVE_STRINGS_H=1 -DHAVE_SYS_STAT_H=1 -DHAVE_SYS_TYPES_H=1 -DHAVE_UNISTD_H=1 -DSTDC_HEADERS=1 -DHAVE_DLFCN_H=1 -DLT_OBJDIR=\".libs/\" -DHAVE_STDLIB_H=1 -DHAVE_STRING_H=1 -DHAVE_MATH_H=1 -DHAVE_LIMITS_H=1 -D_LARGEFILE_SOURCE=1 -D_FILE_OFFSET_BITS=64 -DCFITSIO_HAVE_CURL=1 -DHAVE_LIBZ=1 -DHAVE_FTRUNCATE=1 -DHAVE_LONGLONG=1 -DHAVE_SHMEM_SERVICES=1 -DHAVE_FMEMOPEN=1 -DHAVE_NET_SERVICES=1 -I. -DPACKAGE_NAME=\"cfitsio\" -DPACKAGE_TARNAME=\"cfitsio\" -DPACKAGE_VERSION=\"4.6.2\" "-DPACKAGE_STRING=\"cfitsio 4.6.2\"" -DPACKAGE_BUGREPORT=\"\" -DPACKAGE_URL=\"\" -DPACKAGE=\"cfitsio\" -DVERSION=\"4.6.2\" -DHAVE_STDIO_H=1 -DHAVE_STDLIB_H=1 -DHAVE_STRING_H=1 -DHAVE_INTTYPES_H=1 -DHAVE_STDINT_H=1 -DHAVE_STRINGS_H=1 -DHAVE_SYS_STAT_H=1 -DHAVE_SYS_TYPES_H=1 -DHAVE_UNISTD_H=1 -DSTDC_HEADERS=1 -DHAVE_DLFCN_H=1 -DLT_OBJDIR=\".libs/\" -DHAVE_STDLIB_H=1 -DHAVE_STRING_H=1 -DHAVE_MATH_H=1 -DHAVE_LIMITS_H=1 -D_LARGEFILE_SOURCE=1 -D_FILE_OFFSET_BITS=64 -DCFITSIO_HAVE_CURL=1 -DHAVE_LIBZ=1 -DHAVE_FTRUNCATE=1 -DHAVE_LONGLONG=1 -DHAVE_SHMEM_SERVICES=1 -DHAVE_FMEMOPEN=1 -DHAVE_NET_SERVICES=1 -g -O2 -Dg77Fortran -MT libcfitsio_la-region.lo -MD -MP -MF .deps/libcfitsio_la-region.Tpo -c region.c -o libcfitsio_la-region.o >/dev/null 2>&1
mv -f .deps/libcfitsio_la-drvrfile.Tpo .deps/libcfitsio_la-drvrfile.Plo
libtool: compile:  /share/home/apps/gcc/11.3.0/bin/gcc -m64 -DPACKAGE_NAME=\"cfitsio\" -DPACKAGE_TARNAME=\"cfitsio\" -DPACKAGE_VERSION=\"4.6.2\" "-DPACKAGE_STRING=\"cfitsio 4.6.2\"" -DPACKAGE_BUGREPORT=\"\" -DPACKAGE_URL=\"\" -DPACKAGE=\"cfitsio\" -DVERSION=\"4.6.2\" -DHAVE_STDIO_H=1 -DHAVE_STDLIB_H=1 -DHAVE_STRING_H=1 -DHAVE_INTTYPES_H=1 -DHAVE_STDINT_H=1 -DHAVE_STRINGS_H=1 -DHAVE_SYS_STAT_H=1 -DHAVE_SYS_TYPES_H=1 -DHAVE_UNISTD_H=1 -DSTDC_HEADERS=1 -DHAVE_DLFCN_H=1 -DLT_OBJDIR=\".libs/\" -DHAVE_STDLIB_H=1 -DHAVE_STRING_H=1 -DHAVE_MATH_H=1 -DHAVE_LIMITS_H=1 -D_LARGEFILE_SOURCE=1 -D_FILE_OFFSET_BITS=64 -DCFITSIO_HAVE_CURL=1 -DHAVE_LIBZ=1 -DHAVE_FTRUNCATE=1 -DHAVE_LONGLONG=1 -DHAVE_SHMEM_SERVICES=1 -DHAVE_FMEMOPEN=1 -DHAVE_NET_SERVICES=1 -I. -DPACKAGE_NAME=\"cfitsio\" -DPACKAGE_TARNAME=\"cfitsio\" -DPACKAGE_VERSION=\"4.6.2\" "-DPACKAGE_STRING=\"cfitsio 4.6.2\"" -DPACKAGE_BUGREPORT=\"\" -DPACKAGE_URL=\"\" -DPACKAGE=\"cfitsio\" -DVERSION=\"4.6.2\" -DHAVE_STDIO_H=1 -DHAVE_STDLIB_H=1 -DHAVE_STRING_H=1 -DHAVE_INTTYPES_H=1 -DHAVE_STDINT_H=1 -DHAVE_STRINGS_H=1 -DHAVE_SYS_STAT_H=1 -DHAVE_SYS_TYPES_H=1 -DHAVE_UNISTD_H=1 -DSTDC_HEADERS=1 -DHAVE_DLFCN_H=1 -DLT_OBJDIR=\".libs/\" -DHAVE_STDLIB_H=1 -DHAVE_STRING_H=1 -DHAVE_MATH_H=1 -DHAVE_LIMITS_H=1 -D_LARGEFILE_SOURCE=1 -D_FILE_OFFSET_BITS=64 -DCFITSIO_HAVE_CURL=1 -DHAVE_LIBZ=1 -DHAVE_FTRUNCATE=1 -DHAVE_LONGLONG=1 -DHAVE_SHMEM_SERVICES=1 -DHAVE_FMEMOPEN=1 -DHAVE_NET_SERVICES=1 -g -O2 -Dg77Fortran -MT libcfitsio_la-f77_wrap1.lo -MD -MP -MF .deps/libcfitsio_la-f77_wrap1.Tpo -c f77_wrap1.c -o libcfitsio_la-f77_wrap1.o >/dev/null 2>&1
mv -f utilities/.deps/fitsverify-fvrf_head.Tpo utilities/.deps/fitsverify-fvrf_head.Po
libtool: compile:  /share/home/apps/gcc/11.3.0/bin/gcc -m64 -DPACKAGE_NAME=\"cfitsio\" -DPACKAGE_TARNAME=\"cfitsio\" -DPACKAGE_VERSION=\"4.6.2\" "-DPACKAGE_STRING=\"cfitsio 4.6.2\"" -DPACKAGE_BUGREPORT=\"\" -DPACKAGE_URL=\"\" -DPACKAGE=\"cfitsio\" -DVERSION=\"4.6.2\" -DHAVE_STDIO_H=1 -DHAVE_STDLIB_H=1 -DHAVE_STRING_H=1 -DHAVE_INTTYPES_H=1 -DHAVE_STDINT_H=1 -DHAVE_STRINGS_H=1 -DHAVE_SYS_STAT_H=1 -DHAVE_SYS_TYPES_H=1 -DHAVE_UNISTD_H=1 -DSTDC_HEADERS=1 -DHAVE_DLFCN_H=1 -DLT_OBJDIR=\".libs/\" -DHAVE_STDLIB_H=1 -DHAVE_STRING_H=1 -DHAVE_MATH_H=1 -DHAVE_LIMITS_H=1 -D_LARGEFILE_SOURCE=1 -D_FILE_OFFSET_BITS=64 -DCFITSIO_HAVE_CURL=1 -DHAVE_LIBZ=1 -DHAVE_FTRUNCATE=1 -DHAVE_LONGLONG=1 -DHAVE_SHMEM_SERVICES=1 -DHAVE_FMEMOPEN=1 -DHAVE_NET_SERVICES=1 -I. -DPACKAGE_NAME=\"cfitsio\" -DPACKAGE_TARNAME=\"cfitsio\" -DPACKAGE_VERSION=\"4.6.2\" "-DPACKAGE_STRING=\"cfitsio 4.6.2\"" -DPACKAGE_BUGREPORT=\"\" -DPACKAGE_URL=\"\" -DPACKAGE=\"cfitsio\" -DVERSION=\"4.6.2\" -DHAVE_STDIO_H=1 -DHAVE_STDLIB_H=1 -DHAVE_STRING_H=1 -DHAVE_INTTYPES_H=1 -DHAVE_STDINT_H=1 -DHAVE_STRINGS_H=1 -DHAVE_SYS_STAT_H=1 -DHAVE_SYS_TYPES_H=1 -DHAVE_UNISTD_H=1 -DSTDC_HEADERS=1 -DHAVE_DLFCN_H=1 -DLT_OBJDIR=\".libs/\" -DHAVE_STDLIB_H=1 -DHAVE_STRING_H=1 -DHAVE_MATH_H=1 -DHAVE_LIMITS_H=1 -D_LARGEFILE_SOURCE=1 -D_FILE_OFFSET_BITS=64 -DCFITSIO_HAVE_CURL=1 -DHAVE_LIBZ=1 -DHAVE_FTRUNCATE=1 -DHAVE_LONGLONG=1 -DHAVE_SHMEM_SERVICES=1 -DHAVE_FMEMOPEN=1 -DHAVE_NET_SERVICES=1 -g -O2 -Dg77Fortran -MT libcfitsio_la-fits_hdecompress.lo -MD -MP -MF .deps/libcfitsio_la-fits_hdecompress.Tpo -c fits_hdecompress.c -o libcfitsio_la-fits_hdecompress.o >/dev/null 2>&1
libtool: compile:  /share/home/apps/gcc/11.3.0/bin/gcc -m64 -DPACKAGE_NAME=\"cfitsio\" -DPACKAGE_TARNAME=\"cfitsio\" -DPACKAGE_VERSION=\"4.6.2\" "-DPACKAGE_STRING=\"cfitsio 4.6.2\"" -DPACKAGE_BUGREPORT=\"\" -DPACKAGE_URL=\"\" -DPACKAGE=\"cfitsio\" -DVERSION=\"4.6.2\" -DHAVE_STDIO_H=1 -DHAVE_STDLIB_H=1 -DHAVE_STRING_H=1 -DHAVE_INTTYPES_H=1 -DHAVE_STDINT_H=1 -DHAVE_STRINGS_H=1 -DHAVE_SYS_STAT_H=1 -DHAVE_SYS_TYPES_H=1 -DHAVE_UNISTD_H=1 -DSTDC_HEADERS=1 -DHAVE_DLFCN_H=1 -DLT_OBJDIR=\".libs/\" -DHAVE_STDLIB_H=1 -DHAVE_STRING_H=1 -DHAVE_MATH_H=1 -DHAVE_LIMITS_H=1 -D_LARGEFILE_SOURCE=1 -D_FILE_OFFSET_BITS=64 -DCFITSIO_HAVE_CURL=1 -DHAVE_LIBZ=1 -DHAVE_FTRUNCATE=1 -DHAVE_LONGLONG=1 -DHAVE_SHMEM_SERVICES=1 -DHAVE_FMEMOPEN=1 -DHAVE_NET_SERVICES=1 -I. -DPACKAGE_NAME=\"cfitsio\" -DPACKAGE_TARNAME=\"cfitsio\" -DPACKAGE_VERSION=\"4.6.2\" "-DPACKAGE_STRING=\"cfitsio 4.6.2\"" -DPACKAGE_BUGREPORT=\"\" -DPACKAGE_URL=\"\" -DPACKAGE=\"cfitsio\" -DVERSION=\"4.6.2\" -DHAVE_STDIO_H=1 -DHAVE_STDLIB_H=1 -DHAVE_STRING_H=1 -DHAVE_INTTYPES_H=1 -DHAVE_STDINT_H=1 -DHAVE_STRINGS_H=1 -DHAVE_SYS_STAT_H=1 -DHAVE_SYS_TYPES_H=1 -DHAVE_UNISTD_H=1 -DSTDC_HEADERS=1 -DHAVE_DLFCN_H=1 -DLT_OBJDIR=\".libs/\" -DHAVE_STDLIB_H=1 -DHAVE_STRING_H=1 -DHAVE_MATH_H=1 -DHAVE_LIMITS_H=1 -D_LARGEFILE_SOURCE=1 -D_FILE_OFFSET_BITS=64 -DCFITSIO_HAVE_CURL=1 -DHAVE_LIBZ=1 -DHAVE_FTRUNCATE=1 -DHAVE_LONGLONG=1 -DHAVE_SHMEM_SERVICES=1 -DHAVE_FMEMOPEN=1 -DHAVE_NET_SERVICES=1 -g -O2 -Dg77Fortran -MT libcfitsio_la-editcol.lo -MD -MP -MF .deps/libcfitsio_la-editcol.Tpo -c editcol.c -o libcfitsio_la-editcol.o >/dev/null 2>&1
libtool: compile:  /share/home/apps/gcc/11.3.0/bin/gcc -m64 -DPACKAGE_NAME=\"cfitsio\" -DPACKAGE_TARNAME=\"cfitsio\" -DPACKAGE_VERSION=\"4.6.2\" "-DPACKAGE_STRING=\"cfitsio 4.6.2\"" -DPACKAGE_BUGREPORT=\"\" -DPACKAGE_URL=\"\" -DPACKAGE=\"cfitsio\" -DVERSION=\"4.6.2\" -DHAVE_STDIO_H=1 -DHAVE_STDLIB_H=1 -DHAVE_STRING_H=1 -DHAVE_INTTYPES_H=1 -DHAVE_STDINT_H=1 -DHAVE_STRINGS_H=1 -DHAVE_SYS_STAT_H=1 -DHAVE_SYS_TYPES_H=1 -DHAVE_UNISTD_H=1 -DSTDC_HEADERS=1 -DHAVE_DLFCN_H=1 -DLT_OBJDIR=\".libs/\" -DHAVE_STDLIB_H=1 -DHAVE_STRING_H=1 -DHAVE_MATH_H=1 -DHAVE_LIMITS_H=1 -D_LARGEFILE_SOURCE=1 -D_FILE_OFFSET_BITS=64 -DCFITSIO_HAVE_CURL=1 -DHAVE_LIBZ=1 -DHAVE_FTRUNCATE=1 -DHAVE_LONGLONG=1 -DHAVE_SHMEM_SERVICES=1 -DHAVE_FMEMOPEN=1 -DHAVE_NET_SERVICES=1 -I. -DPACKAGE_NAME=\"cfitsio\" -DPACKAGE_TARNAME=\"cfitsio\" -DPACKAGE_VERSION=\"4.6.2\" "-DPACKAGE_STRING=\"cfitsio 4.6.2\"" -DPACKAGE_BUGREPORT=\"\" -DPACKAGE_URL=\"\" -DPACKAGE=\"cfitsio\" -DVERSION=\"4.6.2\" -DHAVE_STDIO_H=1 -DHAVE_STDLIB_H=1 -DHAVE_STRING_H=1 -DHAVE_INTTYPES_H=1 -DHAVE_STDINT_H=1 -DHAVE_STRINGS_H=1 -DHAVE_SYS_STAT_H=1 -DHAVE_SYS_TYPES_H=1 -DHAVE_UNISTD_H=1 -DSTDC_HEADERS=1 -DHAVE_DLFCN_H=1 -DLT_OBJDIR=\".libs/\" -DHAVE_STDLIB_H=1 -DHAVE_STRING_H=1 -DHAVE_MATH_H=1 -DHAVE_LIMITS_H=1 -D_LARGEFILE_SOURCE=1 -D_FILE_OFFSET_BITS=64 -DCFITSIO_HAVE_CURL=1 -DHAVE_LIBZ=1 -DHAVE_FTRUNCATE=1 -DHAVE_LONGLONG=1 -DHAVE_SHMEM_SERVICES=1 -DHAVE_FMEMOPEN=1 -DHAVE_NET_SERVICES=1 -g -O2 -Dg77Fortran -MT libcfitsio_la-f77_wrap4.lo -MD -MP -MF .deps/libcfitsio_la-f77_wrap4.Tpo -c f77_wrap4.c -o libcfitsio_la-f77_wrap4.o >/dev/null 2>&1
libtool: compile:  /share/home/apps/gcc/11.3.0/bin/gcc -m64 -DPACKAGE_NAME=\"cfitsio\" -DPACKAGE_TARNAME=\"cfitsio\" -DPACKAGE_VERSION=\"4.6.2\" "-DPACKAGE_STRING=\"cfitsio 4.6.2\"" -DPACKAGE_BUGREPORT=\"\" -DPACKAGE_URL=\"\" -DPACKAGE=\"cfitsio\" -DVERSION=\"4.6.2\" -DHAVE_STDIO_H=1 -DHAVE_STDLIB_H=1 -DHAVE_STRING_H=1 -DHAVE_INTTYPES_H=1 -DHAVE_STDINT_H=1 -DHAVE_STRINGS_H=1 -DHAVE_SYS_STAT_H=1 -DHAVE_SYS_TYPES_H=1 -DHAVE_UNISTD_H=1 -DSTDC_HEADERS=1 -DHAVE_DLFCN_H=1 -DLT_OBJDIR=\".libs/\" -DHAVE_STDLIB_H=1 -DHAVE_STRING_H=1 -DHAVE_MATH_H=1 -DHAVE_LIMITS_H=1 -D_LARGEFILE_SOURCE=1 -D_FILE_OFFSET_BITS=64 -DCFITSIO_HAVE_CURL=1 -DHAVE_LIBZ=1 -DHAVE_FTRUNCATE=1 -DHAVE_LONGLONG=1 -DHAVE_SHMEM_SERVICES=1 -DHAVE_FMEMOPEN=1 -DHAVE_NET_SERVICES=1 -I. -DPACKAGE_NAME=\"cfitsio\" -DPACKAGE_TARNAME=\"cfitsio\" -DPACKAGE_VERSION=\"4.6.2\" "-DPACKAGE_STRING=\"cfitsio 4.6.2\"" -DPACKAGE_BUGREPORT=\"\" -DPACKAGE_URL=\"\" -DPACKAGE=\"cfitsio\" -DVERSION=\"4.6.2\" -DHAVE_STDIO_H=1 -DHAVE_STDLIB_H=1 -DHAVE_STRING_H=1 -DHAVE_INTTYPES_H=1 -DHAVE_STDINT_H=1 -DHAVE_STRINGS_H=1 -DHAVE_SYS_STAT_H=1 -DHAVE_SYS_TYPES_H=1 -DHAVE_UNISTD_H=1 -DSTDC_HEADERS=1 -DHAVE_DLFCN_H=1 -DLT_OBJDIR=\".libs/\" -DHAVE_STDLIB_H=1 -DHAVE_STRING_H=1 -DHAVE_MATH_H=1 -DHAVE_LIMITS_H=1 -D_LARGEFILE_SOURCE=1 -D_FILE_OFFSET_BITS=64 -DCFITSIO_HAVE_CURL=1 -DHAVE_LIBZ=1 -DHAVE_FTRUNCATE=1 -DHAVE_LONGLONG=1 -DHAVE_SHMEM_SERVICES=1 -DHAVE_FMEMOPEN=1 -DHAVE_NET_SERVICES=1 -g -O2 -Dg77Fortran -MT libcfitsio_la-getkey.lo -MD -MP -MF .deps/libcfitsio_la-getkey.Tpo -c getkey.c -o libcfitsio_la-getkey.o >/dev/null 2>&1
libtool: compile:  /share/home/apps/gcc/11.3.0/bin/gcc -m64 -DPACKAGE_NAME=\"cfitsio\" -DPACKAGE_TARNAME=\"cfitsio\" -DPACKAGE_VERSION=\"4.6.2\" "-DPACKAGE_STRING=\"cfitsio 4.6.2\"" -DPACKAGE_BUGREPORT=\"\" -DPACKAGE_URL=\"\" -DPACKAGE=\"cfitsio\" -DVERSION=\"4.6.2\" -DHAVE_STDIO_H=1 -DHAVE_STDLIB_H=1 -DHAVE_STRING_H=1 -DHAVE_INTTYPES_H=1 -DHAVE_STDINT_H=1 -DHAVE_STRINGS_H=1 -DHAVE_SYS_STAT_H=1 -DHAVE_SYS_TYPES_H=1 -DHAVE_UNISTD_H=1 -DSTDC_HEADERS=1 -DHAVE_DLFCN_H=1 -DLT_OBJDIR=\".libs/\" -DHAVE_STDLIB_H=1 -DHAVE_STRING_H=1 -DHAVE_MATH_H=1 -DHAVE_LIMITS_H=1 -D_LARGEFILE_SOURCE=1 -D_FILE_OFFSET_BITS=64 -DCFITSIO_HAVE_CURL=1 -DHAVE_LIBZ=1 -DHAVE_FTRUNCATE=1 -DHAVE_LONGLONG=1 -DHAVE_SHMEM_SERVICES=1 -DHAVE_FMEMOPEN=1 -DHAVE_NET_SERVICES=1 -I. -DPACKAGE_NAME=\"cfitsio\" -DPACKAGE_TARNAME=\"cfitsio\" -DPACKAGE_VERSION=\"4.6.2\" "-DPACKAGE_STRING=\"cfitsio 4.6.2\"" -DPACKAGE_BUGREPORT=\"\" -DPACKAGE_URL=\"\" -DPACKAGE=\"cfitsio\" -DVERSION=\"4.6.2\" -DHAVE_STDIO_H=1 -DHAVE_STDLIB_H=1 -DHAVE_STRING_H=1 -DHAVE_INTTYPES_H=1 -DHAVE_STDINT_H=1 -DHAVE_STRINGS_H=1 -DHAVE_SYS_STAT_H=1 -DHAVE_SYS_TYPES_H=1 -DHAVE_UNISTD_H=1 -DSTDC_HEADERS=1 -DHAVE_DLFCN_H=1 -DLT_OBJDIR=\".libs/\" -DHAVE_STDLIB_H=1 -DHAVE_STRING_H=1 -DHAVE_MATH_H=1 -DHAVE_LIMITS_H=1 -D_LARGEFILE_SOURCE=1 -D_FILE_OFFSET_BITS=64 -DCFITSIO_HAVE_CURL=1 -DHAVE_LIBZ=1 -DHAVE_FTRUNCATE=1 -DHAVE_LONGLONG=1 -DHAVE_SHMEM_SERVICES=1 -DHAVE_FMEMOPEN=1 -DHAVE_NET_SERVICES=1 -g -O2 -Dg77Fortran -MT libcfitsio_la-putkey.lo -MD -MP -MF .deps/libcfitsio_la-putkey.Tpo -c putkey.c -o libcfitsio_la-putkey.o >/dev/null 2>&1
mv -f .deps/libcfitsio_la-getcol.Tpo .deps/libcfitsio_la-getcol.Plo
libtool: compile:  /share/home/apps/gcc/11.3.0/bin/gcc -m64 -DPACKAGE_NAME=\"cfitsio\" -DPACKAGE_TARNAME=\"cfitsio\" -DPACKAGE_VERSION=\"4.6.2\" "-DPACKAGE_STRING=\"cfitsio 4.6.2\"" -DPACKAGE_BUGREPORT=\"\" -DPACKAGE_URL=\"\" -DPACKAGE=\"cfitsio\" -DVERSION=\"4.6.2\" -DHAVE_STDIO_H=1 -DHAVE_STDLIB_H=1 -DHAVE_STRING_H=1 -DHAVE_INTTYPES_H=1 -DHAVE_STDINT_H=1 -DHAVE_STRINGS_H=1 -DHAVE_SYS_STAT_H=1 -DHAVE_SYS_TYPES_H=1 -DHAVE_UNISTD_H=1 -DSTDC_HEADERS=1 -DHAVE_DLFCN_H=1 -DLT_OBJDIR=\".libs/\" -DHAVE_STDLIB_H=1 -DHAVE_STRING_H=1 -DHAVE_MATH_H=1 -DHAVE_LIMITS_H=1 -D_LARGEFILE_SOURCE=1 -D_FILE_OFFSET_BITS=64 -DCFITSIO_HAVE_CURL=1 -DHAVE_LIBZ=1 -DHAVE_FTRUNCATE=1 -DHAVE_LONGLONG=1 -DHAVE_SHMEM_SERVICES=1 -DHAVE_FMEMOPEN=1 -DHAVE_NET_SERVICES=1 -I. -DPACKAGE_NAME=\"cfitsio\" -DPACKAGE_TARNAME=\"cfitsio\" -DPACKAGE_VERSION=\"4.6.2\" "-DPACKAGE_STRING=\"cfitsio 4.6.2\"" -DPACKAGE_BUGREPORT=\"\" -DPACKAGE_URL=\"\" -DPACKAGE=\"cfitsio\" -DVERSION=\"4.6.2\" -DHAVE_STDIO_H=1 -DHAVE_STDLIB_H=1 -DHAVE_STRING_H=1 -DHAVE_INTTYPES_H=1 -DHAVE_STDINT_H=1 -DHAVE_STRINGS_H=1 -DHAVE_SYS_STAT_H=1 -DHAVE_SYS_TYPES_H=1 -DHAVE_UNISTD_H=1 -DSTDC_HEADERS=1 -DHAVE_DLFCN_H=1 -DLT_OBJDIR=\".libs/\" -DHAVE_STDLIB_H=1 -DHAVE_STRING_H=1 -DHAVE_MATH_H=1 -DHAVE_LIMITS_H=1 -D_LARGEFILE_SOURCE=1 -D_FILE_OFFSET_BITS=64 -DCFITSIO_HAVE_CURL=1 -DHAVE_LIBZ=1 -DHAVE_FTRUNCATE=1 -DHAVE_LONGLONG=1 -DHAVE_SHMEM_SERVICES=1 -DHAVE_FMEMOPEN=1 -DHAVE_NET_SERVICES=1 -g -O2 -Dg77Fortran -MT libcfitsio_la-eval_f.lo -MD -MP -MF .deps/libcfitsio_la-eval_f.Tpo -c eval_f.c -o libcfitsio_la-eval_f.o >/dev/null 2>&1
mv -f .deps/libcfitsio_la-putcoluk.Tpo .deps/libcfitsio_la-putcoluk.Plo
mv -f .deps/libcfitsio_la-putcolb.Tpo .deps/libcfitsio_la-putcolb.Plo
libtool: compile:  /share/home/apps/gcc/11.3.0/bin/gcc -m64 -DPACKAGE_NAME=\"cfitsio\" -DPACKAGE_TARNAME=\"cfitsio\" -DPACKAGE_VERSION=\"4.6.2\" "-DPACKAGE_STRING=\"cfitsio 4.6.2\"" -DPACKAGE_BUGREPORT=\"\" -DPACKAGE_URL=\"\" -DPACKAGE=\"cfitsio\" -DVERSION=\"4.6.2\" -DHAVE_STDIO_H=1 -DHAVE_STDLIB_H=1 -DHAVE_STRING_H=1 -DHAVE_INTTYPES_H=1 -DHAVE_STDINT_H=1 -DHAVE_STRINGS_H=1 -DHAVE_SYS_STAT_H=1 -DHAVE_SYS_TYPES_H=1 -DHAVE_UNISTD_H=1 -DSTDC_HEADERS=1 -DHAVE_DLFCN_H=1 -DLT_OBJDIR=\".libs/\" -DHAVE_STDLIB_H=1 -DHAVE_STRING_H=1 -DHAVE_MATH_H=1 -DHAVE_LIMITS_H=1 -D_LARGEFILE_SOURCE=1 -D_FILE_OFFSET_BITS=64 -DCFITSIO_HAVE_CURL=1 -DHAVE_LIBZ=1 -DHAVE_FTRUNCATE=1 -DHAVE_LONGLONG=1 -DHAVE_SHMEM_SERVICES=1 -DHAVE_FMEMOPEN=1 -DHAVE_NET_SERVICES=1 -I. -DPACKAGE_NAME=\"cfitsio\" -DPACKAGE_TARNAME=\"cfitsio\" -DPACKAGE_VERSION=\"4.6.2\" "-DPACKAGE_STRING=\"cfitsio 4.6.2\"" -DPACKAGE_BUGREPORT=\"\" -DPACKAGE_URL=\"\" -DPACKAGE=\"cfitsio\" -DVERSION=\"4.6.2\" -DHAVE_STDIO_H=1 -DHAVE_STDLIB_H=1 -DHAVE_STRING_H=1 -DHAVE_INTTYPES_H=1 -DHAVE_STDINT_H=1 -DHAVE_STRINGS_H=1 -DHAVE_SYS_STAT_H=1 -DHAVE_SYS_TYPES_H=1 -DHAVE_UNISTD_H=1 -DSTDC_HEADERS=1 -DHAVE_DLFCN_H=1 -DLT_OBJDIR=\".libs/\" -DHAVE_STDLIB_H=1 -DHAVE_STRING_H=1 -DHAVE_MATH_H=1 -DHAVE_LIMITS_H=1 -D_LARGEFILE_SOURCE=1 -D_FILE_OFFSET_BITS=64 -DCFITSIO_HAVE_CURL=1 -DHAVE_LIBZ=1 -DHAVE_FTRUNCATE=1 -DHAVE_LONGLONG=1 -DHAVE_SHMEM_SERVICES=1 -DHAVE_FMEMOPEN=1 -DHAVE_NET_SERVICES=1 -g -O2 -Dg77Fortran -MT libcfitsio_la-histo.lo -MD -MP -MF .deps/libcfitsio_la-histo.Tpo -c histo.c -o libcfitsio_la-histo.o >/dev/null 2>&1
mv -f .deps/libcfitsio_la-edithdu.Tpo .deps/libcfitsio_la-edithdu.Plo
mv -f .deps/libcfitsio_la-putcole.Tpo .deps/libcfitsio_la-putcole.Plo
mv -f .deps/libcfitsio_la-drvrmem.Tpo .deps/libcfitsio_la-drvrmem.Plo
mv -f .deps/libcfitsio_la-wcsutil.Tpo .deps/libcfitsio_la-wcsutil.Plo
mv -f .deps/libcfitsio_la-putcoli.Tpo .deps/libcfitsio_la-putcoli.Plo
libtool: compile:  /share/home/apps/gcc/11.3.0/bin/gcc -m64 -DPACKAGE_NAME=\"cfitsio\" -DPACKAGE_TARNAME=\"cfitsio\" -DPACKAGE_VERSION=\"4.6.2\" "-DPACKAGE_STRING=\"cfitsio 4.6.2\"" -DPACKAGE_BUGREPORT=\"\" -DPACKAGE_URL=\"\" -DPACKAGE=\"cfitsio\" -DVERSION=\"4.6.2\" -DHAVE_STDIO_H=1 -DHAVE_STDLIB_H=1 -DHAVE_STRING_H=1 -DHAVE_INTTYPES_H=1 -DHAVE_STDINT_H=1 -DHAVE_STRINGS_H=1 -DHAVE_SYS_STAT_H=1 -DHAVE_SYS_TYPES_H=1 -DHAVE_UNISTD_H=1 -DSTDC_HEADERS=1 -DHAVE_DLFCN_H=1 -DLT_OBJDIR=\".libs/\" -DHAVE_STDLIB_H=1 -DHAVE_STRING_H=1 -DHAVE_MATH_H=1 -DHAVE_LIMITS_H=1 -D_LARGEFILE_SOURCE=1 -D_FILE_OFFSET_BITS=64 -DCFITSIO_HAVE_CURL=1 -DHAVE_LIBZ=1 -DHAVE_FTRUNCATE=1 -DHAVE_LONGLONG=1 -DHAVE_SHMEM_SERVICES=1 -DHAVE_FMEMOPEN=1 -DHAVE_NET_SERVICES=1 -I. -DPACKAGE_NAME=\"cfitsio\" -DPACKAGE_TARNAME=\"cfitsio\" -DPACKAGE_VERSION=\"4.6.2\" "-DPACKAGE_STRING=\"cfitsio 4.6.2\"" -DPACKAGE_BUGREPORT=\"\" -DPACKAGE_URL=\"\" -DPACKAGE=\"cfitsio\" -DVERSION=\"4.6.2\" -DHAVE_STDIO_H=1 -DHAVE_STDLIB_H=1 -DHAVE_STRING_H=1 -DHAVE_INTTYPES_H=1 -DHAVE_STDINT_H=1 -DHAVE_STRINGS_H=1 -DHAVE_SYS_STAT_H=1 -DHAVE_SYS_TYPES_H=1 -DHAVE_UNISTD_H=1 -DSTDC_HEADERS=1 -DHAVE_DLFCN_H=1 -DLT_OBJDIR=\".libs/\" -DHAVE_STDLIB_H=1 -DHAVE_STRING_H=1 -DHAVE_MATH_H=1 -DHAVE_LIMITS_H=1 -D_LARGEFILE_SOURCE=1 -D_FILE_OFFSET_BITS=64 -DCFITSIO_HAVE_CURL=1 -DHAVE_LIBZ=1 -DHAVE_FTRUNCATE=1 -DHAVE_LONGLONG=1 -DHAVE_SHMEM_SERVICES=1 -DHAVE_FMEMOPEN=1 -DHAVE_NET_SERVICES=1 -g -O2 -Dg77Fortran -MT libcfitsio_la-getcolj.lo -MD -MP -MF .deps/libcfitsio_la-getcolj.Tpo -c getcolj.c -o libcfitsio_la-getcolj.o >/dev/null 2>&1
libtool: compile:  /share/home/apps/gcc/11.3.0/bin/gcc -m64 -DPACKAGE_NAME=\"cfitsio\" -DPACKAGE_TARNAME=\"cfitsio\" -DPACKAGE_VERSION=\"4.6.2\" "-DPACKAGE_STRING=\"cfitsio 4.6.2\"" -DPACKAGE_BUGREPORT=\"\" -DPACKAGE_URL=\"\" -DPACKAGE=\"cfitsio\" -DVERSION=\"4.6.2\" -DHAVE_STDIO_H=1 -DHAVE_STDLIB_H=1 -DHAVE_STRING_H=1 -DHAVE_INTTYPES_H=1 -DHAVE_STDINT_H=1 -DHAVE_STRINGS_H=1 -DHAVE_SYS_STAT_H=1 -DHAVE_SYS_TYPES_H=1 -DHAVE_UNISTD_H=1 -DSTDC_HEADERS=1 -DHAVE_DLFCN_H=1 -DLT_OBJDIR=\".libs/\" -DHAVE_STDLIB_H=1 -DHAVE_STRING_H=1 -DHAVE_MATH_H=1 -DHAVE_LIMITS_H=1 -D_LARGEFILE_SOURCE=1 -D_FILE_OFFSET_BITS=64 -DCFITSIO_HAVE_CURL=1 -DHAVE_LIBZ=1 -DHAVE_FTRUNCATE=1 -DHAVE_LONGLONG=1 -DHAVE_SHMEM_SERVICES=1 -DHAVE_FMEMOPEN=1 -DHAVE_NET_SERVICES=1 -I. -DPACKAGE_NAME=\"cfitsio\" -DPACKAGE_TARNAME=\"cfitsio\" -DPACKAGE_VERSION=\"4.6.2\" "-DPACKAGE_STRING=\"cfitsio 4.6.2\"" -DPACKAGE_BUGREPORT=\"\" -DPACKAGE_URL=\"\" -DPACKAGE=\"cfitsio\" -DVERSION=\"4.6.2\" -DHAVE_STDIO_H=1 -DHAVE_STDLIB_H=1 -DHAVE_STRING_H=1 -DHAVE_INTTYPES_H=1 -DHAVE_STDINT_H=1 -DHAVE_STRINGS_H=1 -DHAVE_SYS_STAT_H=1 -DHAVE_SYS_TYPES_H=1 -DHAVE_UNISTD_H=1 -DSTDC_HEADERS=1 -DHAVE_DLFCN_H=1 -DLT_OBJDIR=\".libs/\" -DHAVE_STDLIB_H=1 -DHAVE_STRING_H=1 -DHAVE_MATH_H=1 -DHAVE_LIMITS_H=1 -D_LARGEFILE_SOURCE=1 -D_FILE_OFFSET_BITS=64 -DCFITSIO_HAVE_CURL=1 -DHAVE_LIBZ=1 -DHAVE_FTRUNCATE=1 -DHAVE_LONGLONG=1 -DHAVE_SHMEM_SERVICES=1 -DHAVE_FMEMOPEN=1 -DHAVE_NET_SERVICES=1 -g -O2 -Dg77Fortran -MT libcfitsio_la-getcoluj.lo -MD -MP -MF .deps/libcfitsio_la-getcoluj.Tpo -c getcoluj.c -o libcfitsio_la-getcoluj.o >/dev/null 2>&1
mv -f .deps/libcfitsio_la-putcolsb.Tpo .deps/libcfitsio_la-putcolsb.Plo
mv -f .deps/libcfitsio_la-putcold.Tpo .deps/libcfitsio_la-putcold.Plo
mv -f .deps/libcfitsio_la-putcolui.Tpo .deps/libcfitsio_la-putcolui.Plo
mv -f .deps/libcfitsio_la-buffers.Tpo .deps/libcfitsio_la-buffers.Plo
mv -f .deps/libcfitsio_la-getcols.Tpo .deps/libcfitsio_la-getcols.Plo
mv -f .deps/libcfitsio_la-putcolk.Tpo .deps/libcfitsio_la-putcolk.Plo
libtool: compile:  /share/home/apps/gcc/11.3.0/bin/gcc -m64 -DPACKAGE_NAME=\"cfitsio\" -DPACKAGE_TARNAME=\"cfitsio\" -DPACKAGE_VERSION=\"4.6.2\" "-DPACKAGE_STRING=\"cfitsio 4.6.2\"" -DPACKAGE_BUGREPORT=\"\" -DPACKAGE_URL=\"\" -DPACKAGE=\"cfitsio\" -DVERSION=\"4.6.2\" -DHAVE_STDIO_H=1 -DHAVE_STDLIB_H=1 -DHAVE_STRING_H=1 -DHAVE_INTTYPES_H=1 -DHAVE_STDINT_H=1 -DHAVE_STRINGS_H=1 -DHAVE_SYS_STAT_H=1 -DHAVE_SYS_TYPES_H=1 -DHAVE_UNISTD_H=1 -DSTDC_HEADERS=1 -DHAVE_DLFCN_H=1 -DLT_OBJDIR=\".libs/\" -DHAVE_STDLIB_H=1 -DHAVE_STRING_H=1 -DHAVE_MATH_H=1 -DHAVE_LIMITS_H=1 -D_LARGEFILE_SOURCE=1 -D_FILE_OFFSET_BITS=64 -DCFITSIO_HAVE_CURL=1 -DHAVE_LIBZ=1 -DHAVE_FTRUNCATE=1 -DHAVE_LONGLONG=1 -DHAVE_SHMEM_SERVICES=1 -DHAVE_FMEMOPEN=1 -DHAVE_NET_SERVICES=1 -I. -DPACKAGE_NAME=\"cfitsio\" -DPACKAGE_TARNAME=\"cfitsio\" -DPACKAGE_VERSION=\"4.6.2\" "-DPACKAGE_STRING=\"cfitsio 4.6.2\"" -DPACKAGE_BUGREPORT=\"\" -DPACKAGE_URL=\"\" -DPACKAGE=\"cfitsio\" -DVERSION=\"4.6.2\" -DHAVE_STDIO_H=1 -DHAVE_STDLIB_H=1 -DHAVE_STRING_H=1 -DHAVE_INTTYPES_H=1 -DHAVE_STDINT_H=1 -DHAVE_STRINGS_H=1 -DHAVE_SYS_STAT_H=1 -DHAVE_SYS_TYPES_H=1 -DHAVE_UNISTD_H=1 -DSTDC_HEADERS=1 -DHAVE_DLFCN_H=1 -DLT_OBJDIR=\".libs/\" -DHAVE_STDLIB_H=1 -DHAVE_STRING_H=1 -DHAVE_MATH_H=1 -DHAVE_LIMITS_H=1 -D_LARGEFILE_SOURCE=1 -D_FILE_OFFSET_BITS=64 -DCFITSIO_HAVE_CURL=1 -DHAVE_LIBZ=1 -DHAVE_FTRUNCATE=1 -DHAVE_LONGLONG=1 -DHAVE_SHMEM_SERVICES=1 -DHAVE_FMEMOPEN=1 -DHAVE_NET_SERVICES=1 -g -O2 -Dg77Fortran -MT libcfitsio_la-group.lo -MD -MP -MF .deps/libcfitsio_la-group.Tpo -c group.c -o libcfitsio_la-group.o >/dev/null 2>&1
mv -f .deps/libcfitsio_la-wcssub.Tpo .deps/libcfitsio_la-wcssub.Plo
mv -f .deps/libcfitsio_la-ricecomp.Tpo .deps/libcfitsio_la-ricecomp.Plo
mv -f .deps/libcfitsio_la-iraffits.Tpo .deps/libcfitsio_la-iraffits.Plo
mv -f .deps/libcfitsio_la-grparser.Tpo .deps/libcfitsio_la-grparser.Plo
mv -f .deps/libcfitsio_la-drvrsmem.Tpo .deps/libcfitsio_la-drvrsmem.Plo
mv -f .deps/libcfitsio_la-eval_l.Tpo .deps/libcfitsio_la-eval_l.Plo
mv -f .deps/libcfitsio_la-putcol.Tpo .deps/libcfitsio_la-putcol.Plo
mv -f .deps/libcfitsio_la-putcoluj.Tpo .deps/libcfitsio_la-putcoluj.Plo
libtool: compile:  /share/home/apps/gcc/11.3.0/bin/gcc -m64 -DPACKAGE_NAME=\"cfitsio\" -DPACKAGE_TARNAME=\"cfitsio\" -DPACKAGE_VERSION=\"4.6.2\" "-DPACKAGE_STRING=\"cfitsio 4.6.2\"" -DPACKAGE_BUGREPORT=\"\" -DPACKAGE_URL=\"\" -DPACKAGE=\"cfitsio\" -DVERSION=\"4.6.2\" -DHAVE_STDIO_H=1 -DHAVE_STDLIB_H=1 -DHAVE_STRING_H=1 -DHAVE_INTTYPES_H=1 -DHAVE_STDINT_H=1 -DHAVE_STRINGS_H=1 -DHAVE_SYS_STAT_H=1 -DHAVE_SYS_TYPES_H=1 -DHAVE_UNISTD_H=1 -DSTDC_HEADERS=1 -DHAVE_DLFCN_H=1 -DLT_OBJDIR=\".libs/\" -DHAVE_STDLIB_H=1 -DHAVE_STRING_H=1 -DHAVE_MATH_H=1 -DHAVE_LIMITS_H=1 -D_LARGEFILE_SOURCE=1 -D_FILE_OFFSET_BITS=64 -DCFITSIO_HAVE_CURL=1 -DHAVE_LIBZ=1 -DHAVE_FTRUNCATE=1 -DHAVE_LONGLONG=1 -DHAVE_SHMEM_SERVICES=1 -DHAVE_FMEMOPEN=1 -DHAVE_NET_SERVICES=1 -I. -DPACKAGE_NAME=\"cfitsio\" -DPACKAGE_TARNAME=\"cfitsio\" -DPACKAGE_VERSION=\"4.6.2\" "-DPACKAGE_STRING=\"cfitsio 4.6.2\"" -DPACKAGE_BUGREPORT=\"\" -DPACKAGE_URL=\"\" -DPACKAGE=\"cfitsio\" -DVERSION=\"4.6.2\" -DHAVE_STDIO_H=1 -DHAVE_STDLIB_H=1 -DHAVE_STRING_H=1 -DHAVE_INTTYPES_H=1 -DHAVE_STDINT_H=1 -DHAVE_STRINGS_H=1 -DHAVE_SYS_STAT_H=1 -DHAVE_SYS_TYPES_H=1 -DHAVE_UNISTD_H=1 -DSTDC_HEADERS=1 -DHAVE_DLFCN_H=1 -DLT_OBJDIR=\".libs/\" -DHAVE_STDLIB_H=1 -DHAVE_STRING_H=1 -DHAVE_MATH_H=1 -DHAVE_LIMITS_H=1 -D_LARGEFILE_SOURCE=1 -D_FILE_OFFSET_BITS=64 -DCFITSIO_HAVE_CURL=1 -DHAVE_LIBZ=1 -DHAVE_FTRUNCATE=1 -DHAVE_LONGLONG=1 -DHAVE_SHMEM_SERVICES=1 -DHAVE_FMEMOPEN=1 -DHAVE_NET_SERVICES=1 -g -O2 -Dg77Fortran -MT libcfitsio_la-drvrnet.lo -MD -MP -MF .deps/libcfitsio_la-drvrnet.Tpo -c drvrnet.c -o libcfitsio_la-drvrnet.o >/dev/null 2>&1
mv -f .deps/libcfitsio_la-getcold.Tpo .deps/libcfitsio_la-getcold.Plo
mv -f .deps/libcfitsio_la-getcolk.Tpo .deps/libcfitsio_la-getcolk.Plo
mv -f .deps/libcfitsio_la-putcolj.Tpo .deps/libcfitsio_la-putcolj.Plo
mv -f .deps/libcfitsio_la-getcolui.Tpo .deps/libcfitsio_la-getcolui.Plo
mv -f .deps/libcfitsio_la-modkey.Tpo .deps/libcfitsio_la-modkey.Plo
mv -f .deps/libcfitsio_la-getcoluk.Tpo .deps/libcfitsio_la-getcoluk.Plo
mv -f .deps/libcfitsio_la-getcolsb.Tpo .deps/libcfitsio_la-getcolsb.Plo
mv -f .deps/libcfitsio_la-getcolb.Tpo .deps/libcfitsio_la-getcolb.Plo
mv -f .deps/libcfitsio_la-getcoli.Tpo .deps/libcfitsio_la-getcoli.Plo
mv -f .deps/libcfitsio_la-fits_hcompress.Tpo .deps/libcfitsio_la-fits_hcompress.Plo
mv -f .deps/libcfitsio_la-region.Tpo .deps/libcfitsio_la-region.Plo
libtool: compile:  /share/home/apps/gcc/11.3.0/bin/gcc -m64 -DPACKAGE_NAME=\"cfitsio\" -DPACKAGE_TARNAME=\"cfitsio\" -DPACKAGE_VERSION=\"4.6.2\" "-DPACKAGE_STRING=\"cfitsio 4.6.2\"" -DPACKAGE_BUGREPORT=\"\" -DPACKAGE_URL=\"\" -DPACKAGE=\"cfitsio\" -DVERSION=\"4.6.2\" -DHAVE_STDIO_H=1 -DHAVE_STDLIB_H=1 -DHAVE_STRING_H=1 -DHAVE_INTTYPES_H=1 -DHAVE_STDINT_H=1 -DHAVE_STRINGS_H=1 -DHAVE_SYS_STAT_H=1 -DHAVE_SYS_TYPES_H=1 -DHAVE_UNISTD_H=1 -DSTDC_HEADERS=1 -DHAVE_DLFCN_H=1 -DLT_OBJDIR=\".libs/\" -DHAVE_STDLIB_H=1 -DHAVE_STRING_H=1 -DHAVE_MATH_H=1 -DHAVE_LIMITS_H=1 -D_LARGEFILE_SOURCE=1 -D_FILE_OFFSET_BITS=64 -DCFITSIO_HAVE_CURL=1 -DHAVE_LIBZ=1 -DHAVE_FTRUNCATE=1 -DHAVE_LONGLONG=1 -DHAVE_SHMEM_SERVICES=1 -DHAVE_FMEMOPEN=1 -DHAVE_NET_SERVICES=1 -I. -DPACKAGE_NAME=\"cfitsio\" -DPACKAGE_TARNAME=\"cfitsio\" -DPACKAGE_VERSION=\"4.6.2\" "-DPACKAGE_STRING=\"cfitsio 4.6.2\"" -DPACKAGE_BUGREPORT=\"\" -DPACKAGE_URL=\"\" -DPACKAGE=\"cfitsio\" -DVERSION=\"4.6.2\" -DHAVE_STDIO_H=1 -DHAVE_STDLIB_H=1 -DHAVE_STRING_H=1 -DHAVE_INTTYPES_H=1 -DHAVE_STDINT_H=1 -DHAVE_STRINGS_H=1 -DHAVE_SYS_STAT_H=1 -DHAVE_SYS_TYPES_H=1 -DHAVE_UNISTD_H=1 -DSTDC_HEADERS=1 -DHAVE_DLFCN_H=1 -DLT_OBJDIR=\".libs/\" -DHAVE_STDLIB_H=1 -DHAVE_STRING_H=1 -DHAVE_MATH_H=1 -DHAVE_LIMITS_H=1 -D_LARGEFILE_SOURCE=1 -D_FILE_OFFSET_BITS=64 -DCFITSIO_HAVE_CURL=1 -DHAVE_LIBZ=1 -DHAVE_FTRUNCATE=1 -DHAVE_LONGLONG=1 -DHAVE_SHMEM_SERVICES=1 -DHAVE_FMEMOPEN=1 -DHAVE_NET_SERVICES=1 -g -O2 -Dg77Fortran -MT libcfitsio_la-cfileio.lo -MD -MP -MF .deps/libcfitsio_la-cfileio.Tpo -c cfileio.c -o libcfitsio_la-cfileio.o >/dev/null 2>&1
mv -f .deps/libcfitsio_la-f77_wrap1.Tpo .deps/libcfitsio_la-f77_wrap1.Plo
mv -f .deps/libcfitsio_la-fits_hdecompress.Tpo .deps/libcfitsio_la-fits_hdecompress.Plo
mv -f .deps/libcfitsio_la-f77_wrap4.Tpo .deps/libcfitsio_la-f77_wrap4.Plo
mv -f .deps/libcfitsio_la-editcol.Tpo .deps/libcfitsio_la-editcol.Plo
mv -f .deps/libcfitsio_la-histo.Tpo .deps/libcfitsio_la-histo.Plo
mv -f .deps/libcfitsio_la-eval_f.Tpo .deps/libcfitsio_la-eval_f.Plo
mv -f .deps/libcfitsio_la-putkey.Tpo .deps/libcfitsio_la-putkey.Plo
mv -f .deps/libcfitsio_la-getkey.Tpo .deps/libcfitsio_la-getkey.Plo
mv -f .deps/libcfitsio_la-getcolj.Tpo .deps/libcfitsio_la-getcolj.Plo
mv -f .deps/libcfitsio_la-getcoluj.Tpo .deps/libcfitsio_la-getcoluj.Plo
libtool: compile:  /share/home/apps/gcc/11.3.0/bin/gcc -m64 -DPACKAGE_NAME=\"cfitsio\" -DPACKAGE_TARNAME=\"cfitsio\" -DPACKAGE_VERSION=\"4.6.2\" "-DPACKAGE_STRING=\"cfitsio 4.6.2\"" -DPACKAGE_BUGREPORT=\"\" -DPACKAGE_URL=\"\" -DPACKAGE=\"cfitsio\" -DVERSION=\"4.6.2\" -DHAVE_STDIO_H=1 -DHAVE_STDLIB_H=1 -DHAVE_STRING_H=1 -DHAVE_INTTYPES_H=1 -DHAVE_STDINT_H=1 -DHAVE_STRINGS_H=1 -DHAVE_SYS_STAT_H=1 -DHAVE_SYS_TYPES_H=1 -DHAVE_UNISTD_H=1 -DSTDC_HEADERS=1 -DHAVE_DLFCN_H=1 -DLT_OBJDIR=\".libs/\" -DHAVE_STDLIB_H=1 -DHAVE_STRING_H=1 -DHAVE_MATH_H=1 -DHAVE_LIMITS_H=1 -D_LARGEFILE_SOURCE=1 -D_FILE_OFFSET_BITS=64 -DCFITSIO_HAVE_CURL=1 -DHAVE_LIBZ=1 -DHAVE_FTRUNCATE=1 -DHAVE_LONGLONG=1 -DHAVE_SHMEM_SERVICES=1 -DHAVE_FMEMOPEN=1 -DHAVE_NET_SERVICES=1 -I. -DPACKAGE_NAME=\"cfitsio\" -DPACKAGE_TARNAME=\"cfitsio\" -DPACKAGE_VERSION=\"4.6.2\" "-DPACKAGE_STRING=\"cfitsio 4.6.2\"" -DPACKAGE_BUGREPORT=\"\" -DPACKAGE_URL=\"\" -DPACKAGE=\"cfitsio\" -DVERSION=\"4.6.2\" -DHAVE_STDIO_H=1 -DHAVE_STDLIB_H=1 -DHAVE_STRING_H=1 -DHAVE_INTTYPES_H=1 -DHAVE_STDINT_H=1 -DHAVE_STRINGS_H=1 -DHAVE_SYS_STAT_H=1 -DHAVE_SYS_TYPES_H=1 -DHAVE_UNISTD_H=1 -DSTDC_HEADERS=1 -DHAVE_DLFCN_H=1 -DLT_OBJDIR=\".libs/\" -DHAVE_STDLIB_H=1 -DHAVE_STRING_H=1 -DHAVE_MATH_H=1 -DHAVE_LIMITS_H=1 -D_LARGEFILE_SOURCE=1 -D_FILE_OFFSET_BITS=64 -DCFITSIO_HAVE_CURL=1 -DHAVE_LIBZ=1 -DHAVE_FTRUNCATE=1 -DHAVE_LONGLONG=1 -DHAVE_SHMEM_SERVICES=1 -DHAVE_FMEMOPEN=1 -DHAVE_NET_SERVICES=1 -g -O2 -Dg77Fortran -MT libcfitsio_la-fitscore.lo -MD -MP -MF .deps/libcfitsio_la-fitscore.Tpo -c fitscore.c -o libcfitsio_la-fitscore.o >/dev/null 2>&1
libtool: compile:  /share/home/apps/gcc/11.3.0/bin/gcc -m64 -DPACKAGE_NAME=\"cfitsio\" -DPACKAGE_TARNAME=\"cfitsio\" -DPACKAGE_VERSION=\"4.6.2\" "-DPACKAGE_STRING=\"cfitsio 4.6.2\"" -DPACKAGE_BUGREPORT=\"\" -DPACKAGE_URL=\"\" -DPACKAGE=\"cfitsio\" -DVERSION=\"4.6.2\" -DHAVE_STDIO_H=1 -DHAVE_STDLIB_H=1 -DHAVE_STRING_H=1 -DHAVE_INTTYPES_H=1 -DHAVE_STDINT_H=1 -DHAVE_STRINGS_H=1 -DHAVE_SYS_STAT_H=1 -DHAVE_SYS_TYPES_H=1 -DHAVE_UNISTD_H=1 -DSTDC_HEADERS=1 -DHAVE_DLFCN_H=1 -DLT_OBJDIR=\".libs/\" -DHAVE_STDLIB_H=1 -DHAVE_STRING_H=1 -DHAVE_MATH_H=1 -DHAVE_LIMITS_H=1 -D_LARGEFILE_SOURCE=1 -D_FILE_OFFSET_BITS=64 -DCFITSIO_HAVE_CURL=1 -DHAVE_LIBZ=1 -DHAVE_FTRUNCATE=1 -DHAVE_LONGLONG=1 -DHAVE_SHMEM_SERVICES=1 -DHAVE_FMEMOPEN=1 -DHAVE_NET_SERVICES=1 -I. -DPACKAGE_NAME=\"cfitsio\" -DPACKAGE_TARNAME=\"cfitsio\" -DPACKAGE_VERSION=\"4.6.2\" "-DPACKAGE_STRING=\"cfitsio 4.6.2\"" -DPACKAGE_BUGREPORT=\"\" -DPACKAGE_URL=\"\" -DPACKAGE=\"cfitsio\" -DVERSION=\"4.6.2\" -DHAVE_STDIO_H=1 -DHAVE_STDLIB_H=1 -DHAVE_STRING_H=1 -DHAVE_INTTYPES_H=1 -DHAVE_STDINT_H=1 -DHAVE_STRINGS_H=1 -DHAVE_SYS_STAT_H=1 -DHAVE_SYS_TYPES_H=1 -DHAVE_UNISTD_H=1 -DSTDC_HEADERS=1 -DHAVE_DLFCN_H=1 -DLT_OBJDIR=\".libs/\" -DHAVE_STDLIB_H=1 -DHAVE_STRING_H=1 -DHAVE_MATH_H=1 -DHAVE_LIMITS_H=1 -D_LARGEFILE_SOURCE=1 -D_FILE_OFFSET_BITS=64 -DCFITSIO_HAVE_CURL=1 -DHAVE_LIBZ=1 -DHAVE_FTRUNCATE=1 -DHAVE_LONGLONG=1 -DHAVE_SHMEM_SERVICES=1 -DHAVE_FMEMOPEN=1 -DHAVE_NET_SERVICES=1 -g -O2 -Dg77Fortran -MT libcfitsio_la-f77_wrap2.lo -MD -MP -MF .deps/libcfitsio_la-f77_wrap2.Tpo -c f77_wrap2.c -o libcfitsio_la-f77_wrap2.o >/dev/null 2>&1
mv -f .deps/libcfitsio_la-group.Tpo .deps/libcfitsio_la-group.Plo
libtool: compile:  /share/home/apps/gcc/11.3.0/bin/gcc -m64 -DPACKAGE_NAME=\"cfitsio\" -DPACKAGE_TARNAME=\"cfitsio\" -DPACKAGE_VERSION=\"4.6.2\" "-DPACKAGE_STRING=\"cfitsio 4.6.2\"" -DPACKAGE_BUGREPORT=\"\" -DPACKAGE_URL=\"\" -DPACKAGE=\"cfitsio\" -DVERSION=\"4.6.2\" -DHAVE_STDIO_H=1 -DHAVE_STDLIB_H=1 -DHAVE_STRING_H=1 -DHAVE_INTTYPES_H=1 -DHAVE_STDINT_H=1 -DHAVE_STRINGS_H=1 -DHAVE_SYS_STAT_H=1 -DHAVE_SYS_TYPES_H=1 -DHAVE_UNISTD_H=1 -DSTDC_HEADERS=1 -DHAVE_DLFCN_H=1 -DLT_OBJDIR=\".libs/\" -DHAVE_STDLIB_H=1 -DHAVE_STRING_H=1 -DHAVE_MATH_H=1 -DHAVE_LIMITS_H=1 -D_LARGEFILE_SOURCE=1 -D_FILE_OFFSET_BITS=64 -DCFITSIO_HAVE_CURL=1 -DHAVE_LIBZ=1 -DHAVE_FTRUNCATE=1 -DHAVE_LONGLONG=1 -DHAVE_SHMEM_SERVICES=1 -DHAVE_FMEMOPEN=1 -DHAVE_NET_SERVICES=1 -I. -DPACKAGE_NAME=\"cfitsio\" -DPACKAGE_TARNAME=\"cfitsio\" -DPACKAGE_VERSION=\"4.6.2\" "-DPACKAGE_STRING=\"cfitsio 4.6.2\"" -DPACKAGE_BUGREPORT=\"\" -DPACKAGE_URL=\"\" -DPACKAGE=\"cfitsio\" -DVERSION=\"4.6.2\" -DHAVE_STDIO_H=1 -DHAVE_STDLIB_H=1 -DHAVE_STRING_H=1 -DHAVE_INTTYPES_H=1 -DHAVE_STDINT_H=1 -DHAVE_STRINGS_H=1 -DHAVE_SYS_STAT_H=1 -DHAVE_SYS_TYPES_H=1 -DHAVE_UNISTD_H=1 -DSTDC_HEADERS=1 -DHAVE_DLFCN_H=1 -DLT_OBJDIR=\".libs/\" -DHAVE_STDLIB_H=1 -DHAVE_STRING_H=1 -DHAVE_MATH_H=1 -DHAVE_LIMITS_H=1 -D_LARGEFILE_SOURCE=1 -D_FILE_OFFSET_BITS=64 -DCFITSIO_HAVE_CURL=1 -DHAVE_LIBZ=1 -DHAVE_FTRUNCATE=1 -DHAVE_LONGLONG=1 -DHAVE_SHMEM_SERVICES=1 -DHAVE_FMEMOPEN=1 -DHAVE_NET_SERVICES=1 -g -O2 -Dg77Fortran -MT libcfitsio_la-imcompress.lo -MD -MP -MF .deps/libcfitsio_la-imcompress.Tpo -c imcompress.c -o libcfitsio_la-imcompress.o >/dev/null 2>&1
mv -f .deps/libcfitsio_la-drvrnet.Tpo .deps/libcfitsio_la-drvrnet.Plo
libtool: compile:  /share/home/apps/gcc/11.3.0/bin/gcc -m64 -DPACKAGE_NAME=\"cfitsio\" -DPACKAGE_TARNAME=\"cfitsio\" -DPACKAGE_VERSION=\"4.6.2\" "-DPACKAGE_STRING=\"cfitsio 4.6.2\"" -DPACKAGE_BUGREPORT=\"\" -DPACKAGE_URL=\"\" -DPACKAGE=\"cfitsio\" -DVERSION=\"4.6.2\" -DHAVE_STDIO_H=1 -DHAVE_STDLIB_H=1 -DHAVE_STRING_H=1 -DHAVE_INTTYPES_H=1 -DHAVE_STDINT_H=1 -DHAVE_STRINGS_H=1 -DHAVE_SYS_STAT_H=1 -DHAVE_SYS_TYPES_H=1 -DHAVE_UNISTD_H=1 -DSTDC_HEADERS=1 -DHAVE_DLFCN_H=1 -DLT_OBJDIR=\".libs/\" -DHAVE_STDLIB_H=1 -DHAVE_STRING_H=1 -DHAVE_MATH_H=1 -DHAVE_LIMITS_H=1 -D_LARGEFILE_SOURCE=1 -D_FILE_OFFSET_BITS=64 -DCFITSIO_HAVE_CURL=1 -DHAVE_LIBZ=1 -DHAVE_FTRUNCATE=1 -DHAVE_LONGLONG=1 -DHAVE_SHMEM_SERVICES=1 -DHAVE_FMEMOPEN=1 -DHAVE_NET_SERVICES=1 -I. -DPACKAGE_NAME=\"cfitsio\" -DPACKAGE_TARNAME=\"cfitsio\" -DPACKAGE_VERSION=\"4.6.2\" "-DPACKAGE_STRING=\"cfitsio 4.6.2\"" -DPACKAGE_BUGREPORT=\"\" -DPACKAGE_URL=\"\" -DPACKAGE=\"cfitsio\" -DVERSION=\"4.6.2\" -DHAVE_STDIO_H=1 -DHAVE_STDLIB_H=1 -DHAVE_STRING_H=1 -DHAVE_INTTYPES_H=1 -DHAVE_STDINT_H=1 -DHAVE_STRINGS_H=1 -DHAVE_SYS_STAT_H=1 -DHAVE_SYS_TYPES_H=1 -DHAVE_UNISTD_H=1 -DSTDC_HEADERS=1 -DHAVE_DLFCN_H=1 -DLT_OBJDIR=\".libs/\" -DHAVE_STDLIB_H=1 -DHAVE_STRING_H=1 -DHAVE_MATH_H=1 -DHAVE_LIMITS_H=1 -D_LARGEFILE_SOURCE=1 -D_FILE_OFFSET_BITS=64 -DCFITSIO_HAVE_CURL=1 -DHAVE_LIBZ=1 -DHAVE_FTRUNCATE=1 -DHAVE_LONGLONG=1 -DHAVE_SHMEM_SERVICES=1 -DHAVE_FMEMOPEN=1 -DHAVE_NET_SERVICES=1 -g -O2 -Dg77Fortran -MT libcfitsio_la-eval_y.lo -MD -MP -MF .deps/libcfitsio_la-eval_y.Tpo -c eval_y.c -o libcfitsio_la-eval_y.o >/dev/null 2>&1
libtool: compile:  /share/home/apps/gcc/11.3.0/bin/gcc -m64 -DPACKAGE_NAME=\"cfitsio\" -DPACKAGE_TARNAME=\"cfitsio\" -DPACKAGE_VERSION=\"4.6.2\" "-DPACKAGE_STRING=\"cfitsio 4.6.2\"" -DPACKAGE_BUGREPORT=\"\" -DPACKAGE_URL=\"\" -DPACKAGE=\"cfitsio\" -DVERSION=\"4.6.2\" -DHAVE_STDIO_H=1 -DHAVE_STDLIB_H=1 -DHAVE_STRING_H=1 -DHAVE_INTTYPES_H=1 -DHAVE_STDINT_H=1 -DHAVE_STRINGS_H=1 -DHAVE_SYS_STAT_H=1 -DHAVE_SYS_TYPES_H=1 -DHAVE_UNISTD_H=1 -DSTDC_HEADERS=1 -DHAVE_DLFCN_H=1 -DLT_OBJDIR=\".libs/\" -DHAVE_STDLIB_H=1 -DHAVE_STRING_H=1 -DHAVE_MATH_H=1 -DHAVE_LIMITS_H=1 -D_LARGEFILE_SOURCE=1 -D_FILE_OFFSET_BITS=64 -DCFITSIO_HAVE_CURL=1 -DHAVE_LIBZ=1 -DHAVE_FTRUNCATE=1 -DHAVE_LONGLONG=1 -DHAVE_SHMEM_SERVICES=1 -DHAVE_FMEMOPEN=1 -DHAVE_NET_SERVICES=1 -I. -DPACKAGE_NAME=\"cfitsio\" -DPACKAGE_TARNAME=\"cfitsio\" -DPACKAGE_VERSION=\"4.6.2\" "-DPACKAGE_STRING=\"cfitsio 4.6.2\"" -DPACKAGE_BUGREPORT=\"\" -DPACKAGE_URL=\"\" -DPACKAGE=\"cfitsio\" -DVERSION=\"4.6.2\" -DHAVE_STDIO_H=1 -DHAVE_STDLIB_H=1 -DHAVE_STRING_H=1 -DHAVE_INTTYPES_H=1 -DHAVE_STDINT_H=1 -DHAVE_STRINGS_H=1 -DHAVE_SYS_STAT_H=1 -DHAVE_SYS_TYPES_H=1 -DHAVE_UNISTD_H=1 -DSTDC_HEADERS=1 -DHAVE_DLFCN_H=1 -DLT_OBJDIR=\".libs/\" -DHAVE_STDLIB_H=1 -DHAVE_STRING_H=1 -DHAVE_MATH_H=1 -DHAVE_LIMITS_H=1 -D_LARGEFILE_SOURCE=1 -D_FILE_OFFSET_BITS=64 -DCFITSIO_HAVE_CURL=1 -DHAVE_LIBZ=1 -DHAVE_FTRUNCATE=1 -DHAVE_LONGLONG=1 -DHAVE_SHMEM_SERVICES=1 -DHAVE_FMEMOPEN=1 -DHAVE_NET_SERVICES=1 -g -O2 -Dg77Fortran -MT libcfitsio_la-f77_wrap3.lo -MD -MP -MF .deps/libcfitsio_la-f77_wrap3.Tpo -c f77_wrap3.c -o libcfitsio_la-f77_wrap3.o >/dev/null 2>&1
mv -f .deps/libcfitsio_la-cfileio.Tpo .deps/libcfitsio_la-cfileio.Plo
mv -f .deps/libcfitsio_la-f77_wrap2.Tpo .deps/libcfitsio_la-f77_wrap2.Plo
mv -f .deps/libcfitsio_la-fitscore.Tpo .deps/libcfitsio_la-fitscore.Plo
mv -f .deps/libcfitsio_la-imcompress.Tpo .deps/libcfitsio_la-imcompress.Plo
mv -f .deps/libcfitsio_la-f77_wrap3.Tpo .deps/libcfitsio_la-f77_wrap3.Plo
mv -f .deps/libcfitsio_la-eval_y.Tpo .deps/libcfitsio_la-eval_y.Plo
/bin/sh ./libtool  --tag=CC   --mode=compile /share/home/apps/gcc/11.3.0/bin/gcc -m64 -DPACKAGE_NAME=\"cfitsio\" -DPACKAGE_TARNAME=\"cfitsio\" -DPACKAGE_VERSION=\"4.6.2\" -DPACKAGE_STRING=\"cfitsio\ 4.6.2\" -DPACKAGE_BUGREPORT=\"\" -DPACKAGE_URL=\"\" -DPACKAGE=\"cfitsio\" -DVERSION=\"4.6.2\" -DHAVE_STDIO_H=1 -DHAVE_STDLIB_H=1 -DHAVE_STRING_H=1 -DHAVE_INTTYPES_H=1 -DHAVE_STDINT_H=1 -DHAVE_STRINGS_H=1 -DHAVE_SYS_STAT_H=1 -DHAVE_SYS_TYPES_H=1 -DHAVE_UNISTD_H=1 -DSTDC_HEADERS=1 -DHAVE_DLFCN_H=1 -DLT_OBJDIR=\".libs/\" -DHAVE_STDLIB_H=1 -DHAVE_STRING_H=1 -DHAVE_MATH_H=1 -DHAVE_LIMITS_H=1 -D_LARGEFILE_SOURCE=1 -D_FILE_OFFSET_BITS=64 -DCFITSIO_HAVE_CURL=1 -DHAVE_LIBZ=1 -DHAVE_FTRUNCATE=1 -DHAVE_LONGLONG=1 -DHAVE_SHMEM_SERVICES=1 -DHAVE_FMEMOPEN=1 -DHAVE_NET_SERVICES=1 -I.     -DPACKAGE_NAME=\"cfitsio\" -DPACKAGE_TARNAME=\"cfitsio\" -DPACKAGE_VERSION=\"4.6.2\" -DPACKAGE_STRING=\"cfitsio\ 4.6.2\" -DPACKAGE_BUGREPORT=\"\" -DPACKAGE_URL=\"\" -DPACKAGE=\"cfitsio\" -DVERSION=\"4.6.2\" -DHAVE_STDIO_H=1 -DHAVE_STDLIB_H=1 -DHAVE_STRING_H=1 -DHAVE_INTTYPES_H=1 -DHAVE_STDINT_H=1 -DHAVE_STRINGS_H=1 -DHAVE_SYS_STAT_H=1 -DHAVE_SYS_TYPES_H=1 -DHAVE_UNISTD_H=1 -DSTDC_HEADERS=1 -DHAVE_DLFCN_H=1 -DLT_OBJDIR=\".libs/\" -DHAVE_STDLIB_H=1 -DHAVE_STRING_H=1 -DHAVE_MATH_H=1 -DHAVE_LIMITS_H=1 -D_LARGEFILE_SOURCE=1 -D_FILE_OFFSET_BITS=64 -DCFITSIO_HAVE_CURL=1 -DHAVE_LIBZ=1 -DHAVE_FTRUNCATE=1 -DHAVE_LONGLONG=1 -DHAVE_SHMEM_SERVICES=1 -DHAVE_FMEMOPEN=1 -DHAVE_NET_SERVICES=1 -g -O2 -Dg77Fortran -MT libcfitsio_la-getcole.lo -MD -MP -MF .deps/libcfitsio_la-getcole.Tpo -c -o libcfitsio_la-getcole.lo `test -f 'getcole.c' || echo './'`getcole.c
libtool: compile:  /share/home/apps/gcc/11.3.0/bin/gcc -m64 -DPACKAGE_NAME=\"cfitsio\" -DPACKAGE_TARNAME=\"cfitsio\" -DPACKAGE_VERSION=\"4.6.2\" "-DPACKAGE_STRING=\"cfitsio 4.6.2\"" -DPACKAGE_BUGREPORT=\"\" -DPACKAGE_URL=\"\" -DPACKAGE=\"cfitsio\" -DVERSION=\"4.6.2\" -DHAVE_STDIO_H=1 -DHAVE_STDLIB_H=1 -DHAVE_STRING_H=1 -DHAVE_INTTYPES_H=1 -DHAVE_STDINT_H=1 -DHAVE_STRINGS_H=1 -DHAVE_SYS_STAT_H=1 -DHAVE_SYS_TYPES_H=1 -DHAVE_UNISTD_H=1 -DSTDC_HEADERS=1 -DHAVE_DLFCN_H=1 -DLT_OBJDIR=\".libs/\" -DHAVE_STDLIB_H=1 -DHAVE_STRING_H=1 -DHAVE_MATH_H=1 -DHAVE_LIMITS_H=1 -D_LARGEFILE_SOURCE=1 -D_FILE_OFFSET_BITS=64 -DCFITSIO_HAVE_CURL=1 -DHAVE_LIBZ=1 -DHAVE_FTRUNCATE=1 -DHAVE_LONGLONG=1 -DHAVE_SHMEM_SERVICES=1 -DHAVE_FMEMOPEN=1 -DHAVE_NET_SERVICES=1 -I. -DPACKAGE_NAME=\"cfitsio\" -DPACKAGE_TARNAME=\"cfitsio\" -DPACKAGE_VERSION=\"4.6.2\" "-DPACKAGE_STRING=\"cfitsio 4.6.2\"" -DPACKAGE_BUGREPORT=\"\" -DPACKAGE_URL=\"\" -DPACKAGE=\"cfitsio\" -DVERSION=\"4.6.2\" -DHAVE_STDIO_H=1 -DHAVE_STDLIB_H=1 -DHAVE_STRING_H=1 -DHAVE_INTTYPES_H=1 -DHAVE_STDINT_H=1 -DHAVE_STRINGS_H=1 -DHAVE_SYS_STAT_H=1 -DHAVE_SYS_TYPES_H=1 -DHAVE_UNISTD_H=1 -DSTDC_HEADERS=1 -DHAVE_DLFCN_H=1 -DLT_OBJDIR=\".libs/\" -DHAVE_STDLIB_H=1 -DHAVE_STRING_H=1 -DHAVE_MATH_H=1 -DHAVE_LIMITS_H=1 -D_LARGEFILE_SOURCE=1 -D_FILE_OFFSET_BITS=64 -DCFITSIO_HAVE_CURL=1 -DHAVE_LIBZ=1 -DHAVE_FTRUNCATE=1 -DHAVE_LONGLONG=1 -DHAVE_SHMEM_SERVICES=1 -DHAVE_FMEMOPEN=1 -DHAVE_NET_SERVICES=1 -g -O2 -Dg77Fortran -MT libcfitsio_la-getcole.lo -MD -MP -MF .deps/libcfitsio_la-getcole.Tpo -c getcole.c  -fPIC -DPIC -o .libs/libcfitsio_la-getcole.o

err: make: Warning: File `conftest.mk' has modification time 110 s in the future
make: warning:  Clock skew detected.  Your build may be incomplete.
make: Warning: File `conftest.mk' has modification time 110 s in the future
make: warning:  Clock skew detected.  Your build may be incomplete.
make: Warning: File `conftest.mk' has modification time 110 s in the future
make: warning:  Clock skew detected.  Your build may be incomplete.
make: Warning: File `utilities/.deps/testprog.Po' has modification time 107 s in the future
make: warning:  Clock skew detected.  Your build may be incomplete.
make: Warning: File `utilities/.deps/testprog.Po' has modification time 107 s in the future
putkey.c: In function 'fits_make_longstr_key_util':
putkey.c:439:10: warning: assignment discards 'const' qualifier from pointer target type [-Wdiscarded-qualifiers]
  439 |     cptr = keyname;
      |          ^
quantize.c: In function 'FnNoise5_float':
getcole.c: In function 'fffr8r4':
quantize.c:1609:25: error: 'FLT_MAX' undeclared (first use in this function)
 1609 |         float xminval = FLT_MAX, xmaxval = -FLT_MAX;
      |                         ^~~~~~~
quantize.c:13:1: note: 'FLT_MAX' is defined in header '<float.h>'; did you forget to '#include <float.h>'?
   12 | #include "fitsio2.h"
  +++ |+#include <float.h>
   13 | 
getcole.c:1498:34: error: 'FLT_MAX' undeclared (first use in this function)
 1498 |                 if (input[ii] < -FLT_MAX)
      |                                  ^~~~~~~
getcole.c:14:1: note: 'FLT_MAX' is defined in header '<float.h>'; did you forget to '#include <float.h>'?
   13 | #include "fitsio2.h"
  +++ |+#include <float.h>
   14 | 
quantize.c:1609:25: note: each undeclared identifier is reported only once for each function it appears in
 1609 |         float xminval = FLT_MAX, xmaxval = -FLT_MAX;
      |                         ^~~~~~~
getcole.c:1498:34: note: each undeclared identifier is reported only once for each function it appears in
 1498 |                 if (input[ii] < -FLT_MAX)
      |                                  ^~~~~~~
quantize.c: In function 'FnNoise5_double':
quantize.c:1955:26: error: 'DBL_MAX' undeclared (first use in this function)
 1955 |         double xminval = DBL_MAX, xmaxval = -DBL_MAX;
      |                          ^~~~~~~
quantize.c:1955:26: note: 'DBL_MAX' is defined in header '<float.h>'; did you forget to '#include <float.h>'?
quantize.c: In function 'FnNoise3_float':
quantize.c:2731:25: error: 'FLT_MAX' undeclared (first use in this function)
 2731 |         float xminval = FLT_MAX, xmaxval = -FLT_MAX;
      |                         ^~~~~~~
quantize.c:2731:25: note: 'FLT_MAX' is defined in header '<float.h>'; did you forget to '#include <float.h>'?
quantize.c: In function 'FnNoise3_double':
quantize.c:2946:26: error: 'DBL_MAX' undeclared (first use in this function)
 2946 |         double xminval = DBL_MAX, xmaxval = -DBL_MAX;
      |                          ^~~~~~~
quantize.c:2946:26: note: 'DBL_MAX' is defined in header '<float.h>'; did you forget to '#include <float.h>'?
make: *** [libcfitsio_la-getcole.lo] Error 1
make: *** Waiting for unfinished jobs....
make: *** [libcfitsio_la-quantize.lo] Error 1
make: Warning: File `utilities/.deps/testprog.Po' has modification time 104 s in the future
make: *** No rule to make target `shared'.  Stop.
make: Warning: File `utilities/.deps/testprog.Po' has modification time 104 s in the future
getcole.c: In function 'fffr8r4':
getcole.c:1498:34: error: 'FLT_MAX' undeclared (first use in this function)
 1498 |                 if (input[ii] < -FLT_MAX)
      |                                  ^~~~~~~
getcole.c:14:1: note: 'FLT_MAX' is defined in header '<float.h>'; did you forget to '#include <float.h>'?
   13 | #include "fitsio2.h"
  +++ |+#include <float.h>
   14 | 
getcole.c:1498:34: note: each undeclared identifier is reported only once for each function it appears in
 1498 |                 if (input[ii] < -FLT_MAX)
      |                                  ^~~~~~~
make: *** [libcfitsio_la-getcole.lo] Error 1

